State,District,Market,Commodity,Variety,Grade,Arrival_Date,Min_x0020_Price,Max_x0020_Price,Modal_x0020_Price
"Andhra Pradesh",Prakasam,"Santhamaguluru APMC",Paddy(Common),"B P T",Local,26/07/2026,2400,2450,2430
"Andhra Pradesh",Prakasam,"Maddipadu APMC",Paddy(Common),Paddy,FAQ,26/07/2026,2500,2500,2500
"Andhra Pradesh",Prakasam,"Maddipadu APMC","Bengal Gram(Gram)(Whole)",Gulabi,FAQ,26/07/2026,6000,6000,6000
Keralam,Kozhikode(Calicut),"Mukkom Market",Beetroot,Beetroot,FAQ,26/07/2026,3800,4200,4000
Keralam,Kozhikode(Calicut),"Mukkom Market","Bhindi(Ladies Finger)",Bhindi,FAQ,26/07/2026,4200,4600,4400
Keralam,Kozhikode(Calicut),"Mukkom Market",Carrot,Carrot,FAQ,26/07/2026,6200,6500,6300
Keralam,Kozhikode(Calicut),"Mukkom Market","Bitter gourd","Bitter Gourd",FAQ,26/07/2026,6200,6500,6400
Keralam,Kozhikode(Calicut),"Mukkom Market","Green Chilli","Green Chilly",FAQ,26/07/2026,5000,5500,5200
Telangana,Hyderabad,"RYTHU BAZAR FALAKNUMA","Green Chilli","Green Chilly","Grade B",26/07/2026,3500,3500,3500
Telangana,Hyderabad,"RYTHU BAZAR FALAKNUMA",Tomato,Tomato,Local,26/07/2026,1700,1700,1700
Telangana,Hyderabad,"RYTHU BAZAR FALAKNUMA","Leafy Vegetable","Leafy Vegetables","Grade A",26/07/2026,3000,3000,3000
Telangana,Hyderabad,"RYTHU BAZAR FALAKNUMA",Cucumbar(Kheera),Cucumbar,"Grade B",26/07/2026,1800,1800,1800
Keralam,Kollam,"Anchal Market",Pineapple,Other,Local,26/07/2026,6300,6300,6300
Keralam,Kollam,"Anchal Market",Ashgourd,Ashgourd,Local,26/07/2026,6500,6500,6500
Keralam,Kollam,"Anchal Market",Onion,Small,Local,26/07/2026,3800,3800,3800
Keralam,Kollam,"Anchal Market",Potato,Potato,Local,26/07/2026,4200,4200,4200
Keralam,Kollam,"Anchal Market",Tomato,Tomato,Local,26/07/2026,3800,3800,3800
Rajasthan,Jalore,"Jalore APMC",Lemon,Other,Local,26/07/2026,1500,1800,1700
Rajasthan,Jalore,"Jalore APMC",Ginger(Green),Other,Local,26/07/2026,4000,4500,4300
Keralam,Kottayam,"Ettumanoor Market",Ashgourd,Ashgourd,FAQ,26/07/2026,2000,2400,2200
Keralam,Kottayam,"Ettumanoor Market",Carrot,Carrot,FAQ,26/07/2026,7000,7400,7200
Keralam,Kottayam,"Ettumanoor Market",Cucumbar(Kheera),Cucumbar,FAQ,26/07/2026,2000,2200,2100
"Tamil Nadu",Thanjavur,"Tirukattupalli(Uzhavar Sandhai )",Brinjal,Round,Local,26/07/2026,4000,5000,4500
"Tamil Nadu",Thanjavur,"Tirukattupalli(Uzhavar Sandhai )","Bottle gourd","Bottle Gourd",Local,26/07/2026,6000,6000,6000
"Tamil Nadu",Thanjavur,"Tirukattupalli(Uzhavar Sandhai )",Ashgourd,Gouard,Local,26/07/2026,2400,2400,2400
"Tamil Nadu",Thiruchirappalli,"Thuraiyur APMC",Carrot,Pusakesar,Local,26/07/2026,9600,11500,10550
"Tamil Nadu",Thiruchirappalli,"Thuraiyur APMC","Green Avare(W)","Green Avare (W)",Local,26/07/2026,5500,6500,6000
"Tamil Nadu",Thiruchirappalli,"Thuraiyur APMC","Elephant Yam(Suran)/Amorphophallus","Elephant Yam (Suran)",Local,26/07/2026,4000,4500,4250
"Tamil Nadu",Thiruchirappalli,"Thuraiyur APMC",Lemon,Lemon,Local,26/07/2026,5000,6000,5500
"Tamil Nadu",Villupuram,"Tindivanam APMC",Potato,"Red Nanital",Local,26/07/2026,3600,3600,3600
"Tamil Nadu",Villupuram,"Tindivanam APMC",Mango,Safeda,Local,26/07/2026,5000,5000,5000
"Tamil Nadu",Villupuram,"Tindivanam APMC",Coriander(Leaves),"I Sort",Local,26/07/2026,6000,6000,6000
"Tamil Nadu",Villupuram,"Tindivanam APMC","Water Melon","Water Melon",Local,26/07/2026,2000,2000,2000
"Tamil Nadu",Villupuram,"Tindivanam APMC",Amaranthus,Amaranthus,Local,26/07/2026,4000,4000,4000
"Tamil Nadu",Villupuram,"Tindivanam APMC",Ginger(Green),"Green Ginger",Local,26/07/2026,13000,13000,13000
"Tamil Nadu",Villupuram,"Tindivanam APMC",Thondekai,Thondekai,Local,26/07/2026,3500,3500,3500
"Tamil Nadu",Villupuram,"Tindivanam APMC","Green Avare(W)","Green Avare (W)",Local,26/07/2026,7000,7000,7000
"Tamil Nadu",Villupuram,"Tindivanam APMC",Drumstick,Drumstick,Local,26/07/2026,4500,4500,4500
"Tamil Nadu",Villupuram,"Tindivanam APMC",Yam(Ratalu),"Yam (Ratalu)",Local,26/07/2026,6000,6000,6000
"Tamil Nadu",Villupuram,"Tindivanam APMC",Rose(Local),"Rose (Local)",Local,26/07/2026,30000,30000,30000
"Tamil Nadu",Villupuram,"Ulundurpettai APMC",Onion,Bellary,Local,26/07/2026,4000,4000,4000
"Tamil Nadu",Villupuram,"Ulundurpettai APMC",Pumpkin,Pumpkin,Local,26/07/2026,2500,2500,2500
"Tamil Nadu",Villupuram,"Ulundurpettai APMC","Bhindi(Ladies Finger)",Bhindi,Local,26/07/2026,3000,3000,3000
Maharashtra,"Chattrapati Sambhajinagar","Chattrapati Sambhajinagar APMC","Karbuja(Musk Melon)",Other,Local,26/07/2026,1000,1500,1250
Maharashtra,"Chattrapati Sambhajinagar","Chattrapati Sambhajinagar APMC",Cabbage,Other,Local,26/07/2026,1100,1600,1350
Maharashtra,"Chattrapati Sambhajinagar","Chattrapati Sambhajinagar APMC",Garlic,Other,Local,26/07/2026,9000,20000,14500
Maharashtra,Pune,"Pune APMC",Pineapple,Other,Local,26/07/2026,1600,2600,2100
Maharashtra,Pune,"Pune APMC",Pomegranate,Other,Local,26/07/2026,1000,10000,5500
Maharashtra,Pune,"Pune APMC",Lime,Other,Local,26/07/2026,500,2100,1300
Maharashtra,Pune,"Pune APMC",Orange,Other,Local,26/07/2026,4000,10000,7000
Maharashtra,Pune,"Pune APMC","Bhindi(Ladies Finger)",Other,Local,26/07/2026,1600,3500,2550
Maharashtra,Pune,"Pune APMC",Onion,Local,Local,26/07/2026,900,2600,1750
Maharashtra,Pune,"Pune APMC",Garlic,Other,Local,26/07/2026,7000,26000,16500
Maharashtra,Pune,"Pune APMC","Chilly Capsicum",Other,Local,26/07/2026,2000,4000,3000
Maharashtra,Pune,"Pune APMC",Brinjal,Other,Local,26/07/2026,1000,3000,2000
Maharashtra,Pune,"Pune(Moshi) APMC",Beetroot,Other,Local,26/07/2026,3000,3000,3000
Maharashtra,Pune,"Pune(Moshi) APMC",Methi(Leaves),Other,Local,26/07/2026,10,15,13
Maharashtra,Pune,"Pune(Moshi) APMC",Mint(Pudina),Other,Local,26/07/2026,5,10,8
Maharashtra,Pune,"Pune(Moshi) APMC","Peas Wet",Other,Local,26/07/2026,15000,15000,15000
Maharashtra,Pune,"Pune(Moshi) APMC",Mango(Raw-Ripe),Other,Local,26/07/2026,3000,3000,3000
"Uttar Pradesh",Badaun,"Babrala APMC",Potato,Desi,Medium,26/07/2026,530,550,540
"Uttar Pradesh",Lakhimpur,"Golagokarnath APMC",Paddy(Common),Common,FAQ,26/07/2026,1800,1900,1888.03
"Uttar Pradesh","Bhadohi(Sant Ravi Nagar)","Gopiganj APMC",Paddy(Common),Common,FAQ,26/07/2026,2500,2500,2500
"Uttar Pradesh",Hamirpur,"Maudaha APMC","Gram Raw(Chholia)",Other,FAQ,26/07/2026,5350,5350,5350
"Uttar Pradesh",Hamirpur,"Maudaha APMC",Wheat,Dara,FAQ,26/07/2026,2500,2500,2500
"Uttar Pradesh",Hamirpur,"Maudaha APMC",Wheat,Deshi,FAQ,26/07/2026,2330,2330,2330
Karnataka,Chitradurga,"Hiriyur APMC",Coconut,Small,Small,26/07/2026,18000,18000,18000
Gujarat,"Chhota Udaipur","Kalediya APMC",Cotton,"Shanker 6 (B) 30mm FIne",FAQ,26/07/2026,7900,8300,8100
Gujarat,Amreli,"Damnagar APMC",Lemon,Lemon,Local,26/07/2026,3000,3000,3000
Gujarat,Amreli,"Damnagar APMC",Cauliflower,Cauliflower,Local,26/07/2026,4500,4500,4500
Gujarat,Amreli,"Damnagar APMC",Tomato,Local,Local,26/07/2026,3500,3500,3500
Gujarat,Rajkot,"Gondal(Veg.market Gondal) APMC",Brinjal,Brinjal,Local,26/07/2026,150,1200,675
Gujarat,Rajkot,"Gondal(Veg.market Gondal) APMC",Carrot,Carrot,Local,26/07/2026,900,3000,1950
Gujarat,Rajkot,"Gondal(Veg.market Gondal) APMC","Green Chilli","Green Chilly",Local,26/07/2026,1000,8000,4500
Gujarat,Rajkot,"Gondal(Veg.market Gondal) APMC",Lemon,Other,Local,26/07/2026,1000,4500,2750
"Tamil Nadu",Madurai,"Chokkikulam(Uzhavar Sandhai )",Onion,Bellary,Local,26/07/2026,3800,4000,3900
"Tamil Nadu",Madurai,"Chokkikulam(Uzhavar Sandhai )",Groundnut,"Big (With Shell)",Local,26/07/2026,6000,7000,6500
"Tamil Nadu",Madurai,"Chokkikulam(Uzhavar Sandhai )",Mango,Safeda,Local,26/07/2026,4000,7000,5500
"Tamil Nadu",Madurai,"Chokkikulam(Uzhavar Sandhai )",Cauliflower,Ranchi,Local,26/07/2026,2500,2800,2650
"Tamil Nadu",Madurai,"Chokkikulam(Uzhavar Sandhai )",Papaya,Papaya,Local,26/07/2026,4000,4500,4250
"Tamil Nadu",Madurai,"Chokkikulam(Uzhavar Sandhai )",Tomato,Deshi,Local,26/07/2026,2000,2400,2200
"Tamil Nadu",Madurai,"Chokkikulam(Uzhavar Sandhai )","Bitter gourd","Bitter Gourd",Local,26/07/2026,6000,7000,6500
"Tamil Nadu",Madurai,"Chokkikulam(Uzhavar Sandhai )",Beans,"Beans (Whole)",Local,26/07/2026,8000,9000,8500
"Tamil Nadu",Madurai,"Chokkikulam(Uzhavar Sandhai )",Tapioca,Tapioca,Local,26/07/2026,3000,4000,3500
"Tamil Nadu",Madurai,"Chokkikulam(Uzhavar Sandhai )",Coconut,Coconut,Local,26/07/2026,5800,6000,5900
"Tamil Nadu",Madurai,"Chokkikulam(Uzhavar Sandhai )","Sweet Potato","Hosur Red",Local,26/07/2026,3600,4000,3800
"Tamil Nadu",Madurai,"Chokkikulam(Uzhavar Sandhai )",Snakeguard,Snakeguard,Local,26/07/2026,3600,4000,3800
"Tamil Nadu",Madurai,"Chokkikulam(Uzhavar Sandhai )",Cucumbar(Kheera),Cucumbar,Local,26/07/2026,6000,10000,8000
"Tamil Nadu",Madurai,"Chokkikulam(Uzhavar Sandhai )",Ridgeguard(Tori),Ridgeguard(Tori),Local,26/07/2026,4000,6500,5250
"Tamil Nadu",Madurai,"Chokkikulam(Uzhavar Sandhai )","Knool Khol","Knool Khol",Local,26/07/2026,5500,6000,5750
"Tamil Nadu",Madurai,"Chokkikulam(Uzhavar Sandhai )",Lime,Lime,Local,26/07/2026,14000,15000,14500
"Tamil Nadu",Madurai,"Chokkikulam(Uzhavar Sandhai )",Pomegranate,Pomogranate,Local,26/07/2026,24000,28000,26000
"Tamil Nadu",Madurai,"Chokkikulam(Uzhavar Sandhai )",Yam(Ratalu),"Yam (Ratalu)",Local,26/07/2026,7000,8000,7500
Karnataka,Vijayanagara,"H.B. Halli APMC",Cowpea(Lobia/Karamani),"Cowpea (Whole)",Large,26/07/2026,7800,8700,8200
Karnataka,Vijayanagara,"H.B. Halli APMC","Ragi(Finger Millet)","Feeds (Poultry Quality)",FAQ,26/07/2026,3200,3380,3380
"Uttar Pradesh",Saharanpur,"Saharanpur APMC",Onion,Other,FAQ,26/07/2026,1600,1600,1600
Telangana,Warangal,"Warangal APMC","Bhindi(Ladies Finger)",Bhindi,FAQ,26/07/2026,800,1000,900
Telangana,Warangal,"Warangal APMC",Cauliflower,Cauliflower,FAQ,26/07/2026,3500,4000,3750
Telangana,Warangal,"Warangal APMC",Cabbage,Cabbage,FAQ,26/07/2026,2000,2400,2200
Telangana,Warangal,"Warangal APMC","Field Pea","Field Pea",FAQ,26/07/2026,5000,5500,5250
Telangana,Warangal,"Warangal APMC",Potato,Potato,FAQ,26/07/2026,1500,2000,1750
"Andhra Pradesh",Prakasam,"Addanki APMC","Bengal Gram(Gram)(Whole)",Gulabi,Local,26/07/2026,6000,6050,6030
"Andhra Pradesh",Tirupathi,"Srikalahasti APMC",Groundnut,Local,Local,26/07/2026,6700,6700,6700
Keralam,Thirssur,"Pariyaram VFPCK Market",Banana,"Nendra Bale","Grade A",26/07/2026,4000,4400,4200
"Uttar Pradesh",Saharanpur,"Deoband APMC",Wood,Eucalyptus,FAQ,26/07/2026,300,300,300
"Uttar Pradesh",Etawah,"Etawah APMC",Tomato,Other,FAQ,26/07/2026,1800,1800,1800
"Uttar Pradesh",Agra,"Jarar APMC",Potato,Other,FAQ,26/07/2026,500,500,500
"Uttar Pradesh",Varanasi,"Varanasi APMC",Onion,Other,FAQ,26/07/2026,1750,1900,1884.27
Uttarakhand,Haridwar,"Roorkee APMC",Mango,Other,Local,26/07/2026,1200,1800,1500
Uttarakhand,Haridwar,"Roorkee APMC","Bhindi(Ladies Finger)",Other,Local,26/07/2026,1100,1500,1300
Odisha,Sonepur,"Dungurapalli APMC",Cabbage,Cabbage,Local,26/07/2026,3500,4000,3800
Odisha,Sonepur,"Dungurapalli APMC","Pointed gourd(Parval)",Other,Local,26/07/2026,4500,4680,4650
"Tamil Nadu",Cuddalore,"Viruthachalam(Uzhavar Sandhai )",Brinjal,Round,Local,26/07/2026,5000,6000,5500
"Tamil Nadu",Cuddalore,"Viruthachalam(Uzhavar Sandhai )",Papaya,Papaya,Local,26/07/2026,4000,4500,4250
"Tamil Nadu",Cuddalore,"Viruthachalam(Uzhavar Sandhai )",Amaranthus,Amaranthus,Local,26/07/2026,2000,2500,2250
"Tamil Nadu",Cuddalore,"Viruthachalam(Uzhavar Sandhai )","Green Chilli","Green Chilly",Local,26/07/2026,4000,4000,4000
"Tamil Nadu",Cuddalore,"Viruthachalam(Uzhavar Sandhai )",Snakeguard,Snakeguard,Local,26/07/2026,3000,3000,3000
"Tamil Nadu",Cuddalore,"Viruthachalam(Uzhavar Sandhai )",Beetroot,Beetroot,Local,26/07/2026,6000,6000,6000
"Tamil Nadu",Cuddalore,"Viruthachalam(Uzhavar Sandhai )","Green Avare(W)","Green Avare (W)",Local,26/07/2026,8000,14000,11000
"Tamil Nadu",Dharmapuri,"Dharmapuri(Uzhavar Sandhai )",Onion,Bellary,Local,26/07/2026,3600,3800,3700
"Tamil Nadu",Dharmapuri,"Dharmapuri(Uzhavar Sandhai )",Potato,"Red Nanital",Local,26/07/2026,2800,3000,2900
"Tamil Nadu",Dharmapuri,"Dharmapuri(Uzhavar Sandhai )",Coriander(Leaves),"I Sort",Local,26/07/2026,7500,8000,7750
"Tamil Nadu",Dharmapuri,"Dharmapuri(Uzhavar Sandhai )",Papaya,Papaya,Local,26/07/2026,3300,3500,3400
"Tamil Nadu",Dharmapuri,"Dharmapuri(Uzhavar Sandhai )","Bhindi(Ladies Finger)",Bhindi,Local,26/07/2026,1700,1800,1750
"Tamil Nadu",Dharmapuri,"Dharmapuri(Uzhavar Sandhai )",Tapioca,Tapioca,Local,26/07/2026,1800,2000,1900
"Tamil Nadu",Dharmapuri,"Dharmapuri(Uzhavar Sandhai )",Coconut,Coconut,Local,26/07/2026,6500,7000,6750
"Tamil Nadu",Dharmapuri,"Dharmapuri(Uzhavar Sandhai )",Raddish,Raddish,Local,26/07/2026,1800,2000,1900
"Tamil Nadu",Dharmapuri,"Dharmapuri(Uzhavar Sandhai )",Thondekai,Thondekai,Local,26/07/2026,4500,4800,4650
"Tamil Nadu",Dharmapuri,"Dharmapuri(Uzhavar Sandhai )",Mango(Raw-Ripe),"Mango - Raw-Ripe",Local,26/07/2026,2800,3000,2900
"Tamil Nadu",Dharmapuri,"Dharmapuri(Uzhavar Sandhai )",Guava,"Guava Allahabad",Local,26/07/2026,6200,6500,6350
"Tamil Nadu",Dharmapuri,"Dharmapuri(Uzhavar Sandhai )","Indian Beans(Seam)","Indian Beans (Seam)",Local,26/07/2026,5500,6000,5750
"Tamil Nadu",Dharmapuri,"Dharmapuri(Uzhavar Sandhai )",Colacasia,Colacasia,Local,26/07/2026,6300,6600,6450
"Tamil Nadu",Dharmapuri,"Dharmapuri(Uzhavar Sandhai )",Mashrooms,Mashrooms,Local,26/07/2026,13000,14000,13500
"Tamil Nadu",Dharmapuri,"Palacode(Uzhavar Sandhai )",Garlic,Garlic,Local,26/07/2026,17500,18000,17750
"Tamil Nadu",Dharmapuri,"Palacode(Uzhavar Sandhai )",Tomato,Local,Local,26/07/2026,1400,1600,1500
"Tamil Nadu",Dharmapuri,"Palacode(Uzhavar Sandhai )","Bhindi(Ladies Finger)",Bhindi,Local,26/07/2026,2200,2500,2350
"Tamil Nadu",Dharmapuri,"Palacode(Uzhavar Sandhai )",Ginger(Green),"Green Ginger",Local,26/07/2026,23200,23600,23400
"Tamil Nadu",Dharmapuri,"Palacode(Uzhavar Sandhai )",Snakeguard,Snakeguard,Local,26/07/2026,2800,3000,2900
"Tamil Nadu",Dharmapuri,"Palacode(Uzhavar Sandhai )",Raddish,Raddish,Local,26/07/2026,2200,2400,2300
"Tamil Nadu",Dharmapuri,"Palacode(Uzhavar Sandhai )","Green Avare(W)","Green Avare (W)",Local,26/07/2026,5000,5500,5250
"Tamil Nadu",Dharmapuri,"Palacode(Uzhavar Sandhai )",Lemon,Lemon,Local,26/07/2026,8500,9000,8750
"Tamil Nadu",Dharmapuri,"Palacode(Uzhavar Sandhai )","Sweet Corn ","Sweet Corn ",Local,26/07/2026,2800,3000,2900
"Tamil Nadu",Dharmapuri,"Pennagaram(Uzhavar Sandhai )",Onion,Bellary,Local,26/07/2026,3700,4000,3850
"Tamil Nadu",Dharmapuri,"Pennagaram(Uzhavar Sandhai )",Papaya,Papaya,Local,26/07/2026,2800,3000,2900
"Tamil Nadu",Dharmapuri,"Pennagaram(Uzhavar Sandhai )",Beans,"Beans (Whole)",Local,26/07/2026,7500,8000,7750
"Tamil Nadu",Dharmapuri,"Pennagaram(Uzhavar Sandhai )",Ridgeguard(Tori),Ridgeguard(Tori),Local,26/07/2026,3700,4000,3850
"Tamil Nadu",Dharmapuri,"Pennagaram(Uzhavar Sandhai )","Knool Khol","Knool Khol",Local,26/07/2026,4600,5000,4800
"Tamil Nadu",Dharmapuri,"Pennagaram(Uzhavar Sandhai )","Onion Green","Onion Green",Local,26/07/2026,5200,5500,5350
"Tamil Nadu",Dharmapuri,"Pennagaram(Uzhavar Sandhai )","Sweet Corn ","Sweet Corn ",Local,26/07/2026,2800,3000,2900
"Tamil Nadu",Dindigul,"Chinnalapatti(Uzhavar Sandhai )",Brinjal,Other,Local,26/07/2026,5000,6000,5500
"Tamil Nadu",Dindigul,"Chinnalapatti(Uzhavar Sandhai )",Coriander(Leaves),"I Sort",Local,26/07/2026,5500,6000,5750
"Tamil Nadu",Dindigul,"Chinnalapatti(Uzhavar Sandhai )",Tomato,Deshi,Local,26/07/2026,2000,2400,2200
"Tamil Nadu",Dindigul,"Chinnalapatti(Uzhavar Sandhai )","Cluster beans","Cluster Beans",Local,26/07/2026,4000,4600,4300
"Tamil Nadu",Dindigul,"Chinnalapatti(Uzhavar Sandhai )","Bitter gourd",Other,Local,26/07/2026,6000,7000,6500
"Tamil Nadu",Dindigul,"Chinnalapatti(Uzhavar Sandhai )",Pumpkin,Pumpkin,Local,26/07/2026,2000,2500,2250
"Tamil Nadu",Dindigul,"Chinnalapatti(Uzhavar Sandhai )","Banana - Green","Banana - Green",Local,26/07/2026,3000,3600,3300
"Tamil Nadu",Dindigul,"Chinnalapatti(Uzhavar Sandhai )",Beans,"Beans (Whole)",Local,26/07/2026,7000,8000,7500
"Tamil Nadu",Dindigul,"Chinnalapatti(Uzhavar Sandhai )",Snakeguard,Snakeguard,Local,26/07/2026,4000,5000,4500
"Tamil Nadu",Dindigul,"Chinnalapatti(Uzhavar Sandhai )",Thondekai,Thondekai,Local,26/07/2026,4000,5000,4500
"Tamil Nadu",Dindigul,"Chinnalapatti(Uzhavar Sandhai )",Mango(Raw-Ripe),"Mango - Raw-Ripe",Local,26/07/2026,4000,5000,4500
"Tamil Nadu",Dindigul,"Dindigul(Uzhavar Sandhai )",Potato,"Red Nanital",Local,26/07/2026,3000,4000,3500
"Tamil Nadu",Dindigul,"Dindigul(Uzhavar Sandhai )",Garlic,Garlic,Local,26/07/2026,15000,25000,20000
"Tamil Nadu",Dindigul,"Dindigul(Uzhavar Sandhai )",Mango,Safeda,Local,26/07/2026,4000,5000,4500
"Tamil Nadu",Dindigul,"Dindigul(Uzhavar Sandhai )","Green Peas","Green Peas",Local,26/07/2026,12000,14000,13000
"Tamil Nadu",Dindigul,"Dindigul(Uzhavar Sandhai )",Tomato,Deshi,Local,26/07/2026,2000,2400,2200
"Tamil Nadu",Dindigul,"Dindigul(Uzhavar Sandhai )","Green Chilli","Green Chilly",Local,26/07/2026,5000,6000,5500
"Tamil Nadu",Dindigul,"Dindigul(Uzhavar Sandhai )","Banana - Green","Banana - Green",Local,26/07/2026,1800,2000,1900
"Tamil Nadu",Dindigul,"Dindigul(Uzhavar Sandhai )",Beetroot,Beetroot,Local,26/07/2026,4000,8000,6000
"Tamil Nadu",Dindigul,"Dindigul(Uzhavar Sandhai )",Thondekai,Thondekai,Local,26/07/2026,4000,5000,4500
"Tamil Nadu",Dindigul,"Dindigul(Uzhavar Sandhai )","Chow Chow","Chow Chow",Local,26/07/2026,3000,3400,3200
"Tamil Nadu",Dindigul,"Dindigul(Uzhavar Sandhai )",Lime,Lime,Local,26/07/2026,12000,15000,13500
"Tamil Nadu",Dindigul,"Dindigul(Uzhavar Sandhai )","Elephant Yam(Suran)/Amorphophallus","Elephant Yam (Suran)",Local,26/07/2026,4000,5000,4500
"Tamil Nadu",Dindigul,"Dindigul(Uzhavar Sandhai )",Yam(Ratalu),"Yam (Ratalu)",Local,26/07/2026,8000,10000,9000
"Tamil Nadu",Erode,"Periyar Nagar(Uzhavar Sandhai )",Banana,Besrai,Local,26/07/2026,2200,2600,2400
"Tamil Nadu",Erode,"Periyar Nagar(Uzhavar Sandhai )",Mango,Neelam,Local,26/07/2026,5500,6000,5750
"Tamil Nadu",Erode,"Periyar Nagar(Uzhavar Sandhai )","Cluster beans","Cluster Beans",Local,26/07/2026,3000,3500,3250
"Tamil Nadu",Erode,"Periyar Nagar(Uzhavar Sandhai )","Bhindi(Ladies Finger)",Bhindi,Local,26/07/2026,2600,3000,2800
"Tamil Nadu",Erode,"Periyar Nagar(Uzhavar Sandhai )","Sweet Potato","Hosur Red",Local,26/07/2026,3600,4000,3800
"Tamil Nadu",Erode,"Periyar Nagar(Uzhavar Sandhai )",Raddish,Raddish,Local,26/07/2026,2600,3000,2800
"Tamil Nadu",Erode,"Periyar Nagar(Uzhavar Sandhai )",Drumstick,Drumstick,Local,26/07/2026,5600,6000,5800
"Tamil Nadu",Erode,"Periyar Nagar(Uzhavar Sandhai )","Tender Coconut","Tender Coconut",Local,26/07/2026,3500,4000,3750
"Tamil Nadu",Erode,"Perundurai(Uzhavar Sandhai )",Papaya,Papaya,Local,26/07/2026,2500,2800,2650
"Tamil Nadu",Erode,"Perundurai(Uzhavar Sandhai )","Bitter gourd","Bitter Gourd",Local,26/07/2026,6000,6400,6200
"Tamil Nadu",Erode,"Perundurai(Uzhavar Sandhai )",Tapioca,Tapioca,Local,26/07/2026,2000,2400,2200
"Tamil Nadu",Erode,"Perundurai(Uzhavar Sandhai )",Carrot,Pusakesar,Local,26/07/2026,7500,8000,7750
"Tamil Nadu",Erode,"Perundurai(Uzhavar Sandhai )",Cabbage,Cabbage,Local,26/07/2026,3500,3800,3650
"Tamil Nadu",Erode,"Perundurai(Uzhavar Sandhai )",Beetroot,Beetroot,Local,26/07/2026,8000,8800,8400
"Tamil Nadu",Erode,"Perundurai(Uzhavar Sandhai )","Green Avare(W)","Green Avare (W)",Local,26/07/2026,5500,6000,5750
"Tamil Nadu",Erode,"Perundurai(Uzhavar Sandhai )","Chow Chow","Chow Chow",Local,26/07/2026,2500,2800,2650
"Tamil Nadu",Erode,"Perundurai(Uzhavar Sandhai )","Onion Green","Onion Green",Local,26/07/2026,5000,5500,5250
"Tamil Nadu",Erode,"Thalavadi(Uzhavar Sandhai )",Tomato,Other,Local,26/07/2026,1200,1600,1400
"Tamil Nadu",Erode,"Thalavadi(Uzhavar Sandhai )","Green Avare(W)",Other,Local,26/07/2026,4800,5400,5100
"Tamil Nadu",Erode,"Thalavadi(Uzhavar Sandhai )","Onion Green","Onion Green",Local,26/07/2026,5000,5500,5250
"Tamil Nadu",Erode,"Thalavadi(Uzhavar Sandhai )",Mint(Pudina),Mint(Pudina),Local,26/07/2026,4400,4800,4600
"Tamil Nadu",Kallakuruchi,"Sankarapuram(Uzhavar Sandhai )",Banana,Besrai,Local,26/07/2026,4000,4000,4000
"Tamil Nadu",Kallakuruchi,"Sankarapuram(Uzhavar Sandhai )",Brinjal,Other,Local,26/07/2026,6000,6000,6000
"Tamil Nadu",Kallakuruchi,"Sankarapuram(Uzhavar Sandhai )",Pumpkin,Pumpkin,Local,26/07/2026,2500,2500,2500
"Tamil Nadu",Kallakuruchi,"Sankarapuram(Uzhavar Sandhai )",Amaranthus,Amaranthus,Local,26/07/2026,4000,4000,4000
"Tamil Nadu",Kallakuruchi,"Sankarapuram(Uzhavar Sandhai )",Coconut,Coconut,Local,26/07/2026,6000,6000,6000
"Tamil Nadu",Kallakuruchi,"Sankarapuram(Uzhavar Sandhai )",Ridgeguard(Tori),Ridgeguard(Tori),Local,26/07/2026,6000,6000,6000
"Tamil Nadu",Kallakuruchi,"Sankarapuram(Uzhavar Sandhai )",Raddish,Raddish,Local,26/07/2026,4000,4000,4000
"Tamil Nadu",Kallakuruchi,"Sankarapuram(Uzhavar Sandhai )",Yam(Ratalu),"Yam (Ratalu)",Local,26/07/2026,3000,3000,3000
"Tamil Nadu",Kallakuruchi,"Sankarapuram(Uzhavar Sandhai )","Baby Corn","Baby Corn","Grade A",26/07/2026,3000,3000,3000
"Tamil Nadu",Krishnagiri,"Avallapalli(Uzhavar Sandhai )",Garlic,Garlic,Local,26/07/2026,22000,24000,23000
"Tamil Nadu",Krishnagiri,"Avallapalli(Uzhavar Sandhai )",Coriander(Leaves),"I Sort",Local,26/07/2026,6000,7000,6500
"Tamil Nadu",Krishnagiri,"Avallapalli(Uzhavar Sandhai )","Green Peas","Green Peas",Local,26/07/2026,13000,14000,13500
"Tamil Nadu",Krishnagiri,"Avallapalli(Uzhavar Sandhai )",Ashgourd,Gouard,Local,26/07/2026,2000,2500,2250
"Tamil Nadu",Krishnagiri,"Avallapalli(Uzhavar Sandhai )",Cabbage,Cabbage,Local,26/07/2026,2500,3000,2750
"Tamil Nadu",Krishnagiri,"Avallapalli(Uzhavar Sandhai )",Thondekai,Thondekai,Local,26/07/2026,3500,4000,3750
"Tamil Nadu",Krishnagiri,"Avallapalli(Uzhavar Sandhai )",Drumstick,Drumstick,Local,26/07/2026,4500,5000,4750
"Tamil Nadu",Krishnagiri,"Avallapalli(Uzhavar Sandhai )","Onion Green","Onion Green",Local,26/07/2026,7000,8000,7500
"Tamil Nadu",Krishnagiri,"Avallapalli(Uzhavar Sandhai )",Mint(Pudina),Mint(Pudina),Local,26/07/2026,4500,5000,4750
"Tamil Nadu",Dharmapuri,"Karimangalam(Uzhavar Sandhai)",Coriander(Leaves),"I Sort",Local,26/07/2026,7500,8000,7750
"Tamil Nadu",Dharmapuri,"Karimangalam(Uzhavar Sandhai)",Amaranthus,Amaranthus,Local,26/07/2026,2300,2500,2400
"Tamil Nadu",Dharmapuri,"Karimangalam(Uzhavar Sandhai)",Beans,"Beans (Whole)",Local,26/07/2026,7000,8000,7500
"Tamil Nadu",Dharmapuri,"Karimangalam(Uzhavar Sandhai)",Coconut,Coconut,Local,26/07/2026,6000,7000,6500
"Tamil Nadu",Dharmapuri,"Karimangalam(Uzhavar Sandhai)",Drumstick,Drumstick,Local,26/07/2026,5500,6000,5750
"Tamil Nadu",Dharmapuri,"Karimangalam(Uzhavar Sandhai)","Knool Khol","Knool Khol",Local,26/07/2026,5500,6000,5750
"Tamil Nadu",Krishnagiri,"Denkanikottai(Uzhavar Sandhai )",Garlic,Garlic,Local,26/07/2026,24000,26000,25000
"Tamil Nadu",Krishnagiri,"Denkanikottai(Uzhavar Sandhai )",Banana,Besrai,Local,26/07/2026,5000,7000,6000
"Tamil Nadu",Krishnagiri,"Denkanikottai(Uzhavar Sandhai )",Brinjal,Round,Local,26/07/2026,3500,4000,3750
"Tamil Nadu",Krishnagiri,"Denkanikottai(Uzhavar Sandhai )","Cluster beans","Cluster Beans",Local,26/07/2026,4000,5000,4500
"Tamil Nadu",Krishnagiri,"Denkanikottai(Uzhavar Sandhai )","Bhindi(Ladies Finger)",Bhindi,Local,26/07/2026,3000,3500,3250
"Tamil Nadu",Krishnagiri,"Denkanikottai(Uzhavar Sandhai )","Banana - Green","Banana - Green",Local,26/07/2026,3500,4000,3750
"Tamil Nadu",Krishnagiri,"Denkanikottai(Uzhavar Sandhai )",Ginger(Green),"Green Ginger",Local,26/07/2026,15000,18000,16500
"Tamil Nadu",Krishnagiri,"Denkanikottai(Uzhavar Sandhai )",Cucumbar(Kheera),Cucumbar,Local,26/07/2026,4000,5000,4500
"Tamil Nadu",Krishnagiri,"Hosur(Uzhavar Sandhai )",Onion,Bellary,Local,26/07/2026,3500,4000,3750
"Tamil Nadu",Krishnagiri,"Hosur(Uzhavar Sandhai )",Tomato,Local,Local,26/07/2026,1200,1700,1450
"Tamil Nadu",Krishnagiri,"Hosur(Uzhavar Sandhai )",Beans,"Beans (Whole)",Local,26/07/2026,6000,7000,6500
"Tamil Nadu",Krishnagiri,"Hosur(Uzhavar Sandhai )","Betal Leaves",Mysore,Local,26/07/2026,10000,12000,11000
"Tamil Nadu",Krishnagiri,"Hosur(Uzhavar Sandhai )",Ridgeguard(Tori),Ridgeguard(Tori),Local,26/07/2026,4000,5000,4500
"Tamil Nadu",Krishnagiri,"Hosur(Uzhavar Sandhai )",Capsicum,Capsicum,Local,26/07/2026,4000,5000,4500
"Tamil Nadu",Krishnagiri,"Hosur(Uzhavar Sandhai )","Green Avare(W)","Green Avare (W)",Local,26/07/2026,5000,6000,5500
"Tamil Nadu",Krishnagiri,"Hosur(Uzhavar Sandhai )","Knool Khol","Knool Khol",Local,26/07/2026,3500,4000,3750
"Tamil Nadu",Krishnagiri,"Hosur(Uzhavar Sandhai )",Guava,"Guava Allahabad",Local,26/07/2026,5000,6000,5500
"Tamil Nadu",Krishnagiri,"Hosur(Uzhavar Sandhai )","Tamarind Fruit","Tamarind Fruit",Local,26/07/2026,12000,15000,13500
"Tamil Nadu",Krishnagiri,"Hosur(Uzhavar Sandhai )",Rose(Local),"Rose (Local)",Local,26/07/2026,12000,14000,13000
"Tamil Nadu",Krishnagiri,"Hosur(Uzhavar Sandhai )","Baby Corn","Baby Corn","Grade A",26/07/2026,2500,3000,2750
"Tamil Nadu",Krishnagiri,"Krishnagiri(Uzhavar Sandhai )",Potato,"Red Nanital",Local,26/07/2026,2200,2600,2400
"Tamil Nadu",Krishnagiri,"Krishnagiri(Uzhavar Sandhai )",Banana,"Red Banana",Local,26/07/2026,7500,8000,7750
"Tamil Nadu",Krishnagiri,"Krishnagiri(Uzhavar Sandhai )",Mango,Neelam,Local,26/07/2026,2500,3000,2750
"Tamil Nadu",Krishnagiri,"Krishnagiri(Uzhavar Sandhai )",Pumpkin,Pumpkin,Local,26/07/2026,1500,2000,1750
"Tamil Nadu",Krishnagiri,"Krishnagiri(Uzhavar Sandhai )",Amaranthus,Amaranthus,Local,26/07/2026,2500,3000,2750
"Tamil Nadu",Krishnagiri,"Krishnagiri(Uzhavar Sandhai )","Green Chilli","Green Chilly",Local,26/07/2026,3400,3800,3600
"Tamil Nadu",Krishnagiri,"Krishnagiri(Uzhavar Sandhai )",Beetroot,Beetroot,Local,26/07/2026,4500,5000,4750
"Tamil Nadu",Krishnagiri,"Krishnagiri(Uzhavar Sandhai )",Ridgeguard(Tori),Ridgeguard(Tori),Local,26/07/2026,3200,3600,3400
"Tamil Nadu",Krishnagiri,"Krishnagiri(Uzhavar Sandhai )","Green Avare(W)","Green Avare (W)",Local,26/07/2026,3500,4000,3750
"Tamil Nadu",Krishnagiri,"Krishnagiri(Uzhavar Sandhai )","Chow Chow","Chow Chow",Local,26/07/2026,4500,5000,4750
"Tamil Nadu",Krishnagiri,"Krishnagiri(Uzhavar Sandhai )",Guava,"Guava Allahabad",Local,26/07/2026,4000,4500,4250
"Tamil Nadu",Krishnagiri,"Krishnagiri(Uzhavar Sandhai )","Tender Coconut","Tender Coconut",Local,26/07/2026,3500,4000,3750
"Tamil Nadu",Madurai,"Anaiyur(Uzhavar Sandhai )",Onion,Bellary,Local,26/07/2026,3000,4000,3500
"Tamil Nadu",Madurai,"Anaiyur(Uzhavar Sandhai )",Soyabean,Local,Local,26/07/2026,9000,10000,9500
"Tamil Nadu",Madurai,"Anaiyur(Uzhavar Sandhai )",Cauliflower,Ranchi,Local,26/07/2026,2400,2800,2600
"Tamil Nadu",Madurai,"Anaiyur(Uzhavar Sandhai )",Coconut,Coconut,Local,26/07/2026,5800,6000,5900
"Tamil Nadu",Madurai,"Anaiyur(Uzhavar Sandhai )","Betal Leaves",Mysore,Local,26/07/2026,18000,24000,21000
"Tamil Nadu",Madurai,"Anaiyur(Uzhavar Sandhai )",Cabbage,Cabbage,Local,26/07/2026,3000,3600,3300
"Tamil Nadu",Madurai,"Anaiyur(Uzhavar Sandhai )",Thondekai,Thondekai,Local,26/07/2026,3600,6000,4800
"Tamil Nadu",Madurai,"Anaiyur(Uzhavar Sandhai )",Pomegranate,Pomogranate,Local,26/07/2026,24000,28000,26000
"Tamil Nadu",Madurai,"Anaiyur(Uzhavar Sandhai )",Colacasia,Colacasia,Local,26/07/2026,4000,5000,4500
"Tamil Nadu",Madurai,"Usilampatti(Uzhavar Sandhai )",Amaranthus,Amaranthus,Local,26/07/2026,3000,3600,3300
"Tamil Nadu",Madurai,"Usilampatti(Uzhavar Sandhai )",Tapioca,Tapioca,Local,26/07/2026,3000,4000,3500
"Tamil Nadu",Madurai,"Usilampatti(Uzhavar Sandhai )",Ridgeguard(Tori),Ridgeguard(Tori),Local,26/07/2026,6000,6500,6250
"Tamil Nadu",Madurai,"Usilampatti(Uzhavar Sandhai )","Elephant Yam(Suran)/Amorphophallus","Elephant Yam (Suran)",Local,26/07/2026,4000,4500,4250
"Tamil Nadu",Madurai,"Usilampatti(Uzhavar Sandhai )","Indian Beans(Seam)","Indian Beans (Seam)",Local,26/07/2026,5000,5500,5250
"Tamil Nadu",Nagapattinam,"Nagapattinam(Uzhavar Sandhai )",Banana,Karpura,Local,26/07/2026,6500,7000,6750
"Tamil Nadu",Nagapattinam,"Nagapattinam(Uzhavar Sandhai )",Mango,Other,Local,26/07/2026,4000,5000,4500
"Tamil Nadu",Nagapattinam,"Nagapattinam(Uzhavar Sandhai )",Brinjal,Round,Local,26/07/2026,4700,5500,5100
"Tamil Nadu",Nagapattinam,"Nagapattinam(Uzhavar Sandhai )",Carrot,Pusakesar,Local,26/07/2026,7600,8500,8050
"Tamil Nadu",Nagapattinam,"Sirkali(Uzhavar Sandhai )",Potato,"Red Nanital",Local,26/07/2026,3600,4000,3800
"Tamil Nadu",Nagapattinam,"Sirkali(Uzhavar Sandhai )",Banana,Besrai,Local,26/07/2026,4000,5000,4500
"Tamil Nadu",Nagapattinam,"Sirkali(Uzhavar Sandhai )",Tomato,Deshi,Local,26/07/2026,2000,2500,2250
"Tamil Nadu",Nagapattinam,"Sirkali(Uzhavar Sandhai )","Sweet Potato","Hosur Red",Local,26/07/2026,5500,6000,5750
"Tamil Nadu",Nagapattinam,"Sirkali(Uzhavar Sandhai )",Raddish,Raddish,Local,26/07/2026,3600,4000,3800
"Tamil Nadu",Nagapattinam,"Sirkali(Uzhavar Sandhai )","Green Avare(W)","Green Avare (W)",Local,26/07/2026,6500,7000,6750
"Tamil Nadu",Nagapattinam,"Sirkali(Uzhavar Sandhai )",Drumstick,Drumstick,Local,26/07/2026,5500,6000,5750
"Tamil Nadu",Nagapattinam,"Sirkali(Uzhavar Sandhai )",Mango(Raw-Ripe),"Mango - Raw-Ripe",Local,26/07/2026,4500,5000,4750
"Tamil Nadu",Nagapattinam,"Sirkali(Uzhavar Sandhai )","Onion Green","Onion Green",Local,26/07/2026,5500,6000,5750
"Tamil Nadu",Nagapattinam,"Sirkali(Uzhavar Sandhai )",Mint(Pudina),Mint(Pudina),Local,26/07/2026,4000,4500,4250
"Tamil Nadu",Namakkal,"Kumarapalayam(Uzhavar Sandhai )",Potato,"Red Nanital",Local,26/07/2026,3000,3400,3200
"Tamil Nadu",Namakkal,"Kumarapalayam(Uzhavar Sandhai )",Mango,Safeda,Local,26/07/2026,4500,5000,4750
"Tamil Nadu",Namakkal,"Kumarapalayam(Uzhavar Sandhai )",Papaya,Papaya,Local,26/07/2026,3000,3500,3250
"Tamil Nadu",Namakkal,"Kumarapalayam(Uzhavar Sandhai )","Cluster beans","Cluster Beans",Local,26/07/2026,4000,4400,4200
"Tamil Nadu",Namakkal,"Mohanur(Uzhavar Sandhai )",Coriander(Leaves),"I Sort",Local,26/07/2026,5000,6000,5500
"Tamil Nadu",Namakkal,"Mohanur(Uzhavar Sandhai )",Papaya,Papaya,Local,26/07/2026,2600,3000,2800
"Tamil Nadu",Namakkal,"Mohanur(Uzhavar Sandhai )",Tomato,Deshi,Local,26/07/2026,1800,2400,2100
"Tamil Nadu",Namakkal,"Mohanur(Uzhavar Sandhai )",Ginger(Green),"Green Ginger",Local,26/07/2026,11000,16000,13500
"Tamil Nadu",Namakkal,"Mohanur(Uzhavar Sandhai )",Coconut,Coconut,Local,26/07/2026,5000,6000,5500
"Tamil Nadu",Namakkal,"Mohanur(Uzhavar Sandhai )",Beetroot,Beetroot,Local,26/07/2026,6600,7000,6800
"Tamil Nadu",Namakkal,"Mohanur(Uzhavar Sandhai )",Drumstick,Drumstick,Local,26/07/2026,5200,5600,5400
"Tamil Nadu",Namakkal,"Namakkal(Uzhavar Sandhai )",Groundnut,"Big (With Shell)",Local,26/07/2026,7000,7500,7250
"Tamil Nadu",Namakkal,"Namakkal(Uzhavar Sandhai )",Cauliflower,Ranchi,Local,26/07/2026,3500,4000,3750
"Tamil Nadu",Namakkal,"Namakkal(Uzhavar Sandhai )",Mango,Neelam,Local,26/07/2026,5000,7000,6000
"Tamil Nadu",Namakkal,"Namakkal(Uzhavar Sandhai )",Brinjal,Other,Local,26/07/2026,6500,7000,6750
"Tamil Nadu",Namakkal,"Namakkal(Uzhavar Sandhai )",Chikoos(Sapota),Sapota,Local,26/07/2026,4000,4500,4250
"Tamil Nadu",Namakkal,"Namakkal(Uzhavar Sandhai )","Cluster beans","Cluster Beans",Local,26/07/2026,3500,4000,3750
"Tamil Nadu",Namakkal,"Namakkal(Uzhavar Sandhai )","Bottle gourd","Bottle Gourd",Local,26/07/2026,1500,2000,1750
"Tamil Nadu",Namakkal,"Namakkal(Uzhavar Sandhai )","Bhindi(Ladies Finger)",Bhindi,Local,26/07/2026,3500,4200,3850
"Tamil Nadu",Namakkal,"Namakkal(Uzhavar Sandhai )","Banana - Green","Banana - Green",Local,26/07/2026,3500,4000,3750
"Tamil Nadu",Namakkal,"Namakkal(Uzhavar Sandhai )",Cucumbar(Kheera),Cucumbar,Local,26/07/2026,8000,9000,8500
"Tamil Nadu",Namakkal,"Namakkal(Uzhavar Sandhai )",Drumstick,Drumstick,Local,26/07/2026,4500,5000,4750
"Tamil Nadu",Namakkal,"Namakkal(Uzhavar Sandhai )","Onion Green","Onion Green",Local,26/07/2026,3000,3800,3400
"Tamil Nadu",Namakkal,"Paramathivelur(Uzhavar Sandhai )",Brinjal,Round,Local,26/07/2026,6000,6500,6250
"Tamil Nadu",Namakkal,"Paramathivelur(Uzhavar Sandhai )",Coriander(Leaves),"I Sort",Local,26/07/2026,5500,6000,5750
"Tamil Nadu",Namakkal,"Paramathivelur(Uzhavar Sandhai )",Papaya,Papaya,Local,26/07/2026,2500,3000,2750
"Tamil Nadu",Namakkal,"Paramathivelur(Uzhavar Sandhai )","Bitter gourd","Bitter Gourd",Local,26/07/2026,5000,7000,6000
"Tamil Nadu",Namakkal,"Paramathivelur(Uzhavar Sandhai )","Bottle gourd","Bottle Gourd",Local,26/07/2026,1200,1600,1400
"Tamil Nadu",Namakkal,"Paramathivelur(Uzhavar Sandhai )",Snakeguard,Snakeguard,Local,26/07/2026,5500,6000,5750
"Tamil Nadu",Namakkal,"Paramathivelur(Uzhavar Sandhai )",Beetroot,Beetroot,Local,26/07/2026,8000,9000,8500
"Tamil Nadu",Namakkal,"Paramathivelur(Uzhavar Sandhai )",Ridgeguard(Tori),Ridgeguard(Tori),Local,26/07/2026,6000,6500,6250
"Tamil Nadu",Namakkal,"Rasipuram(Uzhavar Sandhai )",Onion,Bellary,Local,26/07/2026,2800,3000,2900
"Tamil Nadu",Namakkal,"Rasipuram(Uzhavar Sandhai )","Chili Red",Bold,Local,26/07/2026,14000,15000,14500
"Tamil Nadu",Namakkal,"Rasipuram(Uzhavar Sandhai )",Mango,Other,Local,26/07/2026,3000,5000,4000
"Tamil Nadu",Namakkal,"Rasipuram(Uzhavar Sandhai )",Brinjal,Other,Local,26/07/2026,6600,7500,7050
"Tamil Nadu",Namakkal,"Rasipuram(Uzhavar Sandhai )",Coriander(Leaves),"I Sort",Local,26/07/2026,8000,9000,8500
"Tamil Nadu",Namakkal,"Rasipuram(Uzhavar Sandhai )",Chikoos(Sapota),Sapota,Local,26/07/2026,3500,4000,3750
"Tamil Nadu",Namakkal,"Rasipuram(Uzhavar Sandhai )",Papaya,Papaya,Local,26/07/2026,3000,3500,3250
"Tamil Nadu",Namakkal,"Rasipuram(Uzhavar Sandhai )",Ashgourd,Gouard,Local,26/07/2026,2800,3000,2900
"Tamil Nadu",Namakkal,"Rasipuram(Uzhavar Sandhai )",Beans,"Beans (Whole)",Local,26/07/2026,7000,8000,7500
"Tamil Nadu",Namakkal,"Rasipuram(Uzhavar Sandhai )",Tapioca,Tapioca,Local,26/07/2026,3200,3800,3500
"Tamil Nadu",Namakkal,"Rasipuram(Uzhavar Sandhai )",Coconut,Coconut,Local,26/07/2026,5400,6000,5700
"Tamil Nadu",Namakkal,"Rasipuram(Uzhavar Sandhai )","Elephant Yam(Suran)/Amorphophallus","Elephant Yam (Suran)",Local,26/07/2026,3500,4000,3750
"Tamil Nadu",Madurai,"Palanganatham(Uzhavar Sandhai )","Bottle gourd","Bottle Gourd",Local,26/07/2026,2500,3200,2850
"Tamil Nadu",Madurai,"Palanganatham(Uzhavar Sandhai )","Betal Leaves",Mysore,Local,26/07/2026,18000,24000,21000
"Tamil Nadu",Madurai,"Palanganatham(Uzhavar Sandhai )",Carrot,Pusakesar,Local,26/07/2026,6000,8500,7250
"Tamil Nadu",Madurai,"Palanganatham(Uzhavar Sandhai )",Snakeguard,Snakeguard,Local,26/07/2026,3600,4000,3800
"Tamil Nadu",Madurai,"Palanganatham(Uzhavar Sandhai )",Ridgeguard(Tori),Ridgeguard(Tori),Local,26/07/2026,4000,6500,5250
"Tamil Nadu",Madurai,"Palanganatham(Uzhavar Sandhai )","Green Avare(W)","Green Avare (W)",Local,26/07/2026,7000,9000,8000
"Tamil Nadu",Madurai,"Anna nagar(Uzhavar Sandhai )",Onion,Bellary,Local,26/07/2026,4400,4400,4400
"Tamil Nadu",Madurai,"Anna nagar(Uzhavar Sandhai )",Potato,"Red Nanital",Local,26/07/2026,5000,6000,5500
"Tamil Nadu",Madurai,"Anna nagar(Uzhavar Sandhai )","Bitter gourd","Bitter Gourd",Local,26/07/2026,6000,7000,6500
"Tamil Nadu",Madurai,"Anna nagar(Uzhavar Sandhai )",Cauliflower,Ranchi,Local,26/07/2026,4000,4500,4250
"Tamil Nadu",Madurai,"Anna nagar(Uzhavar Sandhai )",Banana,"Red Banana",Local,26/07/2026,9000,9000,9000
"Tamil Nadu",Madurai,"Anna nagar(Uzhavar Sandhai )",Coriander(Leaves),"I Sort",Local,26/07/2026,4600,4600,4600
"Tamil Nadu",Madurai,"Anna nagar(Uzhavar Sandhai )",Tomato,Other,Local,26/07/2026,2000,2000,2000
"Tamil Nadu",Madurai,"Anna nagar(Uzhavar Sandhai )","Banana - Green","Banana - Green",Local,26/07/2026,2000,2500,2250
"Tamil Nadu",Madurai,"Anna nagar(Uzhavar Sandhai )",Capsicum,Capsicum,Local,26/07/2026,6500,6500,6500
"Tamil Nadu",Madurai,"Anna nagar(Uzhavar Sandhai )",Guava,"Guava Allahabad",Local,26/07/2026,8000,8000,8000
"Tamil Nadu",Madurai,"Anna nagar(Uzhavar Sandhai )",Pomegranate,Pomogranate,Local,26/07/2026,20000,20000,20000
"Tamil Nadu",Madurai,"Anna nagar(Uzhavar Sandhai )",Mint(Pudina),Mint(Pudina),Local,26/07/2026,6600,6600,6600
"Tamil Nadu",Madurai,"Anna nagar(Uzhavar Sandhai )","Tube Rose(Loose)","Tube Rose (Loose)",Local,26/07/2026,12000,12000,12000
"Tamil Nadu",Perambalur,"Perambalur(Uzhavar Sandhai )",Garlic,Garlic,Local,26/07/2026,18000,20000,19000
"Tamil Nadu",Perambalur,"Perambalur(Uzhavar Sandhai )",Mango,Other,Local,26/07/2026,5000,6000,5500
"Tamil Nadu",Perambalur,"Perambalur(Uzhavar Sandhai )",Brinjal,Other,Local,26/07/2026,4800,4800,4800
"Tamil Nadu",Perambalur,"Perambalur(Uzhavar Sandhai )","Cluster beans","Cluster Beans",Local,26/07/2026,5200,5600,5400
"Tamil Nadu",Perambalur,"Perambalur(Uzhavar Sandhai )","Bitter gourd",Other,Local,26/07/2026,6000,6400,6200
"Tamil Nadu",Perambalur,"Perambalur(Uzhavar Sandhai )","Banana - Green","Banana - Green",Local,26/07/2026,3000,4000,3500
"Tamil Nadu",Perambalur,"Perambalur(Uzhavar Sandhai )",Carrot,Pusakesar,Local,26/07/2026,10000,10800,10400
"Tamil Nadu",Perambalur,"Perambalur(Uzhavar Sandhai )",Snakeguard,Snakeguard,Local,26/07/2026,4000,4400,4200
"Tamil Nadu",Perambalur,"Perambalur(Uzhavar Sandhai )",Beetroot,Beetroot,Local,26/07/2026,5000,5600,5300
"Tamil Nadu",Perambalur,"Perambalur(Uzhavar Sandhai )",Capsicum,Capsicum,Local,26/07/2026,8800,8800,8800
"Tamil Nadu",Perambalur,"Perambalur(Uzhavar Sandhai )","Indian Beans(Seam)","Indian Beans (Seam)",Local,26/07/2026,8000,8000,8000
"Tamil Nadu",Salem,"Mecheri(Uzhavar Sandhai)",Brinjal,Round,Local,26/07/2026,4500,5000,4750
"Tamil Nadu",Salem,"Mecheri(Uzhavar Sandhai)",Coriander(Leaves),"I Sort",Local,26/07/2026,2500,3000,2750
"Tamil Nadu",Salem,"Mecheri(Uzhavar Sandhai)",Tomato,Deshi,Local,26/07/2026,1500,1800,1650
"Tamil Nadu",Salem,"Mecheri(Uzhavar Sandhai)","Bottle gourd","Bottle Gourd",Local,26/07/2026,2000,2500,2250
"Tamil Nadu",Ranipet,"Arcot(Uzhavar Sandhai )",Mango,Neelam,Local,26/07/2026,6000,6000,6000
"Tamil Nadu",Ranipet,"Arcot(Uzhavar Sandhai )",Beetroot,Beetroot,Local,26/07/2026,5000,5000,5000
"Tamil Nadu",Ranipet,"Arcot(Uzhavar Sandhai )","Green Avare(W)","Green Avare (W)",Local,26/07/2026,6000,6000,6000
"Tamil Nadu",Ranipet,"Arcot(Uzhavar Sandhai )","Chow Chow","Chow Chow",Local,26/07/2026,4000,4000,4000
"Tamil Nadu",Ranipet,"Arcot(Uzhavar Sandhai )","Tender Coconut","Tender Coconut",Local,26/07/2026,2500,3000,2750
"Tamil Nadu",Ranipet,"Arcot(Uzhavar Sandhai )",Lemon,Lemon,Local,26/07/2026,6000,6000,6000
"Tamil Nadu",Ranipet,"Arcot(Uzhavar Sandhai )",Colacasia,Colacasia,Local,26/07/2026,4000,4000,4000
"Tamil Nadu",Ranipet,"Arcot(Uzhavar Sandhai )","Onion Green","Onion Green",Local,26/07/2026,6000,6000,6000
"Tamil Nadu",Ranipet,"Ranipettai(Uzhavar Sandhai )","Cluster beans","Cluster Beans",Local,26/07/2026,4400,4400,4400
"Tamil Nadu",Ranipet,"Ranipettai(Uzhavar Sandhai )",Pumpkin,Pumpkin,Local,26/07/2026,3000,3000,3000
"Tamil Nadu",Ranipet,"Ranipettai(Uzhavar Sandhai )","Green Chilli","Green Chilly",Local,26/07/2026,5000,7000,6000
"Tamil Nadu",Ranipet,"Ranipettai(Uzhavar Sandhai )",Raddish,Raddish,Local,26/07/2026,3600,4000,3800
"Tamil Nadu",Ranipet,"Ranipettai(Uzhavar Sandhai )",Thondekai,Thondekai,Local,26/07/2026,4000,4000,4000
"Tamil Nadu",Ranipet,"Ranipettai(Uzhavar Sandhai )",Kakada,Kakada,Local,26/07/2026,42000,42000,42000
"Tamil Nadu",Ranipet,"Ranipettai(Uzhavar Sandhai )","Indian Beans(Seam)","Indian Beans (Seam)",Local,26/07/2026,6000,6000,6000
"Tamil Nadu",Salem,"Ammapet(Uzhavar Sandhai )",Coriander(Leaves),"I Sort",Local,26/07/2026,3000,3600,3300
"Tamil Nadu",Salem,"Ammapet(Uzhavar Sandhai )",Papaya,Papaya,Local,26/07/2026,3200,3500,3350
"Tamil Nadu",Salem,"Ammapet(Uzhavar Sandhai )","Green Chilli","Green Chilly",Local,26/07/2026,4000,4400,4200
"Tamil Nadu",Salem,"Ammapet(Uzhavar Sandhai )",Tapioca,Tapioca,Local,26/07/2026,2800,3000,2900
"Tamil Nadu",Salem,"Ammapet(Uzhavar Sandhai )",Cucumbar(Kheera),Cucumbar,Local,26/07/2026,4600,5000,4800
"Tamil Nadu",Salem,"Ammapet(Uzhavar Sandhai )",Thondekai,Thondekai,Local,26/07/2026,4800,5000,4900
"Tamil Nadu",Salem,"Ammapet(Uzhavar Sandhai )",Pomegranate,Pomogranate,Local,26/07/2026,17000,18000,17500
"Tamil Nadu",Salem,"Ammapet(Uzhavar Sandhai )",Yam(Ratalu),"Yam (Ratalu)",Local,26/07/2026,4600,5000,4800
"Tamil Nadu",Salem,"Ammapet(Uzhavar Sandhai )","Amla(Nelli Kai)",Amla,Local,26/07/2026,7000,7500,7250
"Tamil Nadu",Salem,"Ammapet(Uzhavar Sandhai )","Onion Green","Onion Green",Local,26/07/2026,4500,5000,4750
"Tamil Nadu",Salem,"Ammapet(Uzhavar Sandhai )",Mint(Pudina),Mint(Pudina),Local,26/07/2026,4500,4800,4650
"Tamil Nadu",Salem,"Ammapet(Uzhavar Sandhai )",Rose(Local),"Rose (Local)",Local,26/07/2026,9000,10000,9500
"Tamil Nadu",Salem,"Ammapet(Uzhavar Sandhai )","Sweet Corn ","Sweet Corn ",Local,26/07/2026,3600,4000,3800
"Tamil Nadu",Salem,"Mettur(Uzhavar Sandhai )",Coriander(Leaves),"I Sort",Local,26/07/2026,3500,4000,3750
"Tamil Nadu",Salem,"Mettur(Uzhavar Sandhai )","Cluster beans","Cluster Beans",Local,26/07/2026,3000,3500,3250
"Tamil Nadu",Salem,"Mettur(Uzhavar Sandhai )","Banana - Green","Banana - Green",Local,26/07/2026,3500,4000,3750
"Tamil Nadu",Salem,"Mettur(Uzhavar Sandhai )",Raddish,Raddish,Local,26/07/2026,3000,3400,3200
"Tamil Nadu",Salem,"Mettur(Uzhavar Sandhai )",Drumstick,Drumstick,Local,26/07/2026,5500,6000,5750
"Tamil Nadu",Salem,"Sooramangalam(Uzhavar Sandhai )",Groundnut,"Big (With Shell)",Local,26/07/2026,6000,7000,6500
"Tamil Nadu",Salem,"Sooramangalam(Uzhavar Sandhai )",Brinjal,Other,Local,26/07/2026,4000,4400,4200
"Tamil Nadu",Salem,"Sooramangalam(Uzhavar Sandhai )",Coriander(Leaves),"I Sort",Local,26/07/2026,5000,5200,5100
"Tamil Nadu",Salem,"Sooramangalam(Uzhavar Sandhai )","Bottle gourd","Bottle Gourd",Local,26/07/2026,2000,3000,2500
"Tamil Nadu",Salem,"Sooramangalam(Uzhavar Sandhai )",Ashgourd,Gouard,Local,26/07/2026,2400,2600,2500
"Tamil Nadu",Salem,"Sooramangalam(Uzhavar Sandhai )",Amaranthus,Amaranthus,Local,26/07/2026,1800,2000,1900
"Tamil Nadu",Salem,"Sooramangalam(Uzhavar Sandhai )",Cowpea(Veg),"Cowpea (Veg)",Local,26/07/2026,4000,4500,4250
"Tamil Nadu",Salem,"Sooramangalam(Uzhavar Sandhai )","Sweet Potato","Hosur Red",Local,26/07/2026,4000,4500,4250
"Tamil Nadu",Salem,"Sooramangalam(Uzhavar Sandhai )",Beetroot,Beetroot,Local,26/07/2026,8000,8600,8300
"Tamil Nadu",Salem,"Sooramangalam(Uzhavar Sandhai )",Ridgeguard(Tori),Ridgeguard(Tori),Local,26/07/2026,4000,4800,4400
"Tamil Nadu",Salem,"Sooramangalam(Uzhavar Sandhai )",Raddish,Raddish,Local,26/07/2026,3400,3600,3500
"Tamil Nadu",Salem,"Sooramangalam(Uzhavar Sandhai )",Thondekai,Thondekai,Local,26/07/2026,4500,5000,4750
"Tamil Nadu",Salem,"Sooramangalam(Uzhavar Sandhai )","Tender Coconut","Tender Coconut",Local,26/07/2026,3500,4000,3750
"Tamil Nadu",Salem,"Sooramangalam(Uzhavar Sandhai )","Elephant Yam(Suran)/Amorphophallus","Elephant Yam (Suran)",Local,26/07/2026,4500,5000,4750
"Tamil Nadu",Salem,"Sooramangalam(Uzhavar Sandhai )",Colacasia,Colacasia,Local,26/07/2026,6000,6500,6250
"Tamil Nadu",Salem,"Thammampatti (Uzhavar Sandhai )","Cluster beans","Cluster Beans",Local,26/07/2026,4500,5000,4750
"Tamil Nadu",Salem,"Thammampatti (Uzhavar Sandhai )","Bhindi(Ladies Finger)",Bhindi,Local,26/07/2026,3000,3500,3250
"Tamil Nadu",Salem,"Thammampatti (Uzhavar Sandhai )",Coconut,Coconut,Local,26/07/2026,5000,5500,5250
"Tamil Nadu",Salem,"Thammampatti (Uzhavar Sandhai )","Green Avare(W)","Green Avare (W)",Local,26/07/2026,7500,8000,7750
"Tamil Nadu",Salem,"Thammampatti (Uzhavar Sandhai )","Tamarind Fruit","Tamarind Fruit",Local,26/07/2026,13000,14000,13500
"Tamil Nadu",Salem,"Thathakapatti(Uzhavar Sandhai )",Potato,"Red Nanital",Local,26/07/2026,3000,6000,4500
"Tamil Nadu",Salem,"Thathakapatti(Uzhavar Sandhai )","Green Peas","Green Peas",Local,26/07/2026,13000,14000,13500
"Tamil Nadu",Salem,"Thathakapatti(Uzhavar Sandhai )",Papaya,Papaya,Local,26/07/2026,3500,4000,3750
"Tamil Nadu",Salem,"Thathakapatti(Uzhavar Sandhai )",Tomato,Deshi,Local,26/07/2026,1500,2000,1750
"Tamil Nadu",Salem,"Thathakapatti(Uzhavar Sandhai )","Bitter gourd","Bitter Gourd",Local,26/07/2026,5000,6000,5500
"Tamil Nadu",Salem,"Thathakapatti(Uzhavar Sandhai )","Banana - Green","Banana - Green",Local,26/07/2026,3500,4000,3750
"Tamil Nadu",Salem,"Thathakapatti(Uzhavar Sandhai )",Ginger(Green),"Green Ginger",Local,26/07/2026,17000,18000,17500
"Tamil Nadu",Salem,"Thathakapatti(Uzhavar Sandhai )",Coconut,Coconut,Local,26/07/2026,5000,6000,5500
"Tamil Nadu",Salem,"Thathakapatti(Uzhavar Sandhai )","Sweet Potato","Hosur Red",Local,26/07/2026,3000,4000,3500
"Tamil Nadu",Salem,"Thathakapatti(Uzhavar Sandhai )",Snakeguard,Snakeguard,Local,26/07/2026,3600,3800,3700
"Tamil Nadu",Salem,"Thathakapatti(Uzhavar Sandhai )","Green Avare(W)","Green Avare (W)",Local,26/07/2026,6000,7000,6500
"Tamil Nadu",Salem,"Thathakapatti(Uzhavar Sandhai )",Lime,Lime,Local,26/07/2026,3000,4000,3500
"Tamil Nadu",Salem,"Thathakapatti(Uzhavar Sandhai )",Pomegranate,Pomogranate,Local,26/07/2026,16000,18000,17000
"Tamil Nadu",Salem,"Thathakapatti(Uzhavar Sandhai )","Tender Coconut","Tender Coconut",Local,26/07/2026,3000,5000,4000
"Tamil Nadu",Salem,"Thathakapatti(Uzhavar Sandhai )",Lemon,Lemon,Local,26/07/2026,7000,8000,7500
"Tamil Nadu",Salem,"Thathakapatti(Uzhavar Sandhai )","Custard Apple(Sharifa)","Custard Apple(Sharifa)",Local,26/07/2026,4000,5000,4500
"Tamil Nadu",Salem,"Thathakapatti(Uzhavar Sandhai )","Amla(Nelli Kai)",Amla,Local,26/07/2026,6500,7000,6750
"Tamil Nadu",Salem,"Thathakapatti(Uzhavar Sandhai )",Mint(Pudina),Mint(Pudina),Local,26/07/2026,4500,4800,4650
"Tamil Nadu",Salem,"Thathakapatti(Uzhavar Sandhai )","Tube Rose(Loose)","Tube Rose (Loose)",Local,26/07/2026,8000,10000,9000
"Andhra Pradesh",Annamayya,"Guramkonda Sub-yard of AMC Valmikipuram",Tomato,Hybrid,FAQ,26/07/2026,1000,1400,1200
"Tamil Nadu",Tenkasi,"Sankarankoil(Uzhavar Sandhai )",Banana,Besrai,Local,26/07/2026,5000,5000,5000
"Tamil Nadu",Tenkasi,"Sankarankoil(Uzhavar Sandhai )","Green Chilli","Green Chilly",Local,26/07/2026,6000,6000,6000
"Tamil Nadu",Tenkasi,"Sankarankoil(Uzhavar Sandhai )",Coconut,Coconut,Local,26/07/2026,5000,5500,5250
"Tamil Nadu",Tenkasi,"Sankarankoil(Uzhavar Sandhai )",Mango(Raw-Ripe),"Mango - Raw-Ripe",Local,26/07/2026,4000,4000,4000
"Tamil Nadu",Tenkasi,"Sankarankoil(Uzhavar Sandhai )","Tender Coconut","Tender Coconut",Local,26/07/2026,3000,3000,3000
"Tamil Nadu",Tenkasi,"Sankarankoil(Uzhavar Sandhai )",Yam(Ratalu),"Yam (Ratalu)",Local,26/07/2026,10000,10000,10000
"Tamil Nadu",Tenkasi,"Sankarankoil(Uzhavar Sandhai )",Colacasia,Colacasia,Local,26/07/2026,6000,6000,6000
"Tamil Nadu",Tenkasi,"Sankarankoil(Uzhavar Sandhai )","Onion Green","Onion Green",Local,26/07/2026,3500,6000,4750
"Tamil Nadu",Tenkasi,"Sankarankoil(Uzhavar Sandhai )",Mint(Pudina),Mint(Pudina),Local,26/07/2026,8000,8000,8000
"Tamil Nadu",Tenkasi,"Tenkasi(Uzhavar Sandhai )",Papaya,Papaya,Local,26/07/2026,3000,3000,3000
"Tamil Nadu",Tenkasi,"Tenkasi(Uzhavar Sandhai )","Cluster beans","Cluster Beans",Local,26/07/2026,4000,4000,4000
"Tamil Nadu",Tenkasi,"Tenkasi(Uzhavar Sandhai )","Bhindi(Ladies Finger)",Bhindi,Local,26/07/2026,4000,4000,4000
"Tamil Nadu",Tenkasi,"Tenkasi(Uzhavar Sandhai )","Banana - Green","Banana - Green",Local,26/07/2026,2500,3000,2750
"Tamil Nadu",Tenkasi,"Tenkasi(Uzhavar Sandhai )",Beans,"Beans (Whole)",Local,26/07/2026,9000,9000,9000
"Tamil Nadu",Tenkasi,"Tenkasi(Uzhavar Sandhai )","Tender Coconut","Tender Coconut",Local,26/07/2026,3500,4000,3750
"Tamil Nadu",Tenkasi,"Tenkasi(Uzhavar Sandhai )",Lemon,Lemon,Local,26/07/2026,6000,6000,6000
"Tamil Nadu",Tenkasi,"Tenkasi(Uzhavar Sandhai )","Onion Green","Onion Green",Local,26/07/2026,4500,5000,4750
"Tamil Nadu",Pudukkottai,"Pudukottai(Uzhavar Sandhai )",Mango,Other,Local,26/07/2026,6500,7000,6750
"Tamil Nadu",Pudukkottai,"Pudukottai(Uzhavar Sandhai )",Papaya,Papaya,Local,26/07/2026,2500,3000,2750
"Tamil Nadu",Pudukkottai,"Pudukottai(Uzhavar Sandhai )",Tomato,Deshi,Local,26/07/2026,2000,2500,2250
"Tamil Nadu",Pudukkottai,"Pudukottai(Uzhavar Sandhai )",Pumpkin,Pumpkin,Local,26/07/2026,1000,1500,1250
"Tamil Nadu",Pudukkottai,"Pudukottai(Uzhavar Sandhai )",Cabbage,Cabbage,Local,26/07/2026,4000,5000,4500
"Tamil Nadu",Pudukkottai,"Pudukottai(Uzhavar Sandhai )",Beetroot,Beetroot,Local,26/07/2026,5000,5500,5250
"Tamil Nadu",Pudukkottai,"Pudukottai(Uzhavar Sandhai )",Drumstick,Drumstick,Local,26/07/2026,6500,7000,6750
"Tamil Nadu",Pudukkottai,"Pudukottai(Uzhavar Sandhai )","Tender Coconut","Tender Coconut",Local,26/07/2026,5000,6000,5500
"Tamil Nadu",Pudukkottai,"Pudukottai(Uzhavar Sandhai )","Tamarind Fruit","Tamarind Fruit",Local,26/07/2026,6000,7000,6500
"Tamil Nadu",Pudukkottai,"Pudukottai(Uzhavar Sandhai )",Colacasia,Colacasia,Local,26/07/2026,5500,6000,5750
"Tamil Nadu",Thanjavur,"Kumbakonam (Uzhavar Sandhai )",Onion,Bellary,Local,26/07/2026,3600,4200,3900
"Tamil Nadu",Thanjavur,"Kumbakonam (Uzhavar Sandhai )",Cauliflower,Ranchi,Local,26/07/2026,4800,4800,4800
"Tamil Nadu",Thanjavur,"Kumbakonam (Uzhavar Sandhai )",Coriander(Leaves),"I Sort",Local,26/07/2026,5400,5400,5400
"Tamil Nadu",Thanjavur,"Kumbakonam (Uzhavar Sandhai )","Bottle gourd","Bottle Gourd",Local,26/07/2026,3600,3600,3600
"Tamil Nadu",Thanjavur,"Kumbakonam (Uzhavar Sandhai )",Ashgourd,Gouard,Local,26/07/2026,2400,2400,2400
"Tamil Nadu",Thanjavur,"Kumbakonam (Uzhavar Sandhai )",Amaranthus,Amaranthus,Local,26/07/2026,2000,2000,2000
"Tamil Nadu",Thanjavur,"Kumbakonam (Uzhavar Sandhai )","Green Chilli","Green Chilly",Local,26/07/2026,5400,5400,5400
"Tamil Nadu",Thanjavur,"Kumbakonam (Uzhavar Sandhai )",Beetroot,Beetroot,Local,26/07/2026,3600,4800,4200
"Tamil Nadu",Thanjavur,"Kumbakonam (Uzhavar Sandhai )",Guava,"Guava Allahabad",Local,26/07/2026,8000,8000,8000
"Tamil Nadu",Thanjavur,"Kumbakonam (Uzhavar Sandhai )",Yam(Ratalu),"Yam (Ratalu)",Local,26/07/2026,9600,9600,9600
"Tamil Nadu",Thanjavur,"Kumbakonam (Uzhavar Sandhai )","Amla(Nelli Kai)",Amla,Local,26/07/2026,8000,8000,8000
"Tamil Nadu","The Nilgiris","Udhagamandalam(Uzhavar Sandhai )",Pineapple,"Pine Apple",Local,26/07/2026,8000,9000,8500
"Tamil Nadu","The Nilgiris","Udhagamandalam(Uzhavar Sandhai )",Apple,American,Local,26/07/2026,20000,25000,22500
"Tamil Nadu","The Nilgiris","Udhagamandalam(Uzhavar Sandhai )","Green Peas","Green Peas",Local,26/07/2026,10000,13000,11500
"Tamil Nadu","The Nilgiris","Udhagamandalam(Uzhavar Sandhai )","Mousambi(Sweet Lime)",Mousambi,Local,26/07/2026,10000,15000,12500
"Tamil Nadu","The Nilgiris","Udhagamandalam(Uzhavar Sandhai )","Bottle gourd","Bottle Gourd",Local,26/07/2026,2500,2800,2650
"Tamil Nadu","The Nilgiris","Udhagamandalam(Uzhavar Sandhai )",Pumpkin,Pumpkin,Local,26/07/2026,1500,2000,1750
"Tamil Nadu","The Nilgiris","Udhagamandalam(Uzhavar Sandhai )",Snakeguard,Snakeguard,Local,26/07/2026,3000,3500,3250
"Tamil Nadu","The Nilgiris","Udhagamandalam(Uzhavar Sandhai )",Beetroot,Beetroot,Local,26/07/2026,4500,5000,4750
"Tamil Nadu","The Nilgiris","Udhagamandalam(Uzhavar Sandhai )",Raddish,Raddish,Local,26/07/2026,2500,3000,2750
"Tamil Nadu","The Nilgiris","Udhagamandalam(Uzhavar Sandhai )",Drumstick,Drumstick,Local,26/07/2026,4500,5000,4750
"Tamil Nadu","The Nilgiris","Udhagamandalam(Uzhavar Sandhai )","Elephant Yam(Suran)/Amorphophallus","Elephant Yam (Suran)",Local,26/07/2026,3500,4000,3750
"Tamil Nadu",Theni,"Andipatti(Uzhavar Sandhai )","Green Chilli","Green Chilly",Local,26/07/2026,4500,5200,4850
"Tamil Nadu",Theni,"Andipatti(Uzhavar Sandhai )","Chow Chow","Chow Chow",Local,26/07/2026,2600,2800,2700
"Tamil Nadu",Theni,"Andipatti(Uzhavar Sandhai )",Drumstick,Drumstick,Local,26/07/2026,3000,3500,3250
"Tamil Nadu",Theni,"Andipatti(Uzhavar Sandhai )",Mashrooms,Mashrooms,Local,26/07/2026,23000,23000,23000
"Tamil Nadu",Theni,"Bodinayakanur(Uzhavar Sandhai )",Cauliflower,Ranchi,Local,26/07/2026,3200,3200,3200
"Tamil Nadu",Theni,"Bodinayakanur(Uzhavar Sandhai )",Banana,Besrai,Local,26/07/2026,6000,6000,6000
"Tamil Nadu",Theni,"Bodinayakanur(Uzhavar Sandhai )",Coriander(Leaves),"I Sort",Local,26/07/2026,5400,5400,5400
"Tamil Nadu",Theni,"Bodinayakanur(Uzhavar Sandhai )",Ashgourd,Gouard,Local,26/07/2026,1600,1600,1600
"Tamil Nadu",Theni,"Bodinayakanur(Uzhavar Sandhai )",Pumpkin,Pumpkin,Local,26/07/2026,1800,1800,1800
"Tamil Nadu",Theni,"Bodinayakanur(Uzhavar Sandhai )",Amaranthus,Amaranthus,Local,26/07/2026,2500,2500,2500
"Tamil Nadu",Theni,"Bodinayakanur(Uzhavar Sandhai )",Snakeguard,Snakeguard,Local,26/07/2026,4000,4000,4000
"Tamil Nadu",Theni,"Bodinayakanur(Uzhavar Sandhai )",Beetroot,Beetroot,Local,26/07/2026,4500,4500,4500
"Tamil Nadu",Theni,"Bodinayakanur(Uzhavar Sandhai )",Mint(Pudina),Mint(Pudina),Local,26/07/2026,5500,5500,5500
"Tamil Nadu",Theni,"Chinnamanur(Uzhavar Sandhai )","Green Chilli","Green Chilly",Local,26/07/2026,4500,5200,4850
"Tamil Nadu",Theni,"Chinnamanur(Uzhavar Sandhai )",Lime,Lime,Local,26/07/2026,14000,14000,14000
"Tamil Nadu",Theni,"Chinnamanur(Uzhavar Sandhai )","Elephant Yam(Suran)/Amorphophallus","Elephant Yam (Suran)",Local,26/07/2026,4400,4400,4400
"Tamil Nadu",Theni,"Chinnamanur(Uzhavar Sandhai )",Yam(Ratalu),"Yam (Ratalu)",Local,26/07/2026,7400,7400,7400
"Tamil Nadu",Theni,"Kambam(Uzhavar Sandhai )",Banana,Besrai,Local,26/07/2026,2500,6000,4250
"Tamil Nadu",Theni,"Kambam(Uzhavar Sandhai )","Bitter gourd","Bitter Gourd",Local,26/07/2026,5000,5400,5200
"Tamil Nadu",Theni,"Kambam(Uzhavar Sandhai )","Bottle gourd","Bottle Gourd",Local,26/07/2026,1400,1800,1600
"Tamil Nadu",Theni,"Kambam(Uzhavar Sandhai )","Banana - Green","Banana - Green",Local,26/07/2026,2500,3200,2850
"Tamil Nadu",Theni,"Kambam(Uzhavar Sandhai )",Ginger(Green),"Green Ginger",Local,26/07/2026,10000,17000,13500
"Tamil Nadu",Theni,"Kambam(Uzhavar Sandhai )",Snakeguard,Snakeguard,Local,26/07/2026,3000,4000,3500
"Tamil Nadu",Theni,"Kambam(Uzhavar Sandhai )",Beetroot,Beetroot,Local,26/07/2026,4000,4400,4200
"Tamil Nadu",Theni,"Kambam(Uzhavar Sandhai )",Capsicum,Capsicum,Local,26/07/2026,7000,7000,7000
"Tamil Nadu",Theni,"Kambam(Uzhavar Sandhai )",Mint(Pudina),Mint(Pudina),Local,26/07/2026,5500,5500,5500
"Tamil Nadu",Theni,"Theni(Uzhavar Sandhai )",Potato,Other,Local,26/07/2026,2600,2600,2600
"Tamil Nadu",Theni,"Theni(Uzhavar Sandhai )",Cauliflower,Ranchi,Local,26/07/2026,3000,3500,3250
"Tamil Nadu",Theni,"Theni(Uzhavar Sandhai )",Pumpkin,Pumpkin,Local,26/07/2026,1500,1800,1650
"Tamil Nadu",Theni,"Theni(Uzhavar Sandhai )",Cabbage,Cabbage,Local,26/07/2026,4000,4000,4000
"Tamil Nadu",Theni,"Theni(Uzhavar Sandhai )","Green Avare(W)",Other,Local,26/07/2026,5000,7000,6000
"Tamil Nadu",Theni,"Theni(Uzhavar Sandhai )",Mango(Raw-Ripe),"Mango - Raw-Ripe",Local,26/07/2026,3500,3500,3500
"Tamil Nadu",Theni,"Theni(Uzhavar Sandhai )",Pomegranate,Pomogranate,Local,26/07/2026,14000,26000,20000
"Tamil Nadu",Theni,"Theni(Uzhavar Sandhai )",Lemon,Lemon,Local,26/07/2026,4000,4500,4250
"Tamil Nadu",Theni,"Theni(Uzhavar Sandhai )","Baby Corn","Baby Corn","Grade A",26/07/2026,5000,5000,5000
"Tamil Nadu",Thirunelveli,"Kandiyaperi(Uzhavar Sandhai )",Brinjal,Other,Local,26/07/2026,4500,5000,4750
"Tamil Nadu",Thirunelveli,"Kandiyaperi(Uzhavar Sandhai )",Ashgourd,Gouard,Local,26/07/2026,1400,1600,1500
"Tamil Nadu",Thirunelveli,"Kandiyaperi(Uzhavar Sandhai )","Bhindi(Ladies Finger)",Bhindi,Local,26/07/2026,3200,3500,3350
"Tamil Nadu",Thirunelveli,"Melapalayam(Uzhavar Sandhai )",Garlic,Garlic,Local,26/07/2026,24000,28000,26000
"Tamil Nadu",Thirunelveli,"Melapalayam(Uzhavar Sandhai )",Banana,"Red Banana",Local,26/07/2026,9000,10000,9500
"Tamil Nadu",Thirunelveli,"Melapalayam(Uzhavar Sandhai )","Bitter gourd",Other,Local,26/07/2026,5500,6500,6000
"Tamil Nadu",Thirunelveli,"Melapalayam(Uzhavar Sandhai )",Pumpkin,Pumpkin,Local,26/07/2026,1200,1400,1300
"Tamil Nadu",Thirunelveli,"Melapalayam(Uzhavar Sandhai )","Bhindi(Ladies Finger)",Bhindi,Local,26/07/2026,3200,3500,3350
"Tamil Nadu",Thirunelveli,"Melapalayam(Uzhavar Sandhai )",Tapioca,Tapioca,Local,26/07/2026,3000,3500,3250
"Tamil Nadu",Thirunelveli,"Melapalayam(Uzhavar Sandhai )",Snakeguard,Snakeguard,Local,26/07/2026,1600,1800,1700
"Tamil Nadu",Thirunelveli,"Melapalayam(Uzhavar Sandhai )",Beetroot,Beetroot,Local,26/07/2026,4800,7400,6100
"Tamil Nadu",Thirunelveli,"Melapalayam(Uzhavar Sandhai )",Drumstick,Drumstick,Local,26/07/2026,2500,2800,2650
"Tamil Nadu",Thirunelveli,"NGO Colony(Uzhavar Sandhai )",Lemon,Lemon,Local,26/07/2026,4500,5000,4750
"Tamil Nadu",Thirunelveli,"NGO Colony(Uzhavar Sandhai )","Onion Green","Onion Green",Local,26/07/2026,6500,7000,6750
"Tamil Nadu",Thirunelveli,"Palayamkottai(Uzhavar Sandhai )",Apple,American,Local,26/07/2026,22000,24000,23000
"Tamil Nadu",Thirunelveli,"Palayamkottai(Uzhavar Sandhai )",Ginger(Green),"Green Ginger",Local,26/07/2026,17000,17500,17250
"Tamil Nadu",Thirunelveli,"Palayamkottai(Uzhavar Sandhai )",Cabbage,Cabbage,Local,26/07/2026,4000,4400,4200
"Tamil Nadu",Thirunelveli,"Palayamkottai(Uzhavar Sandhai )",Lime,Lime,Local,26/07/2026,17000,18000,17500
"Tamil Nadu",Thirunelveli,"Palayamkottai(Uzhavar Sandhai )",Colacasia,Colacasia,Local,26/07/2026,4000,5000,4500
"Tamil Nadu",Thirupur,"Kangayam(Uzhavar Sandhai )",Banana,Besrai,Local,26/07/2026,3500,3800,3650
"Tamil Nadu",Thirupur,"Kangayam(Uzhavar Sandhai )",Brinjal,Round,Local,26/07/2026,5900,6200,6050
"Tamil Nadu",Thirupur,"Kangayam(Uzhavar Sandhai )","Bottle gourd","Bottle Gourd",Local,26/07/2026,1500,1800,1650
"Tamil Nadu",Thirupur,"Kangayam(Uzhavar Sandhai )","Banana - Green","Banana - Green",Local,26/07/2026,2500,2800,2650
"Tamil Nadu",Thirupur,"Kangayam(Uzhavar Sandhai )","Amla(Nelli Kai)",Amla,Local,26/07/2026,7500,8000,7750
"Tamil Nadu",Thirupur,"Kangayam(Uzhavar Sandhai )",Mint(Pudina),Mint(Pudina),Local,26/07/2026,1900,2200,2050
"Tamil Nadu",Thirupur,"Tiruppur (North) (Uzhavar Sandhai )",Banana,"Red Banana",Local,26/07/2026,6000,6600,6300
"Tamil Nadu",Thirupur,"Tiruppur (North) (Uzhavar Sandhai )","Cluster beans","Cluster Beans",Local,26/07/2026,3500,4000,3750
"Tamil Nadu",Thirupur,"Tiruppur (North) (Uzhavar Sandhai )","Bottle gourd","Bottle Gourd",Local,26/07/2026,1200,1600,1400
"Tamil Nadu",Thirupur,"Tiruppur (North) (Uzhavar Sandhai )",Beans,"Beans (Whole)",Local,26/07/2026,6000,7000,6500
"Tamil Nadu",Thirupur,"Tiruppur (North) (Uzhavar Sandhai )",Beetroot,Beetroot,Local,26/07/2026,7000,8000,7500
"Tamil Nadu",Thirupur,"Tiruppur (North) (Uzhavar Sandhai )","Tender Coconut","Tender Coconut",Local,26/07/2026,3000,3500,3250
"Tamil Nadu",Thirupur,"Tiruppur (North) (Uzhavar Sandhai )",Lemon,Lemon,Local,26/07/2026,7000,7500,7250
"Tamil Nadu",Thirupur,"Tiruppur (South) (Uzhavar Sandhai )",Garlic,Garlic,Local,26/07/2026,17000,18000,17500
"Tamil Nadu",Thirupur,"Tiruppur (South) (Uzhavar Sandhai )",Banana,"Red Banana",Local,26/07/2026,5000,6000,5500
"Tamil Nadu",Thirupur,"Tiruppur (South) (Uzhavar Sandhai )",Mango,Safeda,Local,26/07/2026,5000,6000,5500
"Tamil Nadu",Thirupur,"Tiruppur (South) (Uzhavar Sandhai )",Papaya,Papaya,Local,26/07/2026,2000,2500,2250
"Tamil Nadu",Thirupur,"Tiruppur (South) (Uzhavar Sandhai )",Coconut,Coconut,Local,26/07/2026,4000,5000,4500
"Tamil Nadu",Thirupur,"Tiruppur (South) (Uzhavar Sandhai )",Carrot,Pusakesar,Local,26/07/2026,8000,9000,8500
"Tamil Nadu",Thirupur,"Tiruppur (South) (Uzhavar Sandhai )",Snakeguard,Snakeguard,Local,26/07/2026,3000,4000,3500
"Tamil Nadu",Thirupur,"Tiruppur (South) (Uzhavar Sandhai )",Beetroot,Beetroot,Local,26/07/2026,9000,10000,9500
"Tamil Nadu",Thirupur,"Tiruppur (South) (Uzhavar Sandhai )",Thondekai,Thondekai,Local,26/07/2026,4000,5000,4500
"Tamil Nadu",Thirupur,"Tiruppur (South) (Uzhavar Sandhai )","Green Avare(W)",Other,Local,26/07/2026,6000,7000,6500
"Tamil Nadu",Thirupur,"Tiruppur (South) (Uzhavar Sandhai )",Mango(Raw-Ripe),"Mango - Raw-Ripe",Local,26/07/2026,2500,3000,2750
"Tamil Nadu",Thirupur,"Tiruppur (South) (Uzhavar Sandhai )",Lemon,Lemon,Local,26/07/2026,7000,8000,7500
"Tamil Nadu",Thiruvannamalai,"Chengam(Uzhavar Sandhai )",Garlic,Garlic,Local,26/07/2026,22000,26000,24000
"Tamil Nadu",Thiruvannamalai,"Chengam(Uzhavar Sandhai )",Mango,Safeda,Local,26/07/2026,3300,4000,3650
"Tamil Nadu",Thiruvannamalai,"Chengam(Uzhavar Sandhai )",Cauliflower,Ranchi,Local,26/07/2026,2500,3000,2750
"Tamil Nadu",Thiruvannamalai,"Chengam(Uzhavar Sandhai )","Bitter gourd","Bitter Gourd",Local,26/07/2026,7000,8000,7500
"Tamil Nadu",Thiruvannamalai,"Chengam(Uzhavar Sandhai )","Bottle gourd","Bottle Gourd",Local,26/07/2026,1600,2000,1800
"Tamil Nadu",Thiruvannamalai,"Chengam(Uzhavar Sandhai )",Ashgourd,Gouard,Local,26/07/2026,1600,2000,1800
"Tamil Nadu",Thiruvannamalai,"Chengam(Uzhavar Sandhai )",Coconut,Coconut,Local,26/07/2026,4200,5000,4600
"Tamil Nadu",Thiruvannamalai,"Chengam(Uzhavar Sandhai )",Beetroot,Beetroot,Local,26/07/2026,4200,5000,4600
"Tamil Nadu",Thiruvannamalai,"Chengam(Uzhavar Sandhai )",Ridgeguard(Tori),Ridgeguard(Tori),Local,26/07/2026,3300,4000,3650
"Tamil Nadu",Thiruvannamalai,"Chengam(Uzhavar Sandhai )","Knool Khol","Knool Khol",Local,26/07/2026,5000,6000,5500
"Tamil Nadu",Thiruvannamalai,"Chengam(Uzhavar Sandhai )","Onion Green","Onion Green",Local,26/07/2026,6000,7000,6500
"Tamil Nadu",Thiruvannamalai,"Chengam(Uzhavar Sandhai )",Mint(Pudina),Mint(Pudina),Local,26/07/2026,5000,6000,5500
"Tamil Nadu",Thiruvannamalai,"Keelpennathur(Uzhavar Sandhai )",Onion,Bellary,Local,26/07/2026,2000,3000,2500
"Tamil Nadu",Thiruvannamalai,"Keelpennathur(Uzhavar Sandhai )",Potato,"Red Nanital",Local,26/07/2026,3000,4000,3500
"Tamil Nadu",Thiruvannamalai,"Keelpennathur(Uzhavar Sandhai )",Coriander(Leaves),"I Sort",Local,26/07/2026,3000,4000,3500
"Tamil Nadu",Thiruvannamalai,"Keelpennathur(Uzhavar Sandhai )",Chikoos(Sapota),Sapota,Local,26/07/2026,4000,5000,4500
"Tamil Nadu",Thiruvannamalai,"Keelpennathur(Uzhavar Sandhai )",Tomato,Deshi,Local,26/07/2026,1500,2000,1750
"Tamil Nadu",Thiruvannamalai,"Keelpennathur(Uzhavar Sandhai )","Cluster beans","Cluster Beans",Local,26/07/2026,5000,6000,5500
"Tamil Nadu",Thiruvannamalai,"Keelpennathur(Uzhavar Sandhai )",Pumpkin,Pumpkin,Local,26/07/2026,3000,4000,3500
"Tamil Nadu",Thiruvannamalai,"Keelpennathur(Uzhavar Sandhai )","Green Chilli","Green Chilly",Local,26/07/2026,7000,8000,7500
"Tamil Nadu",Thiruvannamalai,"Keelpennathur(Uzhavar Sandhai )",Beans,"Beans (Whole)",Local,26/07/2026,7000,8000,7500
"Tamil Nadu",Thiruvannamalai,"Keelpennathur(Uzhavar Sandhai )",Beetroot,Beetroot,Local,26/07/2026,5000,6000,5500
"Tamil Nadu",Thiruvannamalai,"Keelpennathur(Uzhavar Sandhai )","Karbuja(Musk Melon)",Karbhuja,Local,26/07/2026,4000,5000,4500
"Tamil Nadu",Thiruvannamalai,"Keelpennathur(Uzhavar Sandhai )",Marigold(Calcutta),Marigold(Calcutta),Local,26/07/2026,20000,24000,22000
"Tamil Nadu",Thiruvannamalai,"Tamarainagar(Uzhavar Sandhai )",Mango,Safeda,Local,26/07/2026,5000,6000,5500
"Tamil Nadu",Thiruvannamalai,"Tamarainagar(Uzhavar Sandhai )","Green Chilli","Green Chilly",Local,26/07/2026,3500,4200,3850
"Tamil Nadu",Thiruvannamalai,"Tamarainagar(Uzhavar Sandhai )",Tapioca,Tapioca,Local,26/07/2026,1800,2200,2000
"Tamil Nadu",Thiruvannamalai,"Tamarainagar(Uzhavar Sandhai )",Thondekai,Thondekai,Local,26/07/2026,3500,4000,3750
"Tamil Nadu",Thiruvannamalai,"Tamarainagar(Uzhavar Sandhai )",Fig(Anjura/Anjeer),Anjura,Local,26/07/2026,5000,6000,5500
"Tamil Nadu",Thiruvannamalai,"Tamarainagar(Uzhavar Sandhai )","Sweet Corn ","Sweet Corn ",Local,26/07/2026,3500,4000,3750
"Tamil Nadu",Thiruvannamalai,"Vandavasi(Uzhavar Sandhai )",Tomato,Local,Local,26/07/2026,1500,2000,1750
"Tamil Nadu",Thiruvannamalai,"Vandavasi(Uzhavar Sandhai )","Cluster beans","Cluster Beans",Local,26/07/2026,4000,4800,4400
"Tamil Nadu",Thiruvannamalai,"Vandavasi(Uzhavar Sandhai )",Ashgourd,Gouard,Local,26/07/2026,2000,2500,2250
"Tamil Nadu",Thiruvannamalai,"Vandavasi(Uzhavar Sandhai )","Banana - Green","Banana - Green",Local,26/07/2026,1600,2000,1800
"Tamil Nadu",Thiruvannamalai,"Vandavasi(Uzhavar Sandhai )",Coconut,Coconut,Local,26/07/2026,4000,5000,4500
"Tamil Nadu",Thiruvannamalai,"Vandavasi(Uzhavar Sandhai )",Ridgeguard(Tori),Ridgeguard(Tori),Local,26/07/2026,3600,4200,3900
"Tamil Nadu",Thiruvannamalai,"Vandavasi(Uzhavar Sandhai )","Knool Khol","Knool Khol",Local,26/07/2026,5000,6000,5500
"Tamil Nadu",Thiruvarur,"Muthupettai(Uzhavar Sandhai )",Cabbage,Cabbage,Local,26/07/2026,5000,5000,5000
"Tamil Nadu",Thiruvarur,"Muthupettai(Uzhavar Sandhai )",Beetroot,Beetroot,Local,26/07/2026,5000,5000,5000
"Tamil Nadu",Thiruvarur,"Muthupettai(Uzhavar Sandhai )",Lime,Lime,Local,26/07/2026,3000,3000,3000
"Tamil Nadu",Thiruvarur,"Muthupettai(Uzhavar Sandhai )",Lemon,Lemon,Local,26/07/2026,5000,5000,5000
"Tamil Nadu",Thiruvarur,"Muthupettai(Uzhavar Sandhai )","Onion Green","Onion Green",Local,26/07/2026,6000,6000,6000
"Tamil Nadu",Thiruvarur,"Needamangalam(Uzhavar Sandhai )",Tomato,Deshi,Local,26/07/2026,2000,2000,2000
"Tamil Nadu",Thiruvarur,"Needamangalam(Uzhavar Sandhai )","Bitter gourd","Bitter Gourd",Local,26/07/2026,6400,6400,6400
"Tamil Nadu",Thiruvarur,"Needamangalam(Uzhavar Sandhai )",Pumpkin,Pumpkin,Local,26/07/2026,2600,2600,2600
"Tamil Nadu",Thiruvarur,"Needamangalam(Uzhavar Sandhai )",Amaranthus,Amaranthus,Local,26/07/2026,2000,2000,2000
"Tamil Nadu",Thiruvarur,"Needamangalam(Uzhavar Sandhai )",Snakeguard,Snakeguard,Local,26/07/2026,4000,4000,4000
"Tamil Nadu",Thiruvarur,"Tiruvarur(Uzhavar Sandhai )",Pumpkin,Pumpkin,Local,26/07/2026,2500,2500,2500
"Tamil Nadu",Thiruvarur,"Tiruvarur(Uzhavar Sandhai )","Jack Fruit(Ripe)","Jack Fruit",Local,26/07/2026,3000,3000,3000
"Tamil Nadu",Thiruvarur,"Tiruvarur(Uzhavar Sandhai )",Lemon,Lemon,Local,26/07/2026,5000,5000,5000
"Tamil Nadu",Thiruvarur,"Tiruvarur(Uzhavar Sandhai )",Mint(Pudina),Mint(Pudina),Local,26/07/2026,7000,7000,7000
"Uttar Pradesh",Bareilly,"Bareilly APMC",Onion,Other,FAQ,26/07/2026,1000,1800,1141.41
"Uttar Pradesh",Barabanki,"Barabanki APMC","Mentha Oil",Other,FAQ,26/07/2026,130000,135000,134809.94
"Tamil Nadu",Villupuram,"Gingee(Uzhavar Sandhai )",Onion,Bellary,Local,26/07/2026,4000,4000,4000
"Tamil Nadu",Villupuram,"Gingee(Uzhavar Sandhai )","Green Chilli","Green Chilly",Local,26/07/2026,5000,5000,5000
"Tamil Nadu",Villupuram,"Gingee(Uzhavar Sandhai )",Beans,"Beans (Whole)",Local,26/07/2026,7500,7500,7500
"Tamil Nadu",Villupuram,"Gingee(Uzhavar Sandhai )",Coconut,Coconut,Local,26/07/2026,6000,6000,6000
"Tamil Nadu",Villupuram,"Gingee(Uzhavar Sandhai )",Thondekai,Thondekai,Local,26/07/2026,3500,4500,4000
"Tamil Nadu",Villupuram,"Gingee(Uzhavar Sandhai )","Green Avare(W)","Green Avare (W)",Local,26/07/2026,7000,7000,7000
"Tamil Nadu",Villupuram,"Gingee(Uzhavar Sandhai )",Guava,"Guava Allahabad",Local,26/07/2026,5000,5000,5000
"Tamil Nadu",Villupuram,"Gingee(Uzhavar Sandhai )",Colacasia,Colacasia,Local,26/07/2026,6000,6000,6000
"Tamil Nadu",Villupuram,"Gingee(Uzhavar Sandhai )",Mint(Pudina),Mint(Pudina),Local,26/07/2026,4000,4000,4000
"Uttar Pradesh",Badaun,"Bilsi APMC",Maize,Other,FAQ,26/07/2026,1900,1900,1900
"Uttar Pradesh",Fatehpur,"Bindki APMC","Black Gram Dal(Urd Dal)",Other,FAQ,26/07/2026,7800,7800,7800
"Tamil Nadu",Thiruvarur,"Valangaiman APMC",Tomato,Deshi,Local,26/07/2026,2000,2000,2000
"Tamil Nadu",Thiruvarur,"Valangaiman APMC","Bitter gourd","Bitter Gourd",Local,26/07/2026,6000,6000,6000
"Tamil Nadu",Thiruvarur,"Valangaiman APMC",Snakeguard,Snakeguard,Local,26/07/2026,4000,4000,4000
"Tamil Nadu",Virudhunagar,"Aruppukottai(Uzhavar Sandhai )",Papaya,Papaya,Local,26/07/2026,3000,3500,3250
"Tamil Nadu",Virudhunagar,"Aruppukottai(Uzhavar Sandhai )","Bottle gourd","Bottle Gourd",Local,26/07/2026,2500,3000,2750
"Tamil Nadu",Virudhunagar,"Aruppukottai(Uzhavar Sandhai )","Bhindi(Ladies Finger)",Bhindi,Local,26/07/2026,3000,3500,3250
"Tamil Nadu",Virudhunagar,"Aruppukottai(Uzhavar Sandhai )",Coconut,Coconut,Local,26/07/2026,5500,6000,5750
"Tamil Nadu",Virudhunagar,"Aruppukottai(Uzhavar Sandhai )",Beetroot,Beetroot,Local,26/07/2026,5500,6000,5750
"Tamil Nadu",Virudhunagar,"Aruppukottai(Uzhavar Sandhai )",Mint(Pudina),Mint(Pudina),Local,26/07/2026,6500,7000,6750
"Tamil Nadu",Virudhunagar,"Kariyapatti(Uzhavar Sandhai )",Cauliflower,Ranchi,Local,26/07/2026,3500,4000,3750
"Tamil Nadu",Virudhunagar,"Kariyapatti(Uzhavar Sandhai )",Coriander(Leaves),"I Sort",Local,26/07/2026,6500,7000,6750
"Tamil Nadu",Virudhunagar,"Kariyapatti(Uzhavar Sandhai )","Bitter gourd",Other,Local,26/07/2026,7500,8000,7750
"Tamil Nadu",Virudhunagar,"Kariyapatti(Uzhavar Sandhai )","Bottle gourd","Bottle Gourd",Local,26/07/2026,2500,3000,2750
"Tamil Nadu",Virudhunagar,"Kariyapatti(Uzhavar Sandhai )",Ginger(Green),"Green Ginger",Local,26/07/2026,19000,20000,19500
"Tamil Nadu",Virudhunagar,"Kariyapatti(Uzhavar Sandhai )",Carrot,Pusakesar,Local,26/07/2026,8500,9000,8750
"Tamil Nadu",Virudhunagar,"Kariyapatti(Uzhavar Sandhai )",Beetroot,Beetroot,Local,26/07/2026,5500,6000,5750
"Tamil Nadu",Virudhunagar,"Kariyapatti(Uzhavar Sandhai )",Guava,"Guava Allahabad",Local,26/07/2026,4500,5000,4750
"Tamil Nadu",Thiruvellore,"Tiruvallur(Uzhavar Sandhai )",Tomato,Deshi,Local,26/07/2026,2500,2500,2500
"Tamil Nadu",Thiruvellore,"Tiruvallur(Uzhavar Sandhai )",Snakeguard,Snakeguard,Local,26/07/2026,4000,4000,4000
"Tamil Nadu",Thiruvellore,"Tiruvallur(Uzhavar Sandhai )",Ridgeguard(Tori),Ridgeguard(Tori),Local,26/07/2026,5000,5000,5000
"Tamil Nadu",Thiruvellore,"Tiruvallur(Uzhavar Sandhai )",Mango(Raw-Ripe),"Mango - Raw-Ripe",Local,26/07/2026,2500,3000,2750
"Tamil Nadu",Thiruvellore,"Tiruvallur(Uzhavar Sandhai )","Tender Coconut","Tender Coconut",Local,26/07/2026,3500,3500,3500
"Madhya Pradesh",Dhar,"Manawar(F&V) APMC",Potato,Potato,"Grade B",26/07/2026,1100,1250,1156
"Madhya Pradesh",Dhar,"Manawar(F&V) APMC",Brinjal,Brinjal,"Grade B",26/07/2026,500,800,607
"Tamil Nadu",Vellore,"Katpadi (Uzhavar Sandhai )",Potato,"Red Nanital",Local,26/07/2026,3200,3200,3200
"Tamil Nadu",Vellore,"Katpadi (Uzhavar Sandhai )","Cluster beans","Cluster Beans",Local,26/07/2026,4500,4500,4500
"Tamil Nadu",Vellore,"Katpadi (Uzhavar Sandhai )",Amaranthus,Amaranthus,Local,26/07/2026,3500,3500,3500
"Tamil Nadu",Vellore,"Katpadi (Uzhavar Sandhai )","Green Chilli","Green Chilly",Local,26/07/2026,5000,6000,5500
"Tamil Nadu",Vellore,"Katpadi (Uzhavar Sandhai )",Cowpea(Veg),"Cowpea (Veg)",Local,26/07/2026,5500,5500,5500
"Tamil Nadu",Vellore,"Katpadi (Uzhavar Sandhai )",Carrot,Pusakesar,Local,26/07/2026,7000,7000,7000
"Tamil Nadu",Vellore,"Katpadi (Uzhavar Sandhai )",Capsicum,Capsicum,Local,26/07/2026,6000,6000,6000
"Tamil Nadu",Vellore,"Katpadi (Uzhavar Sandhai )","Tender Coconut","Tender Coconut",Local,26/07/2026,2500,3000,2750
"Tamil Nadu",Vellore,"Katpadi (Uzhavar Sandhai )","Custard Apple(Sharifa)","Custard Apple(Sharifa)",Local,26/07/2026,5000,5000,5000
"Tamil Nadu",Vellore,"Katpadi (Uzhavar Sandhai )","Sweet Corn ","Sweet Corn ",Local,26/07/2026,2500,3000,2750
"Tamil Nadu",Madurai,"Thirumangalam(Uzhavar Sandhai )",Banana,Besrai,Local,26/07/2026,3000,4000,3500
"Tamil Nadu",Madurai,"Thirumangalam(Uzhavar Sandhai )",Chikoos(Sapota),Sapota,Local,26/07/2026,5000,6000,5500
"Tamil Nadu",Madurai,"Thirumangalam(Uzhavar Sandhai )",Ashgourd,Gouard,Local,26/07/2026,2000,2600,2300
"Tamil Nadu",Madurai,"Melur(Uzhavar Sandhai )",Groundnut,"Big (With Shell)",Local,26/07/2026,6000,7000,6500
"Tamil Nadu",Madurai,"Melur(Uzhavar Sandhai )",Pumpkin,Pumpkin,Local,26/07/2026,2000,2400,2200
"Tamil Nadu",Madurai,"Melur(Uzhavar Sandhai )",Cucumbar(Kheera),Cucumbar,Local,26/07/2026,4000,5000,4500
"Tamil Nadu",Madurai,"Melur(Uzhavar Sandhai )",Thondekai,Thondekai,Local,26/07/2026,5500,6000,5750
"Tamil Nadu",Madurai,"Melur(Uzhavar Sandhai )",Guava,"Guava Allahabad",Local,26/07/2026,7000,8000,7500
"Tamil Nadu",Madurai,"Melur(Uzhavar Sandhai )",Colacasia,Colacasia,Local,26/07/2026,4000,5000,4500
"Tamil Nadu",Madurai,"Melur(Uzhavar Sandhai )",Mint(Pudina),Mint(Pudina),Local,26/07/2026,5500,6000,5750
"Tamil Nadu",Salem,"Vazhapadi(Uzhavar Sandhai)","Bitter gourd","Bitter Gourd",Local,26/07/2026,6000,6500,6250
"Tamil Nadu",Salem,"Vazhapadi(Uzhavar Sandhai)",Ashgourd,Gouard,Local,26/07/2026,2400,2400,2400
"Tamil Nadu",Salem,"Vazhapadi(Uzhavar Sandhai)","Bhindi(Ladies Finger)",Bhindi,Local,26/07/2026,3000,3400,3200
"Tamil Nadu",Salem,"Vazhapadi(Uzhavar Sandhai)",Ginger(Green),"Green Ginger",Local,26/07/2026,10000,16000,13000
"Tamil Nadu",Salem,"Vazhapadi(Uzhavar Sandhai)",Mango(Raw-Ripe),"Mango - Raw-Ripe",Local,26/07/2026,4000,4000,4000
"Tamil Nadu",Salem,"Vazhapadi(Uzhavar Sandhai)","Knool Khol","Knool Khol",Local,26/07/2026,5000,5000,5000
"Tamil Nadu",Salem,"Vazhapadi(Uzhavar Sandhai)",Kakada,Kakada,Local,26/07/2026,25000,25000,25000
"Tamil Nadu",Karur,"Gandhigramam(Uzhavar Sandhai)",Onion,Bellary,Local,26/07/2026,3000,4000,3500
"Tamil Nadu",Karur,"Gandhigramam(Uzhavar Sandhai)",Mango,Neelam,Local,26/07/2026,5000,8000,6500
"Tamil Nadu",Karur,"Gandhigramam(Uzhavar Sandhai)",Coriander(Leaves),"I Sort",Local,26/07/2026,7500,8000,7750
"Tamil Nadu",Karur,"Gandhigramam(Uzhavar Sandhai)",Chikoos(Sapota),Sapota,Local,26/07/2026,4500,5000,4750
"Tamil Nadu",Karur,"Gandhigramam(Uzhavar Sandhai)",Papaya,Papaya,Local,26/07/2026,3000,3500,3250
"Tamil Nadu",Karur,"Gandhigramam(Uzhavar Sandhai)",Cabbage,Cabbage,Local,26/07/2026,5500,6000,5750
"Tamil Nadu",Karur,"Gandhigramam(Uzhavar Sandhai)",Ridgeguard(Tori),Ridgeguard(Tori),Local,26/07/2026,5500,6000,5750
"Tamil Nadu",Karur,"Gandhigramam(Uzhavar Sandhai)",Drumstick,Drumstick,Local,26/07/2026,3500,4000,3750
"Tamil Nadu",Karur,"Gandhigramam(Uzhavar Sandhai)",Yam(Ratalu),"Yam (Ratalu)",Local,26/07/2026,9000,10000,9500
"Tamil Nadu",Pudukkottai,"Aranthangi(Uzhavar Sandhai )","Cluster beans","Cluster Beans",Local,26/07/2026,4500,5000,4750
"Tamil Nadu",Pudukkottai,"Aranthangi(Uzhavar Sandhai )","Green Chilli","Green Chilly",Local,26/07/2026,4500,5000,4750
"Tamil Nadu",Pudukkottai,"Aranthangi(Uzhavar Sandhai )",Ridgeguard(Tori),Ridgeguard(Tori),Local,26/07/2026,6000,7000,6500
"Tamil Nadu",Pudukkottai,"Aranthangi(Uzhavar Sandhai )",Drumstick,Drumstick,Local,26/07/2026,6000,7000,6500
"Tamil Nadu",Pudukkottai,"Aranthangi(Uzhavar Sandhai )",Mango(Raw-Ripe),"Mango - Raw-Ripe",Local,26/07/2026,2500,3000,2750
"Tamil Nadu",Coimbatore,"Sulur(Uzhavar Sandhai )",Onion,Bellary,Local,26/07/2026,3000,3500,3250
"Tamil Nadu",Coimbatore,"Sulur(Uzhavar Sandhai )","Bottle gourd","Bottle Gourd",Local,26/07/2026,2800,3200,3000
"Tamil Nadu",Coimbatore,"Sulur(Uzhavar Sandhai )",Cowpea(Veg),"Cowpea (Veg)",Local,26/07/2026,3500,4000,3750
"Tamil Nadu",Coimbatore,"Sulur(Uzhavar Sandhai )",Ginger(Green),"Green Ginger",Local,26/07/2026,16000,18000,17000
"Tamil Nadu",Coimbatore,"Sulur(Uzhavar Sandhai )",Carrot,Pusakesar,Local,26/07/2026,9000,10000,9500
"Tamil Nadu",Coimbatore,"Sulur(Uzhavar Sandhai )",Thondekai,Thondekai,Local,26/07/2026,4800,5200,5000
"Tamil Nadu",Pudukkottai,"Gandarvakottai(Uzhavar Sandhai )",Pumpkin,Pumpkin,Local,26/07/2026,1000,1500,1250
"Tamil Nadu",Pudukkottai,"Gandarvakottai(Uzhavar Sandhai )","Green Avare(W)","Green Avare (W)",Local,26/07/2026,5000,6000,5500
"Tamil Nadu",Pudukkottai,"Gandarvakottai(Uzhavar Sandhai )",Mango(Raw-Ripe),"Mango - Raw-Ripe",Local,26/07/2026,2000,2500,2250
"Tamil Nadu",Pudukkottai,"Gandarvakottai(Uzhavar Sandhai )","Onion Green","Onion Green",Local,26/07/2026,6500,7000,6750
Keralam,Thirssur,"Muriyad  VFPCK Market",Banana,"Nendra Bale","Grade A",26/07/2026,4000,4400,4200
"Tamil Nadu",Cuddalore,"Panruti(Uzhavar Sandhai )",Papaya,Papaya,Local,26/07/2026,4000,4000,4000
"Tamil Nadu",Cuddalore,"Panruti(Uzhavar Sandhai )",Raddish,Raddish,Local,26/07/2026,3000,3000,3000
"Tamil Nadu",Cuddalore,"Panruti(Uzhavar Sandhai )","Green Avare(W)","Green Avare (W)",Local,26/07/2026,7000,7000,7000
"Tamil Nadu",Cuddalore,"Panruti(Uzhavar Sandhai )","Onion Green","Onion Green",Local,26/07/2026,7000,7000,7000
"Tamil Nadu",Cuddalore,"Vadalur(Uzhavar Sandhai )",Garlic,Garlic,Local,26/07/2026,20000,24000,22000
"Tamil Nadu",Cuddalore,"Vadalur(Uzhavar Sandhai )",Amaranthus,Amaranthus,Local,26/07/2026,3000,3500,3250
"Tamil Nadu",Cuddalore,"Vadalur(Uzhavar Sandhai )",Beans,"Beans (Whole)",Local,26/07/2026,8000,8000,8000
"Tamil Nadu",Cuddalore,"Vadalur(Uzhavar Sandhai )",Carrot,Pusakesar,Local,26/07/2026,6000,6000,6000
"Tamil Nadu",Cuddalore,"Vadalur(Uzhavar Sandhai )",Snakeguard,Snakeguard,Local,26/07/2026,3000,3000,3000
"Tamil Nadu",Cuddalore,"Vadalur(Uzhavar Sandhai )","Green Avare(W)",Other,Local,26/07/2026,8000,8000,8000
"Tamil Nadu",Cuddalore,"Vadalur(Uzhavar Sandhai )",Drumstick,Drumstick,Local,26/07/2026,4000,4000,4000
"Tamil Nadu",Dharmapuri,"AJattihalli(Uzhavar Sandhai )",Garlic,Garlic,Local,26/07/2026,20000,24400,22200
"Tamil Nadu",Dharmapuri,"AJattihalli(Uzhavar Sandhai )",Chikoos(Sapota),Sapota,Local,26/07/2026,4000,4000,4000
"Tamil Nadu",Dharmapuri,"AJattihalli(Uzhavar Sandhai )","Bitter gourd",Other,Local,26/07/2026,5000,5000,5000
"Tamil Nadu",Dharmapuri,"AJattihalli(Uzhavar Sandhai )",Mango(Raw-Ripe),"Mango - Raw-Ripe",Local,26/07/2026,4000,4500,4250
"Tamil Nadu",Dharmapuri,"AJattihalli(Uzhavar Sandhai )",Lemon,Lemon,Local,26/07/2026,6000,8000,7000
"Tamil Nadu",Nagapattinam,"Vedaranyam(Uzhavar Sandhai)",Amaranthus,Amaranthus,Local,26/07/2026,1800,2000,1900
"Tamil Nadu",Nagapattinam,"Vedaranyam(Uzhavar Sandhai)","Green Chilli","Green Chilly",Local,26/07/2026,3800,4000,3900
"Tamil Nadu",Nagapattinam,"Vedaranyam(Uzhavar Sandhai)",Beetroot,Beetroot,Local,26/07/2026,3800,4000,3900
"Tamil Nadu",Nagapattinam,"Vedaranyam(Uzhavar Sandhai)",Lemon,Lemon,Local,26/07/2026,4500,4800,4650
"Tamil Nadu",Nagapattinam,"Vedaranyam(Uzhavar Sandhai)","Onion Green","Onion Green",Local,26/07/2026,3600,3800,3700
"Tamil Nadu",Vellore,"Perampet(Uzhavar Sandhai)",Chikoos(Sapota),Sapota,Local,26/07/2026,3000,3000,3000
"Tamil Nadu",Vellore,"Perampet(Uzhavar Sandhai)",Papaya,Papaya,Local,26/07/2026,2500,3000,2750
"Tamil Nadu",Vellore,"Perampet(Uzhavar Sandhai)",Colacasia,Colacasia,Local,26/07/2026,4000,4600,4300
"Tamil Nadu",Vellore,"Perampet(Uzhavar Sandhai)","Onion Green","Onion Green",Local,26/07/2026,6000,6000,6000
"Tamil Nadu",Thanjavur,"Peravurani(Uzhavar Sandhai)",Onion,Bellary,Local,26/07/2026,2500,3000,2750
"Tamil Nadu",Thanjavur,"Peravurani(Uzhavar Sandhai)",Brinjal,Round,Local,26/07/2026,4500,4500,4500
"Tamil Nadu",Thanjavur,"Peravurani(Uzhavar Sandhai)",Papaya,Papaya,Local,26/07/2026,3000,3000,3000
"Tamil Nadu",Thanjavur,"Peravurani(Uzhavar Sandhai)",Tomato,Deshi,Local,26/07/2026,2000,2000,2000
"Tamil Nadu",Thanjavur,"Peravurani(Uzhavar Sandhai)","Green Chilli","Green Chilly",Local,26/07/2026,4500,4500,4500
"Tamil Nadu",Thanjavur,"Peravurani(Uzhavar Sandhai)",Tapioca,Tapioca,Local,26/07/2026,3000,3000,3000
"Tamil Nadu",Thanjavur,"Peravurani(Uzhavar Sandhai)",Drumstick,Drumstick,Local,26/07/2026,6000,6000,6000
"Tamil Nadu",Thanjavur,"Peravurani(Uzhavar Sandhai)",Lemon,Lemon,Local,26/07/2026,6000,6000,6000
Maharashtra,Pune,"Pune(Pimpri) APMC",Cucumbar(Kheera),Other,Local,26/07/2026,1300,1300,1300
Maharashtra,Pune,"Pune(Pimpri) APMC",Onion,Local,Local,26/07/2026,1600,2600,2100
Maharashtra,Pune,"Pune(Pimpri) APMC",Cabbage,Other,Local,26/07/2026,2300,2300,2300
Maharashtra,Pune,"Pune(Pimpri) APMC",Mint(Pudina),Other,Local,26/07/2026,7,9,8
Maharashtra,Pune,"Pune(Pimpri) APMC",Brinjal,Other,Local,26/07/2026,3500,4000,3750
"Madhya Pradesh",Badwani,"Sendhwa(F&V) APMC",Tomato,Hybrid,Medium,26/07/2026,1000,1800,1300
"Tamil Nadu",Karur,"Kulithalai(Uzhavar Sandhai )",Tomato,Deshi,Local,26/07/2026,2000,2400,2200
"Tamil Nadu",Karur,"Kulithalai(Uzhavar Sandhai )","Banana - Green","Banana - Green",Local,26/07/2026,3500,4000,3750
"Tamil Nadu",Karur,"Kulithalai(Uzhavar Sandhai )","Betal Leaves",Mysore,Local,26/07/2026,9000,10000,9500
"Tamil Nadu",Karur,"Kulithalai(Uzhavar Sandhai )",Cabbage,Cabbage,Local,26/07/2026,4400,5000,4700
"Tamil Nadu",Karur,"Kulithalai(Uzhavar Sandhai )",Yam(Ratalu),"Yam (Ratalu)",Local,26/07/2026,7000,8000,7500
"Tamil Nadu",Karur,"Kulithalai(Uzhavar Sandhai )",Mashrooms,Mashrooms,Local,26/07/2026,16000,20000,18000
"Tamil Nadu",Karur,"Pallapatti (Uzhavar Sandhai )",Banana,Other,Local,26/07/2026,5500,6000,5750
"Tamil Nadu",Karur,"Pallapatti (Uzhavar Sandhai )",Chikoos(Sapota),Sapota,Local,26/07/2026,3500,4000,3750
"Tamil Nadu",Karur,"Pallapatti (Uzhavar Sandhai )","Cluster beans","Cluster Beans",Local,26/07/2026,4500,5000,4750
"Tamil Nadu",Karur,"Pallapatti (Uzhavar Sandhai )","Green Chilli","Green Chilly",Local,26/07/2026,5500,6000,5750
"Tamil Nadu",Karur,"Pallapatti (Uzhavar Sandhai )",Raddish,Raddish,Local,26/07/2026,4500,5000,4750
"Tamil Nadu",Karur,"Pallapatti (Uzhavar Sandhai )",Mango(Raw-Ripe),"Mango - Raw-Ripe",Local,26/07/2026,2500,3000,2750
"Tamil Nadu",Karur,"Pallapatti (Uzhavar Sandhai )",Guava,"Guava Allahabad",Local,26/07/2026,5500,6000,5750
"Tamil Nadu",Karur,"Pallapatti (Uzhavar Sandhai )",Lemon,Lemon,Local,26/07/2026,5500,6000,5750
"Tamil Nadu",Karur,"Velayuthampalayam(Uzhavar Sandhai )",Banana,Other,Local,26/07/2026,5200,6000,5600
"Tamil Nadu",Karur,"Velayuthampalayam(Uzhavar Sandhai )",Brinjal,Other,Local,26/07/2026,3800,4500,4150
"Tamil Nadu",Karur,"Velayuthampalayam(Uzhavar Sandhai )",Amaranthus,Amaranthus,Local,26/07/2026,2000,2500,2250
"Tamil Nadu",Karur,"Velayuthampalayam(Uzhavar Sandhai )","Green Chilli","Green Chilly",Local,26/07/2026,4800,5500,5150
"Tamil Nadu",Karur,"Velayuthampalayam(Uzhavar Sandhai )","Banana - Green","Banana - Green",Local,26/07/2026,2400,3000,2700
"Tamil Nadu",Karur,"Velayuthampalayam(Uzhavar Sandhai )",Drumstick,Drumstick,Local,26/07/2026,3200,4000,3600
"Tamil Nadu",Karur,"Vengamedu(Uzhavar Sandhai )",Tomato,Deshi,Local,26/07/2026,1500,2000,1750
"Tamil Nadu",Karur,"Vengamedu(Uzhavar Sandhai )",Drumstick,Drumstick,Local,26/07/2026,3500,4000,3750
"Tamil Nadu",Karur,"Vengamedu(Uzhavar Sandhai )",Lemon,Lemon,Local,26/07/2026,7500,8000,7750
"Tamil Nadu",Theni,"Devaram(Uzhavar Sandhai )",Potato,"Red Nanital",Local,26/07/2026,2600,2600,2600
"Tamil Nadu",Theni,"Devaram(Uzhavar Sandhai )","Banana - Green","Banana - Green",Local,26/07/2026,3000,3000,3000
"Tamil Nadu",Theni,"Devaram(Uzhavar Sandhai )",Tapioca,Tapioca,Local,26/07/2026,2500,2500,2500
"Tamil Nadu",Theni,"Devaram(Uzhavar Sandhai )",Raddish,Raddish,Local,26/07/2026,2800,2800,2800
"Tamil Nadu",Salem,"Attayampatti(Uzhavar Sandhai )",Brinjal,Round,Local,26/07/2026,5000,5600,5300
"Tamil Nadu",Salem,"Attayampatti(Uzhavar Sandhai )",Coriander(Leaves),"I Sort",Local,26/07/2026,3400,3800,3600
"Tamil Nadu",Salem,"Attayampatti(Uzhavar Sandhai )","Cluster beans","Cluster Beans",Local,26/07/2026,3500,3800,3650
"Tamil Nadu",Salem,"Attayampatti(Uzhavar Sandhai )","Bottle gourd","Bottle Gourd",Local,26/07/2026,2600,3000,2800
"Tamil Nadu",Salem,"Attayampatti(Uzhavar Sandhai )","Banana - Green","Banana - Green",Local,26/07/2026,2400,2800,2600
"Tamil Nadu",Salem,"Attayampatti(Uzhavar Sandhai )",Snakeguard,Snakeguard,Local,26/07/2026,3400,3800,3600
"Tamil Nadu",Salem,"Attayampatti(Uzhavar Sandhai )",Drumstick,Drumstick,Local,26/07/2026,6000,6000,6000
"Tamil Nadu",Sivaganga,"Sivagangai (Uzhavar Sandhai )",Banana,Poovan,Local,26/07/2026,4000,4000,4000
"Tamil Nadu",Sivaganga,"Sivagangai (Uzhavar Sandhai )",Coriander(Leaves),"I Sort",Local,26/07/2026,6600,7200,6900
"Tamil Nadu",Sivaganga,"Sivagangai (Uzhavar Sandhai )",Chikoos(Sapota),Sapota,Local,26/07/2026,4200,6200,5200
"Tamil Nadu",Sivaganga,"Sivagangai (Uzhavar Sandhai )",Ashgourd,Gouard,Local,26/07/2026,2600,2800,2700
"Tamil Nadu",Sivaganga,"Sivagangai (Uzhavar Sandhai )",Amaranthus,Amaranthus,Local,26/07/2026,3000,4000,3500
"Tamil Nadu",Sivaganga,"Sivagangai (Uzhavar Sandhai )","Green Chilli","Green Chilly",Local,26/07/2026,4600,5200,4900
"Tamil Nadu",Sivaganga,"Sivagangai (Uzhavar Sandhai )",Ginger(Green),"Green Ginger",Local,26/07/2026,16000,16000,16000
"Tamil Nadu",Sivaganga,"Sivagangai (Uzhavar Sandhai )",Coconut,Coconut,Local,26/07/2026,6000,6200,6100
"Tamil Nadu",Sivaganga,"Sivagangai (Uzhavar Sandhai )",Ridgeguard(Tori),Ridgeguard(Tori),Local,26/07/2026,4200,6600,5400
"Tamil Nadu",Sivaganga,"Sivagangai (Uzhavar Sandhai )","Green Avare(W)",Other,Local,26/07/2026,6200,7200,6700
"Tamil Nadu",Sivaganga,"Sivagangai (Uzhavar Sandhai )","Chow Chow","Chow Chow",Local,26/07/2026,2600,3200,2900
"Tamil Nadu",Sivaganga,"Sivagangai (Uzhavar Sandhai )",Mint(Pudina),Mint(Pudina),Local,26/07/2026,5600,6200,5900
"Tamil Nadu",Sivaganga,"Devakottai (Uzhavar Sandhai )",Onion,Bellary,Local,26/07/2026,2400,3500,2950
"Tamil Nadu",Sivaganga,"Devakottai (Uzhavar Sandhai )",Banana,Poovan,Local,26/07/2026,3500,4000,3750
"Tamil Nadu",Sivaganga,"Devakottai (Uzhavar Sandhai )",Tomato,Deshi,Local,26/07/2026,2000,2500,2250
"Tamil Nadu",Sivaganga,"Devakottai (Uzhavar Sandhai )","Bhindi(Ladies Finger)",Bhindi,Local,26/07/2026,3200,3800,3500
"Tamil Nadu",Sivaganga,"Devakottai (Uzhavar Sandhai )",Amaranthus,Amaranthus,Local,26/07/2026,3500,4000,3750
"Tamil Nadu",Sivaganga,"Devakottai (Uzhavar Sandhai )","Green Chilli","Green Chilly",Local,26/07/2026,4800,5400,5100
"Tamil Nadu",Sivaganga,"Devakottai (Uzhavar Sandhai )",Beans,"Beans (Whole)",Local,26/07/2026,8200,9400,8800
"Tamil Nadu",Sivaganga,"Devakottai (Uzhavar Sandhai )",Ginger(Green),"Green Ginger",Local,26/07/2026,15200,21200,18200
"Tamil Nadu",Sivaganga,"Devakottai (Uzhavar Sandhai )",Coconut,Coconut,Local,26/07/2026,5800,6500,6150
"Tamil Nadu",Sivaganga,"Devakottai (Uzhavar Sandhai )",Carrot,Pusakesar,Local,26/07/2026,7400,10200,8800
"Tamil Nadu",Sivaganga,"Devakottai (Uzhavar Sandhai )",Raddish,Raddish,Local,26/07/2026,3200,3800,3500
"Tamil Nadu",Sivaganga,"Devakottai (Uzhavar Sandhai )",Guava,"Guava Allahabad",Local,26/07/2026,7000,8400,7700
"Tamil Nadu",Sivaganga,"Devakottai (Uzhavar Sandhai )","Onion Green","Onion Green",Local,26/07/2026,6000,6400,6200
"Tamil Nadu",Salem,"Edapadi (Uzhavar Sandhai )",Potato,Other,Local,26/07/2026,2500,3000,2750
"Tamil Nadu",Salem,"Edapadi (Uzhavar Sandhai )","Bitter gourd",Other,Local,26/07/2026,5500,6000,5750
"Tamil Nadu",Salem,"Edapadi (Uzhavar Sandhai )","Bottle gourd","Bottle Gourd",Local,26/07/2026,2400,2800,2600
"Tamil Nadu",Salem,"Edapadi (Uzhavar Sandhai )","Banana - Green","Banana - Green",Local,26/07/2026,2200,2600,2400
"Tamil Nadu",Salem,"Edapadi (Uzhavar Sandhai )",Tapioca,Tapioca,Local,26/07/2026,2600,3000,2800
"Tamil Nadu",Salem,"Edapadi (Uzhavar Sandhai )",Carrot,Pusakesar,Local,26/07/2026,9000,10000,9500
"Tamil Nadu",Salem,"Edapadi (Uzhavar Sandhai )",Beetroot,Beetroot,Local,26/07/2026,8500,9000,8750
"Tamil Nadu",Salem,"Edapadi (Uzhavar Sandhai )",Raddish,Raddish,Local,26/07/2026,3000,3400,3200
"Tamil Nadu",Salem,"Edapadi (Uzhavar Sandhai )","Green Avare(W)",Other,Local,26/07/2026,7000,7500,7250
"Tamil Nadu",Salem,"Edapadi (Uzhavar Sandhai )",Lemon,Lemon,Local,26/07/2026,6500,7000,6750
"Tamil Nadu",Salem,"Elampillai(Uzhavar Sandhai )",Mango,Neelam,Local,26/07/2026,4000,5000,4500
"Tamil Nadu",Salem,"Elampillai(Uzhavar Sandhai )",Amaranthus,Amaranthus,Local,26/07/2026,2000,2400,2200
"Tamil Nadu",Salem,"Elampillai(Uzhavar Sandhai )",Cowpea(Veg),"Cowpea (Veg)",Local,26/07/2026,4500,5000,4750
"Tamil Nadu",Salem,"Elampillai(Uzhavar Sandhai )","Banana - Green","Banana - Green",Local,26/07/2026,2000,2400,2200
"Tamil Nadu",Salem,"Elampillai(Uzhavar Sandhai )",Capsicum,Capsicum,Local,26/07/2026,6000,7000,6500
"Tamil Nadu",Salem,"Elampillai(Uzhavar Sandhai )","Chow Chow","Chow Chow",Local,26/07/2026,3500,4000,3750
"Tamil Nadu",Salem,"Elampillai(Uzhavar Sandhai )",Mint(Pudina),Mint(Pudina),Local,26/07/2026,4000,4500,4250
"Tamil Nadu",Salem,"Hasthampatti(Uzhavar Sandhai )","Cluster beans","Cluster Beans",Local,26/07/2026,3600,3800,3700
"Tamil Nadu",Salem,"Hasthampatti(Uzhavar Sandhai )","Banana - Green","Banana - Green",Local,26/07/2026,1500,2000,1750
"Tamil Nadu",Salem,"Hasthampatti(Uzhavar Sandhai )",Ginger(Green),"Green Ginger",Local,26/07/2026,18000,18500,18250
"Tamil Nadu",Salem,"Hasthampatti(Uzhavar Sandhai )",Snakeguard,Snakeguard,Local,26/07/2026,3800,4000,3900
"Tamil Nadu",Salem,"Hasthampatti(Uzhavar Sandhai )",Cucumbar(Kheera),Cucumbar,Local,26/07/2026,4000,5000,4500
"Tamil Nadu",Salem,"Hasthampatti(Uzhavar Sandhai )",Ridgeguard(Tori),Ridgeguard(Tori),Local,26/07/2026,4000,4500,4250
"Tamil Nadu",Salem,"Jalagandapuram(Uzhavar Sandhai )",Potato,Other,Local,26/07/2026,2600,2800,2700
"Tamil Nadu",Salem,"Jalagandapuram(Uzhavar Sandhai )",Pumpkin,Pumpkin,Local,26/07/2026,2000,2400,2200
"Tamil Nadu",Salem,"Jalagandapuram(Uzhavar Sandhai )","Bhindi(Ladies Finger)",Bhindi,Local,26/07/2026,3000,3400,3200
"Tamil Nadu",Salem,"Jalagandapuram(Uzhavar Sandhai )","Green Chilli","Green Chilly",Local,26/07/2026,3500,4000,3750
"Tamil Nadu",Salem,"Jalagandapuram(Uzhavar Sandhai )",Beans,"Beans (Whole)",Local,26/07/2026,6500,7000,6750
"Tamil Nadu",Salem,"Jalagandapuram(Uzhavar Sandhai )",Drumstick,Drumstick,Local,26/07/2026,5000,6000,5500
"Tamil Nadu",Salem,"Jalagandapuram(Uzhavar Sandhai )",Lime,Lime,Local,26/07/2026,3000,3500,3250
"Tamil Nadu",Sivaganga,"Singampunari(Uzhavar Sandhai )",Cauliflower,Ranchi,Local,26/07/2026,2600,3000,2800
"Tamil Nadu",Sivaganga,"Singampunari(Uzhavar Sandhai )",Brinjal,Other,Local,26/07/2026,5200,5600,5400
"Tamil Nadu",Sivaganga,"Singampunari(Uzhavar Sandhai )",Ashgourd,Gouard,Local,26/07/2026,2600,2800,2700
"Tamil Nadu",Sivaganga,"Singampunari(Uzhavar Sandhai )","Bhindi(Ladies Finger)",Bhindi,Local,26/07/2026,3200,3800,3500
"Tamil Nadu",Sivaganga,"Singampunari(Uzhavar Sandhai )",Ridgeguard(Tori),Ridgeguard(Tori),Local,26/07/2026,3600,4200,3900
"Tamil Nadu",Sivaganga,"Singampunari(Uzhavar Sandhai )",Raddish,Raddish,Local,26/07/2026,3200,3600,3400
"Tamil Nadu",Sivaganga,"Singampunari(Uzhavar Sandhai )","Green Avare(W)",Other,Local,26/07/2026,6400,7200,6800
"Tamil Nadu",Sivaganga,"Singampunari(Uzhavar Sandhai )","Chow Chow","Chow Chow",Local,26/07/2026,2600,3200,2900
"Tamil Nadu",Sivaganga,"Karaikudi(Uzhavar Sandhai )",Banana,Besrai,Local,26/07/2026,3500,4000,3750
"Tamil Nadu",Sivaganga,"Karaikudi(Uzhavar Sandhai )",Pumpkin,Pumpkin,Local,26/07/2026,2400,2800,2600
"Tamil Nadu",Sivaganga,"Karaikudi(Uzhavar Sandhai )",Guava,"Guava Allahabad",Local,26/07/2026,7500,8500,8000
"Tamil Nadu",Sivaganga,"Karaikudi(Uzhavar Sandhai )",Lemon,Lemon,Local,26/07/2026,5500,6500,6000
"Tamil Nadu",Sivaganga,"Tirupatthur(Uzhavar Sandhai )",Coriander(Leaves),"I Sort",Local,26/07/2026,7000,7500,7250
"Tamil Nadu",Sivaganga,"Tirupatthur(Uzhavar Sandhai )",Tomato,Other,Local,26/07/2026,2200,2500,2350
"Tamil Nadu",Sivaganga,"Tirupatthur(Uzhavar Sandhai )",Coconut,Coconut,Local,26/07/2026,6000,6500,6250
"Tamil Nadu",Sivaganga,"Tirupatthur(Uzhavar Sandhai )",Cabbage,Cabbage,Local,26/07/2026,3500,4000,3750
"Tamil Nadu",Sivaganga,"Tirupatthur(Uzhavar Sandhai )",Snakeguard,Snakeguard,Local,26/07/2026,3500,4000,3750
"Tamil Nadu",Sivaganga,"Tirupatthur(Uzhavar Sandhai )",Mango(Raw-Ripe),"Mango - Raw-Ripe",Local,26/07/2026,3000,4000,3500
"Tamil Nadu",Sivaganga,"Tirupatthur(Uzhavar Sandhai )",Lemon,Lemon,Local,26/07/2026,5400,6500,5950
"Tamil Nadu",Thanjavur,"Pattukottai(Uzhavar Sandhai )",Potato,"Red Nanital",Local,26/07/2026,3000,3000,3000
"Tamil Nadu",Thanjavur,"Pattukottai(Uzhavar Sandhai )",Tomato,Deshi,Local,26/07/2026,2400,2400,2400
"Tamil Nadu",Thanjavur,"Pattukottai(Uzhavar Sandhai )","Green Chilli","Green Chilly",Local,26/07/2026,5400,5400,5400
"Tamil Nadu",Thanjavur,"Pattukottai(Uzhavar Sandhai )","Banana - Green","Banana - Green",Local,26/07/2026,3000,3000,3000
"Tamil Nadu",Thanjavur,"Pattukottai(Uzhavar Sandhai )",Beans,"Beans (Whole)",Local,26/07/2026,8600,8600,8600
"Tamil Nadu",Thanjavur,"Pattukottai(Uzhavar Sandhai )",Snakeguard,Snakeguard,Local,26/07/2026,4800,4800,4800
"Tamil Nadu",Thanjavur,"Pattukottai(Uzhavar Sandhai )",Raddish,Raddish,Local,26/07/2026,4400,4400,4400
"Tamil Nadu",Thanjavur,"Pattukottai(Uzhavar Sandhai )","Onion Green","Onion Green",Local,26/07/2026,6000,6000,6000
"Tamil Nadu",Thanjavur,"Thanjavur(Uzhavar Sandhai )",Apple,American,Local,26/07/2026,26000,26000,26000
"Tamil Nadu",Thanjavur,"Thanjavur(Uzhavar Sandhai )",Brinjal,Round,Local,26/07/2026,5000,6400,5700
"Tamil Nadu",Thanjavur,"Thanjavur(Uzhavar Sandhai )",Coriander(Leaves),"I Sort",Local,26/07/2026,5500,5500,5500
"Tamil Nadu",Thanjavur,"Thanjavur(Uzhavar Sandhai )","Cluster beans","Cluster Beans",Local,26/07/2026,4000,4000,4000
"Tamil Nadu",Thanjavur,"Thanjavur(Uzhavar Sandhai )",Ashgourd,Gouard,Local,26/07/2026,2400,2400,2400
"Tamil Nadu",Thanjavur,"Thanjavur(Uzhavar Sandhai )",Cabbage,Cabbage,Local,26/07/2026,4000,4000,4000
"Tamil Nadu",Thanjavur,"Thanjavur(Uzhavar Sandhai )",Raddish,Raddish,Local,26/07/2026,3600,3600,3600
"Tamil Nadu",Thanjavur,"Thanjavur(Uzhavar Sandhai )",Drumstick,Drumstick,Local,26/07/2026,4800,4800,4800
"Tamil Nadu",Thanjavur,"Thanjavur(Uzhavar Sandhai )",Guava,"Guava Allahabad",Local,26/07/2026,8000,8000,8000
"Tamil Nadu",Thanjavur,"Thanjavur(Uzhavar Sandhai )",Mint(Pudina),Mint(Pudina),Local,26/07/2026,7000,7000,7000
"Tamil Nadu",Thiruchirappalli,"KKNagar(Uzhavar Sandhai )",Pumpkin,Pumpkin,Local,26/07/2026,2000,2000,2000
"Tamil Nadu",Thiruchirappalli,"KKNagar(Uzhavar Sandhai )",Snakeguard,Snakeguard,Local,26/07/2026,4000,4000,4000
"Tamil Nadu",Thiruchirappalli,"KKNagar(Uzhavar Sandhai )",Ridgeguard(Tori),Ridgeguard(Tori),Local,26/07/2026,6000,6600,6300
"Tamil Nadu",Thiruchirappalli,"KKNagar(Uzhavar Sandhai )",Capsicum,Capsicum,Local,26/07/2026,6400,6400,6400
"Tamil Nadu",Thiruchirappalli,"KKNagar(Uzhavar Sandhai )","Chow Chow","Chow Chow",Local,26/07/2026,4000,4000,4000
"Tamil Nadu",Thiruchirappalli,"KKNagar(Uzhavar Sandhai )","Indian Beans(Seam)","Indian Beans (Seam)",Local,26/07/2026,7000,7000,7000
"Tamil Nadu",Thiruchirappalli,"KKNagar(Uzhavar Sandhai )",Lemon,Lemon,Local,26/07/2026,5000,5000,5000
"Tamil Nadu",Thiruchirappalli,"KKNagar(Uzhavar Sandhai )",Mashrooms,Mashrooms,Local,26/07/2026,22000,22000,22000
"Tamil Nadu",Thiruchirappalli,"Lalgudi(Uzhavar Sandhai )",Brinjal,Other,Local,26/07/2026,6000,6000,6000
"Tamil Nadu",Thiruchirappalli,"Lalgudi(Uzhavar Sandhai )",Pumpkin,Pumpkin,Local,26/07/2026,2000,2000,2000
"Tamil Nadu",Thiruchirappalli,"Lalgudi(Uzhavar Sandhai )",Ridgeguard(Tori),Ridgeguard(Tori),Local,26/07/2026,5600,5600,5600
"Tamil Nadu",Thiruchirappalli,"Lalgudi(Uzhavar Sandhai )",Thondekai,Thondekai,Local,26/07/2026,5000,5000,5000
"Tamil Nadu",Thiruchirappalli,"Lalgudi(Uzhavar Sandhai )","Indian Beans(Seam)","Indian Beans (Seam)",Local,26/07/2026,7000,7000,7000
"Tamil Nadu",Thiruchirappalli,"Lalgudi(Uzhavar Sandhai )",Colacasia,Colacasia,Local,26/07/2026,4600,4600,4600
"Tamil Nadu",Thiruchirappalli,"Manachanallur(Uzhavar Sandhai )",Coriander(Leaves),"I Sort",Local,26/07/2026,4600,4600,4600
"Tamil Nadu",Thiruchirappalli,"Manachanallur(Uzhavar Sandhai )",Papaya,Papaya,Local,26/07/2026,4000,4000,4000
"Tamil Nadu",Thiruchirappalli,"Manachanallur(Uzhavar Sandhai )","Green Chilli","Green Chilly",Local,26/07/2026,5500,5500,5500
"Tamil Nadu",Thiruchirappalli,"Manachanallur(Uzhavar Sandhai )",Coconut,Coconut,Local,26/07/2026,6000,6000,6000
"Tamil Nadu",Thiruchirappalli,"Manachanallur(Uzhavar Sandhai )","Sweet Potato","Hosur Red",Local,26/07/2026,4500,4500,4500
"Tamil Nadu",Thiruchirappalli,"Manachanallur(Uzhavar Sandhai )",Beetroot,Beetroot,Local,26/07/2026,4500,4500,4500
"Tamil Nadu",Thiruchirappalli,"Manachanallur(Uzhavar Sandhai )",Drumstick,Drumstick,Local,26/07/2026,5000,6000,5500
"Tamil Nadu",Thiruchirappalli,"Manapparai(Uzhavar Sandhai )","Bottle gourd","Bottle Gourd",Local,26/07/2026,2500,3000,2750
"Tamil Nadu",Thiruchirappalli,"Manapparai(Uzhavar Sandhai )","Bhindi(Ladies Finger)",Bhindi,Local,26/07/2026,3000,3600,3300
"Tamil Nadu",Thiruchirappalli,"Manapparai(Uzhavar Sandhai )",Cowpea(Veg),"Cowpea (Veg)",Local,26/07/2026,4000,4000,4000
"Tamil Nadu",Thiruchirappalli,"Manapparai(Uzhavar Sandhai )",Coconut,Coconut,Local,26/07/2026,6000,6000,6000
"Tamil Nadu",Thiruchirappalli,"Manapparai(Uzhavar Sandhai )",Carrot,Pusakesar,Local,26/07/2026,10000,10000,10000
"Tamil Nadu",Thiruchirappalli,"Manapparai(Uzhavar Sandhai )",Ridgeguard(Tori),Ridgeguard(Tori),Local,26/07/2026,6000,6000,6000
"Tamil Nadu",Thiruchirappalli,"Manapparai(Uzhavar Sandhai )",Lemon,Lemon,Local,26/07/2026,5000,5000,5000
"Tamil Nadu",Thiruchirappalli,"Musiri(Uzhavar Sandhai )",Mango,Safeda,Local,26/07/2026,3000,3000,3000
"Tamil Nadu",Thiruchirappalli,"Musiri(Uzhavar Sandhai )",Brinjal,Other,Local,26/07/2026,3500,4000,3750
"Tamil Nadu",Thiruchirappalli,"Musiri(Uzhavar Sandhai )","Betal Leaves",Mysore,Local,26/07/2026,7000,8000,7500
"Tamil Nadu",Thiruchirappalli,"Musiri(Uzhavar Sandhai )",Snakeguard,Snakeguard,Local,26/07/2026,4000,4600,4300
"Tamil Nadu",Thiruchirappalli,"Musiri(Uzhavar Sandhai )",Drumstick,Drumstick,Local,26/07/2026,4500,5000,4750
"Tamil Nadu",Thiruchirappalli,"Musiri(Uzhavar Sandhai )",Guava,"Guava Allahabad",Local,26/07/2026,4000,5000,4500
"Tamil Nadu",Thiruchirappalli,"Musiri(Uzhavar Sandhai )","Tender Coconut","Tender Coconut",Local,26/07/2026,3500,4000,3750
"Tamil Nadu",Thiruchirappalli,"Musiri(Uzhavar Sandhai )","Elephant Yam(Suran)/Amorphophallus","Elephant Yam (Suran)",Local,26/07/2026,4000,4600,4300
"Tamil Nadu",Thiruchirappalli,"Musiri(Uzhavar Sandhai )","Onion Green","Onion Green",Local,26/07/2026,3000,6000,4500
"Tamil Nadu",Thiruchirappalli,"Thiruverumbur(Uzhavar Sandhai )",Banana,Karpura,Local,26/07/2026,4000,4000,4000
"Tamil Nadu",Thiruchirappalli,"Thiruverumbur(Uzhavar Sandhai )","Bottle gourd","Bottle Gourd",Local,26/07/2026,3000,3000,3000
"Tamil Nadu",Thiruchirappalli,"Thiruverumbur(Uzhavar Sandhai )",Coconut,Coconut,Local,26/07/2026,6000,6600,6300
"Tamil Nadu",Thiruchirappalli,"Thiruverumbur(Uzhavar Sandhai )",Raddish,Raddish,Local,26/07/2026,4000,4000,4000
"Tamil Nadu",Thiruchirappalli,"Thiruverumbur(Uzhavar Sandhai )",Lemon,Lemon,Local,26/07/2026,5000,5000,5000
"Tamil Nadu",Virudhunagar,"Rajapalayam(Uzhavar Sandhai )","Bitter gourd","Bitter Gourd",Local,26/07/2026,8000,9000,8500
"Tamil Nadu",Virudhunagar,"Rajapalayam(Uzhavar Sandhai )","Banana - Green","Banana - Green",Local,26/07/2026,3000,3500,3250
"Tamil Nadu",Virudhunagar,"Rajapalayam(Uzhavar Sandhai )","Green Avare(W)","Green Avare (W)",Local,26/07/2026,6000,7000,6500
"Tamil Nadu",Virudhunagar,"Rajapalayam(Uzhavar Sandhai )",Lime,Lime,Local,26/07/2026,14000,16000,15000
"Tamil Nadu",Virudhunagar,"Sathur(Uzhavar Sandhai )",Brinjal,Round,Local,26/07/2026,3500,4000,3750
"Tamil Nadu",Virudhunagar,"Sathur(Uzhavar Sandhai )",Coriander(Leaves),"I Sort",Local,26/07/2026,6500,7000,6750
"Tamil Nadu",Virudhunagar,"Sathur(Uzhavar Sandhai )","Bottle gourd","Bottle Gourd",Local,26/07/2026,1800,2000,1900
"Tamil Nadu",Virudhunagar,"Sathur(Uzhavar Sandhai )",Ridgeguard(Tori),Ridgeguard(Tori),Local,26/07/2026,4500,5000,4750
"Tamil Nadu",Virudhunagar,"Sathur(Uzhavar Sandhai )",Lemon,Lemon,Local,26/07/2026,3500,4000,3750
"Tamil Nadu",Virudhunagar,"Sivakasi(Uzhavar Sandhai )",Coriander(Leaves),"I Sort",Local,26/07/2026,6000,7000,6500
"Tamil Nadu",Virudhunagar,"Sivakasi(Uzhavar Sandhai )",Chikoos(Sapota),Sapota,Local,26/07/2026,2500,3000,2750
"Tamil Nadu",Virudhunagar,"Sivakasi(Uzhavar Sandhai )",Papaya,Papaya,Local,26/07/2026,2500,3000,2750
"Tamil Nadu",Virudhunagar,"Sivakasi(Uzhavar Sandhai )","Bhindi(Ladies Finger)",Bhindi,Local,26/07/2026,2500,3000,2750
"Tamil Nadu",Virudhunagar,"Sivakasi(Uzhavar Sandhai )",Cabbage,Cabbage,Local,26/07/2026,4000,5000,4500
"Tamil Nadu",Virudhunagar,"Sivakasi(Uzhavar Sandhai )","Green Avare(W)","Green Avare (W)",Local,26/07/2026,5000,6000,5500
"Tamil Nadu",Virudhunagar,"Thalavaipuram(Uzhavar Sandhai )",Potato,"Red Nanital",Local,26/07/2026,2500,3000,2750
"Tamil Nadu",Virudhunagar,"Thalavaipuram(Uzhavar Sandhai )",Banana,Besrai,Local,26/07/2026,3200,4000,3600
"Tamil Nadu",Virudhunagar,"Thalavaipuram(Uzhavar Sandhai )",Carrot,Pusakesar,Local,26/07/2026,5500,7000,6250
"Tamil Nadu",Virudhunagar,"Thalavaipuram(Uzhavar Sandhai )",Cabbage,Cabbage,Local,26/07/2026,3600,4500,4050
"Tamil Nadu",Virudhunagar,"Thalavaipuram(Uzhavar Sandhai )","Green Avare(W)","Green Avare (W)",Local,26/07/2026,5500,7000,6250
"Tamil Nadu",Virudhunagar,"Thalavaipuram(Uzhavar Sandhai )",Yam(Ratalu),"Yam (Ratalu)",Local,26/07/2026,7500,9000,8250
"Tamil Nadu",Virudhunagar,"Thalavaipuram(Uzhavar Sandhai )",Mint(Pudina),Mint(Pudina),Local,26/07/2026,5500,7000,6250
"Tamil Nadu",Virudhunagar,"Virudhunagar(Uzhavar Sandhai )","Bhindi(Ladies Finger)",Bhindi,Local,26/07/2026,3400,3500,3450
"Tamil Nadu",Virudhunagar,"Virudhunagar(Uzhavar Sandhai )","Green Avare(W)","Green Avare (W)",Local,26/07/2026,9600,9700,9650
"Tamil Nadu",Chengalpattu,"Madhuranthagam(Uzhavar Sandhai )",Garlic,Garlic,Local,26/07/2026,18000,18000,18000
"Tamil Nadu",Chengalpattu,"Madhuranthagam(Uzhavar Sandhai )",Brinjal,Round,Local,26/07/2026,6000,6000,6000
"Tamil Nadu",Chengalpattu,"Madhuranthagam(Uzhavar Sandhai )",Pumpkin,Pumpkin,Local,26/07/2026,3000,3000,3000
"Tamil Nadu",Chengalpattu,"Madhuranthagam(Uzhavar Sandhai )","Green Chilli","Green Chilly",Local,26/07/2026,4000,4000,4000
"Tamil Nadu",Chengalpattu,"Madhuranthagam(Uzhavar Sandhai )","Tender Coconut","Tender Coconut",Local,26/07/2026,3000,4000,3500
"Tamil Nadu",Chengalpattu,"Madhuranthagam(Uzhavar Sandhai )",Mint(Pudina),Mint(Pudina),Local,26/07/2026,3000,3000,3000
"Tamil Nadu",Chengalpattu,"Nanganallur(Uzhavar Sandhai )",Banana,Besrai,Local,26/07/2026,4500,5000,4750
"Tamil Nadu",Chengalpattu,"Nanganallur(Uzhavar Sandhai )",Mango,Neelam,Local,26/07/2026,4500,5000,4750
"Tamil Nadu",Chengalpattu,"Nanganallur(Uzhavar Sandhai )",Brinjal,Round,Local,26/07/2026,4500,5000,4750
"Tamil Nadu",Chengalpattu,"Nanganallur(Uzhavar Sandhai )","Bottle gourd","Bottle Gourd",Local,26/07/2026,5500,6000,5750
"Tamil Nadu",Chengalpattu,"Nanganallur(Uzhavar Sandhai )","Banana - Green","Banana - Green",Local,26/07/2026,3500,4000,3750
"Tamil Nadu",Chengalpattu,"Nanganallur(Uzhavar Sandhai )",Coconut,Coconut,Local,26/07/2026,5500,6000,5750
"Tamil Nadu",Chengalpattu,"Nanganallur(Uzhavar Sandhai )",Carrot,Pusakesar,Local,26/07/2026,9000,10000,9500
"Tamil Nadu",Chengalpattu,"Nanganallur(Uzhavar Sandhai )",Raddish,Raddish,Local,26/07/2026,5500,6000,5750
"Tamil Nadu",Chengalpattu,"Nanganallur(Uzhavar Sandhai )",Mango(Raw-Ripe),"Mango - Raw-Ripe",Local,26/07/2026,3500,4000,3750
"Tamil Nadu",Chengalpattu,"Nanganallur(Uzhavar Sandhai )",Pomegranate,Pomogranate,Local,26/07/2026,14000,15000,14500
"Tamil Nadu",Chengalpattu,"Nanganallur(Uzhavar Sandhai )","Tender Coconut","Tender Coconut",Local,26/07/2026,5500,6000,5750
"Tamil Nadu",Chengalpattu,"Nanganallur(Uzhavar Sandhai )","Elephant Yam(Suran)/Amorphophallus","Elephant Yam (Suran)",Local,26/07/2026,7500,8000,7750
"Tamil Nadu",Chengalpattu,"Nanganallur(Uzhavar Sandhai )","Amla(Nelli Kai)",Amla,Local,26/07/2026,9000,10000,9500
"Tamil Nadu",Chengalpattu,"Nanganallur(Uzhavar Sandhai )","Onion Green","Onion Green",Local,26/07/2026,7500,8000,7750
"Tamil Nadu",Chengalpattu,"Pallavaram(Uzhavar Sandhai )","Cluster beans","Cluster Beans",Local,26/07/2026,4000,5000,4500
"Tamil Nadu",Chengalpattu,"Pallavaram(Uzhavar Sandhai )",Pumpkin,Pumpkin,Local,26/07/2026,2500,3000,2750
"Tamil Nadu",Chengalpattu,"Pallavaram(Uzhavar Sandhai )",Cabbage,Cabbage,Local,26/07/2026,3000,3500,3250
"Tamil Nadu",Chengalpattu,"Pallavaram(Uzhavar Sandhai )",Ridgeguard(Tori),Ridgeguard(Tori),Local,26/07/2026,7000,8000,7500
"Tamil Nadu",Chengalpattu,"Pallavaram(Uzhavar Sandhai )","Indian Beans(Seam)","Indian Beans (Seam)",Local,26/07/2026,11000,12000,11500
"Tamil Nadu",Chengalpattu,"Pallavaram(Uzhavar Sandhai )",Colacasia,Colacasia,Local,26/07/2026,4000,5000,4500
"Tamil Nadu","Nagercoil (Kannyiakumari)","Myladi(Uzhavar Sandhai )",Potato,"Red Nanital",Local,26/07/2026,3000,3500,3250
"Tamil Nadu","Nagercoil (Kannyiakumari)","Myladi(Uzhavar Sandhai )",Brinjal,Round,Local,26/07/2026,5500,6000,5750
"Tamil Nadu","Nagercoil (Kannyiakumari)","Myladi(Uzhavar Sandhai )","Cluster beans","Cluster Beans",Local,26/07/2026,3500,4000,3750
"Tamil Nadu","Nagercoil (Kannyiakumari)","Myladi(Uzhavar Sandhai )",Pumpkin,Pumpkin,Local,26/07/2026,1500,2000,1750
"Tamil Nadu","Nagercoil (Kannyiakumari)","Myladi(Uzhavar Sandhai )",Snakeguard,Snakeguard,Local,26/07/2026,3500,4000,3750
"Tamil Nadu","Nagercoil (Kannyiakumari)","Myladi(Uzhavar Sandhai )","Tamarind Fruit","Tamarind Fruit",Local,26/07/2026,14000,15000,14500
"Tamil Nadu",Chengalpattu,"Jameenrayapettai(Uzhavar Sandhai )",Grapes,Annabesahai,Local,26/07/2026,9000,11000,10000
"Tamil Nadu",Chengalpattu,"Jameenrayapettai(Uzhavar Sandhai )",Onion,Bellary,Local,26/07/2026,3500,4000,3750
"Tamil Nadu",Chengalpattu,"Jameenrayapettai(Uzhavar Sandhai )",Mango,Neelam,Local,26/07/2026,5000,6000,5500
"Tamil Nadu",Chengalpattu,"Jameenrayapettai(Uzhavar Sandhai )",Tomato,Other,Local,26/07/2026,1800,2000,1900
"Tamil Nadu",Chengalpattu,"Jameenrayapettai(Uzhavar Sandhai )","Cluster beans","Cluster Beans",Local,26/07/2026,4000,5000,4500
"Tamil Nadu",Chengalpattu,"Jameenrayapettai(Uzhavar Sandhai )","Bitter gourd",Other,Local,26/07/2026,6000,7000,6500
"Tamil Nadu",Chengalpattu,"Jameenrayapettai(Uzhavar Sandhai )","Bhindi(Ladies Finger)",Bhindi,Local,26/07/2026,4000,5000,4500
"Tamil Nadu",Chengalpattu,"Jameenrayapettai(Uzhavar Sandhai )",Coconut,Coconut,Local,26/07/2026,6000,7000,6500
"Tamil Nadu",Chengalpattu,"Jameenrayapettai(Uzhavar Sandhai )","Sweet Potato","Hosur Red",Local,26/07/2026,4000,5000,4500
"Tamil Nadu",Chengalpattu,"Jameenrayapettai(Uzhavar Sandhai )",Raddish,Raddish,Local,26/07/2026,4000,5000,4500
"Tamil Nadu",Chengalpattu,"Jameenrayapettai(Uzhavar Sandhai )",Drumstick,Drumstick,Local,26/07/2026,6000,7000,6500
"Tamil Nadu",Chengalpattu,"Jameenrayapettai(Uzhavar Sandhai )","Karbuja(Musk Melon)",Karbhuja,Local,26/07/2026,2000,2500,2250
"Tamil Nadu",Chengalpattu,"Jameenrayapettai(Uzhavar Sandhai )",Mint(Pudina),Mint(Pudina),Local,26/07/2026,4000,5000,4500
"Tamil Nadu",Chengalpattu,"Guduvancheri(Uzhavar Sandhai )",Onion,Bellary,Local,26/07/2026,3500,4000,3750
"Tamil Nadu",Chengalpattu,"Guduvancheri(Uzhavar Sandhai )",Garlic,Garlic,Local,26/07/2026,18000,22000,20000
"Tamil Nadu",Chengalpattu,"Guduvancheri(Uzhavar Sandhai )",Apple,American,Local,26/07/2026,24000,25000,24500
"Tamil Nadu",Chengalpattu,"Guduvancheri(Uzhavar Sandhai )",Pumpkin,Pumpkin,Local,26/07/2026,2500,3000,2750
"Tamil Nadu",Chengalpattu,"Guduvancheri(Uzhavar Sandhai )",Amaranthus,Amaranthus,Local,26/07/2026,2500,3000,2750
"Tamil Nadu",Chengalpattu,"Guduvancheri(Uzhavar Sandhai )",Ginger(Green),"Green Ginger",Local,26/07/2026,16000,18000,17000
"Tamil Nadu",Chengalpattu,"Guduvancheri(Uzhavar Sandhai )",Raddish,Raddish,Local,26/07/2026,4000,5000,4500
"Tamil Nadu",Chengalpattu,"Guduvancheri(Uzhavar Sandhai )",Thondekai,Thondekai,Local,26/07/2026,4000,5000,4500
"Tamil Nadu",Chengalpattu,"Guduvancheri(Uzhavar Sandhai )",Mango(Raw-Ripe),"Mango - Raw-Ripe",Local,26/07/2026,4000,5000,4500
"Tamil Nadu",Chengalpattu,"Guduvancheri(Uzhavar Sandhai )","Onion Green","Onion Green",Local,26/07/2026,6000,7000,6500
"Tamil Nadu",Chengalpattu,"Guduvancheri(Uzhavar Sandhai )","Tube Rose(Loose)","Tube Rose (Loose)",Local,26/07/2026,14000,15000,14500
"Tamil Nadu",Thirupur,"Dharapuram(Uzhavar Sandhai )",Brinjal,Round,Local,26/07/2026,5000,5500,5250
"Tamil Nadu",Thirupur,"Dharapuram(Uzhavar Sandhai )",Coriander(Leaves),"I Sort",Local,26/07/2026,4400,4800,4600
"Tamil Nadu",Thirupur,"Dharapuram(Uzhavar Sandhai )",Papaya,Papaya,Local,26/07/2026,2000,2500,2250
"Tamil Nadu",Thirupur,"Dharapuram(Uzhavar Sandhai )","Bitter gourd","Bitter Gourd",Local,26/07/2026,5500,6000,5750
"Tamil Nadu",Thirupur,"Dharapuram(Uzhavar Sandhai )",Amaranthus,Amaranthus,Local,26/07/2026,2000,2500,2250
"Tamil Nadu",Thirupur,"Dharapuram(Uzhavar Sandhai )","Green Chilli","Green Chilly",Local,26/07/2026,4500,5000,4750
"Tamil Nadu",Thirupur,"Dharapuram(Uzhavar Sandhai )",Guava,"Guava Allahabad",Local,26/07/2026,4500,5000,4750
"Tamil Nadu",Thirupur,"Dharapuram(Uzhavar Sandhai )","Onion Green","Onion Green",Local,26/07/2026,5000,5500,5250
"Tamil Nadu",Thirupur,"Palladam(Uzhavar Sandhai )","Cluster beans","Cluster Beans",Local,26/07/2026,3000,4000,3500
"Tamil Nadu",Thirupur,"Palladam(Uzhavar Sandhai )","Bhindi(Ladies Finger)",Bhindi,Local,26/07/2026,4000,5000,4500
"Tamil Nadu",Thirupur,"Palladam(Uzhavar Sandhai )",Snakeguard,Snakeguard,Local,26/07/2026,3500,4000,3750
Telangana,"Ranga Reddy","Saroornagar,RBZ",Ridgeguard(Tori),Other,Medium,26/07/2026,4000,4000,4000
Telangana,"Ranga Reddy","Saroornagar,RBZ",Tomato,Other,Medium,26/07/2026,1700,1700,1700
Telangana,"Ranga Reddy","Saroornagar,RBZ",Potato,Other,Medium,26/07/2026,1800,1800,1800
Telangana,"Ranga Reddy","Saroornagar,RBZ",Cabbage,Other,Medium,26/07/2026,630,630,630
Telangana,"Ranga Reddy","Saroornagar,RBZ",Onion,Other,Medium,26/07/2026,3200,3200,3200
Telangana,"Ranga Reddy","Saroornagar,RBZ",Colacasia,Colacasia,Medium,26/07/2026,2800,2800,2800
Telangana,"Ranga Reddy","Saroornagar,RBZ",Beetroot,Beetroot,Medium,26/07/2026,3300,3300,3300
"Uttar Pradesh",Ghaziabad,"Hapur APMC",Rice,Common,FAQ,26/07/2026,3500,3500,3500
"Uttar Pradesh",Ghazipur,"Jangipura APMC",Garlic,Other,FAQ,26/07/2026,4000,4000,4000
"Uttar Pradesh",Lalitpur,"Mehrauni APMC","Green Gram Dal(Moong Dal)",Other,FAQ,26/07/2026,8768,8768,8768
"Tamil Nadu",Kallakuruchi,"Kallakurichi(Uzhavar Sandhai )",Onion,Bellary,Local,26/07/2026,4000,4000,4000
"Tamil Nadu",Kallakuruchi,"Kallakurichi(Uzhavar Sandhai )",Garlic,Garlic,Local,26/07/2026,31000,31000,31000
"Tamil Nadu",Kallakuruchi,"Kallakurichi(Uzhavar Sandhai )",Brinjal,Other,Local,26/07/2026,7000,7000,7000
"Tamil Nadu",Kallakuruchi,"Kallakurichi(Uzhavar Sandhai )",Amaranthus,Amaranthus,Local,26/07/2026,3000,3000,3000
"Tamil Nadu",Kallakuruchi,"Kallakurichi(Uzhavar Sandhai )","Green Chilli","Green Chilly",Local,26/07/2026,6000,6000,6000
"Tamil Nadu",Kallakuruchi,"Kallakurichi(Uzhavar Sandhai )",Beans,"Beans (Whole)",Local,26/07/2026,9000,9000,9000
"Tamil Nadu",Kallakuruchi,"Kallakurichi(Uzhavar Sandhai )",Ginger(Green),"Green Ginger",Local,26/07/2026,22000,22000,22000
"Tamil Nadu",Kallakuruchi,"Kallakurichi(Uzhavar Sandhai )",Snakeguard,Snakeguard,Local,26/07/2026,5000,5000,5000
"Tamil Nadu",Kallakuruchi,"Kallakurichi(Uzhavar Sandhai )",Ridgeguard(Tori),Ridgeguard(Tori),Local,26/07/2026,6000,6000,6000
"Tamil Nadu",Kallakuruchi,"Kallakurichi(Uzhavar Sandhai )","Green Avare(W)","Green Avare (W)",Local,26/07/2026,8000,8000,8000
"Tamil Nadu",Kallakuruchi,"Kallakurichi(Uzhavar Sandhai )",Jasmine,Jasmine,Local,26/07/2026,40000,40000,40000
"Tamil Nadu",Kallakuruchi,"Kallakurichi(Uzhavar Sandhai )",Mashrooms,Mashrooms,Local,26/07/2026,22500,22500,22500
"Tamil Nadu",Thirupathur,"Natrampalli(Uzhavar Sandhai )",Onion,Bellary,Local,26/07/2026,3000,4000,3500
"Tamil Nadu",Thirupathur,"Natrampalli(Uzhavar Sandhai )",Coriander(Leaves),"I Sort",Local,26/07/2026,7000,8000,7500
"Tamil Nadu",Thirupathur,"Natrampalli(Uzhavar Sandhai )",Papaya,Papaya,Local,26/07/2026,2500,3000,2750
"Tamil Nadu",Thirupathur,"Natrampalli(Uzhavar Sandhai )","Bottle gourd","Bottle Gourd",Local,26/07/2026,1500,2000,1750
"Tamil Nadu",Thirupathur,"Natrampalli(Uzhavar Sandhai )",Amaranthus,Amaranthus,Local,26/07/2026,1500,2000,1750
"Tamil Nadu",Thirupathur,"Natrampalli(Uzhavar Sandhai )","Green Avare(W)","Green Avare (W)",Local,26/07/2026,4000,5000,4500
"Tamil Nadu",Thirupathur,"Natrampalli(Uzhavar Sandhai )","Onion Green","Onion Green",Local,26/07/2026,5000,6000,5500
"Uttar Pradesh",Maharajganj,"Nautnava APMC",Wheat,Dara,FAQ,26/07/2026,2400,2400,2400
Telangana,Nagarkurnool,"Kalwakurthy APMC","Bhindi(Ladies Finger)",Bhindi,Local,26/07/2026,1750,1750,1750
Telangana,Nagarkurnool,"Kalwakurthy APMC",Tomato,Tomato,Local,26/07/2026,1050,1050,1050
Telangana,Nagarkurnool,"Kalwakurthy APMC","Cluster beans","Cluster Beans",Local,26/07/2026,2000,2000,2000
Telangana,Nagarkurnool,"Kalwakurthy APMC",Potato,Potato,Local,26/07/2026,1700,1700,1700
"Uttar Pradesh",Gonda,"Nawabganj APMC",Wheat,Dara,FAQ,26/07/2026,2500,2600,2531.11
"Andhra Pradesh",Anakapally,"Payakaraopeta APMC",Mango,Other,Local,26/07/2026,2000,2800,2400
"Andhra Pradesh",Anakapally,"Payakaraopeta APMC",Banana,Karpura,Local,26/07/2026,1800,2200,2000
"Andhra Pradesh",NTR,"Tiruvuru APMC",Rice,Sona,Local,26/07/2026,4700,4700,4700
"Andhra Pradesh",NTR,"Tiruvuru APMC","Dry Chillies","Dry Chillies",Local,26/07/2026,21000,21000,21000
"Uttar Pradesh",Shravasti,"Payagpur APMC",Paddy(Common),Common,FAQ,26/07/2026,1850,1850,1850
"Tamil Nadu",Salem,"Athur(Uzhavar Sandhai )",Pineapple,"Pine Apple",Local,26/07/2026,3500,4000,3750
"Tamil Nadu",Salem,"Athur(Uzhavar Sandhai )",Onion,Bellary,Local,26/07/2026,3500,4200,3850
"Tamil Nadu",Salem,"Athur(Uzhavar Sandhai )",Carrot,Pusakesar,Local,26/07/2026,9000,9500,9250
"Tamil Nadu",Salem,"Athur(Uzhavar Sandhai )",Snakeguard,Snakeguard,Local,26/07/2026,3500,4000,3750
"Tamil Nadu",Salem,"Athur(Uzhavar Sandhai )",Cucumbar(Kheera),Cucumbar,Local,26/07/2026,6000,8000,7000
"Tamil Nadu",Salem,"Athur(Uzhavar Sandhai )",Raddish,Raddish,Local,26/07/2026,2500,3000,2750
"Tamil Nadu",Salem,"Athur(Uzhavar Sandhai )","Chow Chow","Chow Chow",Local,26/07/2026,4000,4500,4250
"Tamil Nadu",Salem,"Athur(Uzhavar Sandhai )","Elephant Yam(Suran)/Amorphophallus","Elephant Yam (Suran)",Local,26/07/2026,2500,3000,2750
"Tamil Nadu",Theni,"Periyakulam(Uzhavar Sandhai )",Potato,Other,Local,26/07/2026,2400,2600,2500
"Tamil Nadu",Theni,"Periyakulam(Uzhavar Sandhai )",Papaya,Papaya,Local,26/07/2026,2500,3000,2750
"Tamil Nadu",Theni,"Periyakulam(Uzhavar Sandhai )",Beans,"Beans (Whole)",Local,26/07/2026,7600,8000,7800
"Tamil Nadu",Virudhunagar,"Srivilliputhur(Uzhavar Sandhai )","Green Chilli","Green Chilly",Local,26/07/2026,5000,6000,5500
"Tamil Nadu",Virudhunagar,"Srivilliputhur(Uzhavar Sandhai )",Beans,"Beans (Whole)",Local,26/07/2026,7000,8000,7500
"Tamil Nadu",Virudhunagar,"Srivilliputhur(Uzhavar Sandhai )",Snakeguard,Snakeguard,Local,26/07/2026,4500,5000,4750
"Tamil Nadu",Virudhunagar,"Srivilliputhur(Uzhavar Sandhai )",Raddish,Raddish,Local,26/07/2026,3500,4000,3750
"Tamil Nadu",Virudhunagar,"Srivilliputhur(Uzhavar Sandhai )",Drumstick,Drumstick,Local,26/07/2026,4500,5000,4750
"Tamil Nadu",Virudhunagar,"Srivilliputhur(Uzhavar Sandhai )","Onion Green","Onion Green",Local,26/07/2026,5000,5500,5250
"Tamil Nadu",Virudhunagar,"Srivilliputhur(Uzhavar Sandhai )",Mint(Pudina),Mint(Pudina),Local,26/07/2026,6000,7000,6500
Chattisgarh,Kabirdham,"Kawardha APMC",Lak(Teora),"Lak (Whole)",FAQ,26/07/2026,3328,3350,3350
"Uttar Pradesh",Prayagraj,"Prayagraj APMC",Potato,Other,FAQ,26/07/2026,700,700,700
"Uttar Pradesh",Raebarelli,"Raibareilly APMC","Mentha Oil",Other,FAQ,26/07/2026,132000,132000,132000
"Uttar Pradesh",Sonbhadra,"Robertsganj APMC","Broken Rice","Broken Rice",FAQ,26/07/2026,2000,2000,2000
"Uttar Pradesh","Kanpur Dehat","Rura APMC",Wheat,Dara,FAQ,26/07/2026,2400,2400,2400
"Uttar Pradesh","Siddharth Nagar","Sahiyapur APMC",Wheat,Dara,FAQ,26/07/2026,2430,2430,2430
"Uttar Pradesh",Jaunpur,"Shahganj APMC",Wheat,Dara,FAQ,26/07/2026,2400,2400,2400
"Uttar Pradesh",Bulandshahar,"Sikarpur APMC",Wheat,Other,FAQ,26/07/2026,2455,2455,2455
"Uttar Pradesh",Bulandshahar,"Sikarpur APMC",Wheat,Dara,FAQ,26/07/2026,2455,2455,2455
"Uttar Pradesh",Firozabad,"Shikohabad APMC",Maize,Other,FAQ,26/07/2026,1975,2000,1984.16
"Uttar Pradesh",Firozabad,"Sirsaganj APMC",Potato,Other,FAQ,26/07/2026,500,500,500
"Uttar Pradesh",Firozabad,"Sirsaganj APMC",Maize,Other,FAQ,26/07/2026,1950,1950,1950
"Uttar Pradesh",Firozabad,"Tundla APMC",Maize,Other,FAQ,26/07/2026,1900,2100,1976.35
"Uttar Pradesh",Badaun,"Ujhani APMC",Maize,Other,FAQ,26/07/2026,1900,2050,1971.08
"Uttar Pradesh",Badaun,"Wazirganj APMC",Maize,Other,FAQ,26/07/2026,1900,1920,1913.42
"West Bengal","North 24 Parganas","Habra APMC",Brinjal,Brinjal,FAQ,26/07/2026,6700,6800,6800
"West Bengal","North 24 Parganas","Habra APMC","Bitter gourd",Other,FAQ,26/07/2026,4000,4200,4100
"West Bengal","North 24 Parganas","Habra APMC",Pumpkin,Other,FAQ,26/07/2026,2000,2100,2000
"Tamil Nadu",Coimbatore,"Vadavalli(Uzhavar Sandhai )",Grapes,Annabesahai,Local,26/07/2026,8000,8500,8250
"Tamil Nadu",Coimbatore,"Vadavalli(Uzhavar Sandhai )",Garlic,Garlic,Local,26/07/2026,18000,22000,20000
"Tamil Nadu",Coimbatore,"Vadavalli(Uzhavar Sandhai )","Water Melon","Water Melon",Local,26/07/2026,2000,2500,2250
"Tamil Nadu",Coimbatore,"Vadavalli(Uzhavar Sandhai )","Mousambi(Sweet Lime)",Mousambi,Local,26/07/2026,8500,10000,9250
"Tamil Nadu",Coimbatore,"Vadavalli(Uzhavar Sandhai )",Tomato,Local,Local,26/07/2026,1400,2000,1700
"Tamil Nadu",Coimbatore,"Vadavalli(Uzhavar Sandhai )","Bitter gourd",Other,Local,26/07/2026,5500,6500,6000
"Tamil Nadu",Coimbatore,"Vadavalli(Uzhavar Sandhai )",Ashgourd,Gouard,Local,26/07/2026,1500,2000,1750
"Tamil Nadu",Coimbatore,"Vadavalli(Uzhavar Sandhai )","Banana - Green","Banana - Green",Local,26/07/2026,3800,4200,4000
"Tamil Nadu",Coimbatore,"Vadavalli(Uzhavar Sandhai )",Beans,"Beans (Whole)",Local,26/07/2026,7500,8500,8000
"Tamil Nadu",Coimbatore,"Vadavalli(Uzhavar Sandhai )",Cabbage,Cabbage,Local,26/07/2026,3600,4000,3800
"Tamil Nadu",Coimbatore,"Vadavalli(Uzhavar Sandhai )","Karbuja(Musk Melon)",Karbhuja,Local,26/07/2026,2500,3000,2750
"Tamil Nadu",Coimbatore,"Vadavalli(Uzhavar Sandhai )","Elephant Yam(Suran)/Amorphophallus","Elephant Yam (Suran)",Local,26/07/2026,3600,4200,3900
"Tamil Nadu",Coimbatore,"Vadavalli(Uzhavar Sandhai )",Lemon,Lemon,Local,26/07/2026,7500,8000,7750
Tripura,Gomati,"Nutanbazar APMC",Paddy(Common),Masuri,FAQ,26/07/2026,2150,2369,2250
Tripura,Gomati,"Nutanbazar APMC",Ridgeguard(Tori),Ridgeguard(Tori),FAQ,26/07/2026,5850,6000,5950
Tripura,Gomati,"Nutanbazar APMC","Bitter gourd","Bitter Gourd",FAQ,26/07/2026,9850,10000,9950
Tripura,Gomati,"Nutanbazar APMC","Green Chilli","Green Chilly",FAQ,26/07/2026,18500,20000,19500
Tripura,Gomati,"Nutanbazar APMC",Ginger(Green),"Green Ginger",FAQ,26/07/2026,18500,20000,19500
"West Bengal",Darjeeling,"Karsiyang(Matigara) APMC",Potato,Red,FAQ,26/07/2026,1400,1600,1500
"Tamil Nadu",Dindigul,"Vedasanthur(Uzhavar Sandhai )",Pumpkin,Pumpkin,Local,26/07/2026,1500,2000,1750
"Tamil Nadu",Dindigul,"Vedasanthur(Uzhavar Sandhai )",Snakeguard,Snakeguard,Local,26/07/2026,2500,3000,2750
"Tamil Nadu",Dindigul,"Vedasanthur(Uzhavar Sandhai )",Drumstick,Drumstick,Local,26/07/2026,3000,4000,3500
"Tamil Nadu",Coimbatore,"Udumalpet APMC",Brinjal,Other,Local,26/07/2026,4000,4800,4400
"Tamil Nadu",Coimbatore,"Udumalpet APMC",Ashgourd,Gouard,Local,26/07/2026,1500,2000,1750
"Tamil Nadu",Coimbatore,"Udumalpet APMC","Green Chilli","Green Chilly",Local,26/07/2026,4000,5000,4500
"Tamil Nadu",Coimbatore,"Udumalpet APMC","Banana - Green","Banana - Green",Local,26/07/2026,2500,3000,2750
"Tamil Nadu",Coimbatore,"Udumalpet APMC",Coconut,Coconut,Local,26/07/2026,5000,5600,5300
"Tamil Nadu",Coimbatore,"Udumalpet APMC","Indian Beans(Seam)","Indian Beans (Seam)",Local,26/07/2026,7000,7500,7250
"Tamil Nadu",Coimbatore,"Udumalpet APMC","Amla(Nelli Kai)",Amla,Local,26/07/2026,7000,8000,7500
"Andhra Pradesh",Kakinada,"Karapa APMC",Paddy(Common),1001,FAQ,26/07/2026,2960,2963,2962
"Himachal Pradesh",Kullu,"SMY Chauri Bihal",Tomato,Other,"Grade Range-1",26/07/2026,700,2300,1700
"Himachal Pradesh",Kullu,"SMY Chauri Bihal","Squash(Chappal Kadoo)",Other,"Grade Range-1",26/07/2026,500,1400,1000
"Himachal Pradesh",Kullu,"SMY Bandrol",Peach,Other,"Grade A",26/07/2026,2500,8000,5500
"Himachal Pradesh",Kullu,"SMY Bandrol",Cucumbar(Kheera),Other,FAQ,26/07/2026,1500,2200,1900
"Himachal Pradesh",Kullu,"SMY Bandrol","Peas Wet",Other,FAQ,26/07/2026,2000,4000,3000
"Himachal Pradesh",Kullu,"SMY Bandrol",Garlic,Other,FAQ,26/07/2026,6000,11500,8500
"Tamil Nadu",Erode,"Gobichettipalayam(Uzhavar Sandhai )",Potato,"Red Nanital",Local,26/07/2026,3800,4000,3900
"Tamil Nadu",Erode,"Gobichettipalayam(Uzhavar Sandhai )",Chikoos(Sapota),Sapota,Local,26/07/2026,3500,4000,3750
"Tamil Nadu",Erode,"Gobichettipalayam(Uzhavar Sandhai )",Tomato,Deshi,Local,26/07/2026,1600,1800,1700
"Tamil Nadu",Erode,"Gobichettipalayam(Uzhavar Sandhai )","Green Chilli","Green Chilly",Local,26/07/2026,4200,4500,4350
"Tamil Nadu",Erode,"Gobichettipalayam(Uzhavar Sandhai )",Tapioca,Tapioca,Local,26/07/2026,2000,2500,2250
"Tamil Nadu",Erode,"Gobichettipalayam(Uzhavar Sandhai )","Sweet Potato","Hosur Red",Local,26/07/2026,4800,5000,4900
"Tamil Nadu",Erode,"Gobichettipalayam(Uzhavar Sandhai )",Snakeguard,Snakeguard,Local,26/07/2026,4200,4500,4350
"Tamil Nadu",Erode,"Gobichettipalayam(Uzhavar Sandhai )",Raddish,Raddish,Local,26/07/2026,2500,3000,2750
"Tamil Nadu",Erode,"Gobichettipalayam(Uzhavar Sandhai )",Guava,"Guava Allahabad",Local,26/07/2026,4500,5000,4750
"Tamil Nadu",Erode,"Gobichettipalayam(Uzhavar Sandhai )","Sweet Corn ","Sweet Corn ",Local,26/07/2026,5200,5400,5300
Telangana,"Ranga Reddy","Chevella APMC",Tomato,Local,Local,26/07/2026,1000,1000,1000
"Tamil Nadu",Erode,"Sampath Nagar(Uzhavar Sandhai )",Apple,American,Local,26/07/2026,25000,26000,25500
"Tamil Nadu",Erode,"Sampath Nagar(Uzhavar Sandhai )","Bottle gourd","Bottle Gourd",Local,26/07/2026,1500,1800,1650
"Tamil Nadu",Erode,"Sampath Nagar(Uzhavar Sandhai )",Pumpkin,Pumpkin,Local,26/07/2026,2000,2200,2100
"Tamil Nadu",Erode,"Sampath Nagar(Uzhavar Sandhai )",Amaranthus,Amaranthus,Local,26/07/2026,4000,4500,4250
"Tamil Nadu",Erode,"Sampath Nagar(Uzhavar Sandhai )","Green Chilli","Green Chilly",Local,26/07/2026,4000,4400,4200
"Tamil Nadu",Erode,"Sampath Nagar(Uzhavar Sandhai )","Banana - Green","Banana - Green",Local,26/07/2026,3000,3500,3250
"Tamil Nadu",Erode,"Sampath Nagar(Uzhavar Sandhai )",Ginger(Green),"Green Ginger",Local,26/07/2026,16000,16500,16250
"Tamil Nadu",Erode,"Sampath Nagar(Uzhavar Sandhai )",Cabbage,Cabbage,Local,26/07/2026,3000,3500,3250
"Tamil Nadu",Erode,"Sampath Nagar(Uzhavar Sandhai )",Beetroot,Beetroot,Local,26/07/2026,9000,9400,9200
"Tamil Nadu",Erode,"Sampath Nagar(Uzhavar Sandhai )",Raddish,Raddish,Local,26/07/2026,2600,3000,2800
"Tamil Nadu",Erode,"Sampath Nagar(Uzhavar Sandhai )",Drumstick,Drumstick,Local,26/07/2026,5500,6000,5750
"Tamil Nadu",Erode,"Sampath Nagar(Uzhavar Sandhai )",Kakada,Kakada,Local,26/07/2026,22000,23000,22500
Tripura,Khowai,"Kalyanpur APMC","Sponge gourd","Sponge gourd",FAQ,26/07/2026,3800,4000,3900
Tripura,Khowai,"Kalyanpur APMC",Onion,Nasik,FAQ,26/07/2026,3000,3200,3100
Tripura,Khowai,"Kalyanpur APMC",Goat,Goat,FAQ,26/07/2026,3500,4000,3800
"Tamil Nadu",Vellore,"Pallikonda(Uzhavar Sandhai)",Garlic,Garlic,Local,26/07/2026,22000,22000,22000
"Tamil Nadu",Vellore,"Pallikonda(Uzhavar Sandhai)",Groundnut,"Big (With Shell)",Local,26/07/2026,7500,7500,7500
"Tamil Nadu",Vellore,"Pallikonda(Uzhavar Sandhai)",Coriander(Leaves),"I Sort",Local,26/07/2026,5000,5000,5000
"Tamil Nadu",Vellore,"Pallikonda(Uzhavar Sandhai)",Pumpkin,Pumpkin,Local,26/07/2026,2500,2500,2500
"Tamil Nadu",Vellore,"Pallikonda(Uzhavar Sandhai)","Green Chilli","Green Chilly",Local,26/07/2026,5000,6000,5500
"Tamil Nadu",Vellore,"Pallikonda(Uzhavar Sandhai)",Carrot,Pusakesar,Local,26/07/2026,6000,6000,6000
"Tamil Nadu",Vellore,"Pallikonda(Uzhavar Sandhai)",Cabbage,Cabbage,Local,26/07/2026,3500,3500,3500
"Tamil Nadu",Vellore,"Pallikonda(Uzhavar Sandhai)",Drumstick,Drumstick,Local,26/07/2026,5000,5000,5000
"Tamil Nadu",Vellore,"Pallikonda(Uzhavar Sandhai)",Mango(Raw-Ripe),"Mango - Raw-Ripe",Local,26/07/2026,2500,2500,2500
"Tamil Nadu",Vellore,"Pallikonda(Uzhavar Sandhai)","Tender Coconut","Tender Coconut",Local,26/07/2026,2000,2500,2250
"Tamil Nadu",Vellore,"Pallikonda(Uzhavar Sandhai)",Mint(Pudina),Mint(Pudina),Local,26/07/2026,4500,4500,4500
"Tamil Nadu",Pudukkottai,"Ponnamaravathi(Uzhavar Sandhai)","Bottle gourd","Bottle Gourd",Local,26/07/2026,2500,3000,2750
"Tamil Nadu",Pudukkottai,"Ponnamaravathi(Uzhavar Sandhai)","Bhindi(Ladies Finger)",Bhindi,Local,26/07/2026,3500,4000,3750
"Tamil Nadu",Pudukkottai,"Ponnamaravathi(Uzhavar Sandhai)",Cowpea(Veg),"Cowpea (Veg)",Local,26/07/2026,1500,2000,1750
"Tamil Nadu",Pudukkottai,"Ponnamaravathi(Uzhavar Sandhai)","Tamarind Fruit","Tamarind Fruit",Local,26/07/2026,6500,7000,6750
"Tamil Nadu",Nagapattinam,"Mayiladuthurai(Uzhavar Sandhai )",Amaranthus,Amaranthus,Local,26/07/2026,1500,2000,1750
"Tamil Nadu",Nagapattinam,"Mayiladuthurai(Uzhavar Sandhai )","Green Chilli","Green Chilly",Local,26/07/2026,5500,6000,5750
"Tamil Nadu",Nagapattinam,"Mayiladuthurai(Uzhavar Sandhai )",Cabbage,Cabbage,Local,26/07/2026,4000,4000,4000
"Tamil Nadu",Nagapattinam,"Mayiladuthurai(Uzhavar Sandhai )",Ridgeguard(Tori),Ridgeguard(Tori),Local,26/07/2026,5500,6000,5750
"Tamil Nadu",Nagapattinam,"Mayiladuthurai(Uzhavar Sandhai )",Raddish,Raddish,Local,26/07/2026,3500,4000,3750
"Tamil Nadu",Nagapattinam,"Mayiladuthurai(Uzhavar Sandhai )","Green Avare(W)","Green Avare (W)",Local,26/07/2026,6000,7000,6500
"Tamil Nadu",Nagapattinam,"Mayiladuthurai(Uzhavar Sandhai )",Lime,Lime,Local,26/07/2026,3500,4000,3750
"Tamil Nadu",Nagapattinam,"Mayiladuthurai(Uzhavar Sandhai )","Tender Coconut","Tender Coconut",Local,26/07/2026,2000,2500,2250
"Tamil Nadu",Pudukkottai,"Viralimalai(Uzhavar Sandhai )","Bitter gourd",Other,Local,26/07/2026,7000,8000,7500
"Tamil Nadu",Pudukkottai,"Viralimalai(Uzhavar Sandhai )","Green Avare(W)",Other,Local,26/07/2026,5500,6000,5750
"Tamil Nadu",Pudukkottai,"Viralimalai(Uzhavar Sandhai )",Drumstick,Drumstick,Local,26/07/2026,5000,6000,5500
"Tamil Nadu",Ramanathapuram,"Kamuthi(Uzhavar Sandhai )",Brinjal,Round,Local,26/07/2026,6000,6500,6250
"Tamil Nadu",Ramanathapuram,"Paramakudi(Uzhavar Sandhai )",Soyabean,Local,Local,26/07/2026,10000,11000,10500
"Tamil Nadu",Ramanathapuram,"Paramakudi(Uzhavar Sandhai )","Bottle gourd","Bottle Gourd",Local,26/07/2026,2000,2200,2100
"Tamil Nadu",Ramanathapuram,"Paramakudi(Uzhavar Sandhai )","Bhindi(Ladies Finger)",Bhindi,Local,26/07/2026,4500,5000,4750
"Tamil Nadu",Ramanathapuram,"Paramakudi(Uzhavar Sandhai )","Green Chilli","Green Chilly",Local,26/07/2026,7000,7500,7250
"Tamil Nadu",Ramanathapuram,"Paramakudi(Uzhavar Sandhai )",Snakeguard,Snakeguard,Local,26/07/2026,4500,4800,4650
"Tamil Nadu",Ramanathapuram,"Paramakudi(Uzhavar Sandhai )","Chow Chow","Chow Chow",Local,26/07/2026,4500,4800,4650
"Tamil Nadu",Ramanathapuram,"Paramakudi(Uzhavar Sandhai )",Jasmine,Jasmine,Local,26/07/2026,50000,60000,55000
"Tamil Nadu",Ramanathapuram,"Paramakudi(Uzhavar Sandhai )",Kakada,Kakada,Local,26/07/2026,45000,50000,47500
"Tamil Nadu",Ramanathapuram,"Paramakudi(Uzhavar Sandhai )",Mint(Pudina),Mint(Pudina),Local,26/07/2026,6500,7000,6750
"Tamil Nadu",Pudukkottai,"Alangudi(Uzhavar Sandhai )","Bottle gourd","Bottle Gourd",Local,26/07/2026,2000,2500,2250
"Tamil Nadu",Pudukkottai,"Alangudi(Uzhavar Sandhai )","Banana - Green","Banana - Green",Local,26/07/2026,2500,3000,2750
"Tamil Nadu",Thiruvannamalai,"Arani(Uzhavar Sandhai )",Onion,Bellary,Local,26/07/2026,3000,3500,3250
"Tamil Nadu",Thiruvannamalai,"Arani(Uzhavar Sandhai )",Potato,"Red Nanital",Local,26/07/2026,2500,3000,2750
"Tamil Nadu",Thiruvannamalai,"Arani(Uzhavar Sandhai )",Banana,Other,Local,26/07/2026,4000,5000,4500
"Tamil Nadu",Thiruvannamalai,"Arani(Uzhavar Sandhai )",Ashgourd,Gouard,Local,26/07/2026,2000,2500,2250
"Tamil Nadu",Thiruvannamalai,"Arani(Uzhavar Sandhai )","Bhindi(Ladies Finger)",Bhindi,Local,26/07/2026,3500,4200,3850
"Tamil Nadu",Thiruvannamalai,"Arani(Uzhavar Sandhai )",Ginger(Green),"Green Ginger",Local,26/07/2026,17000,20000,18500
"Tamil Nadu",Thiruvannamalai,"Arani(Uzhavar Sandhai )",Coconut,Coconut,Local,26/07/2026,3800,4500,4150
"Tamil Nadu",Thiruvannamalai,"Arani(Uzhavar Sandhai )","Sweet Potato","Hosur Red",Local,26/07/2026,3500,4000,3750
"Tamil Nadu",Thiruvannamalai,"Arani(Uzhavar Sandhai )",Carrot,Pusakesar,Local,26/07/2026,6000,7000,6500
"Tamil Nadu",Thiruvannamalai,"Arani(Uzhavar Sandhai )",Thondekai,Thondekai,Local,26/07/2026,3500,4000,3750
"Tamil Nadu",Thiruvannamalai,"Arani(Uzhavar Sandhai )",Guava,"Guava Allahabad",Local,26/07/2026,4000,5000,4500
"Tamil Nadu",Thiruvannamalai,"Arani(Uzhavar Sandhai )",Colacasia,Colacasia,Local,26/07/2026,3500,4200,3850
"Tamil Nadu",Thiruvannamalai,"Polur(Uzhavar Sandhai )",Groundnut,"Big (With Shell)",Local,26/07/2026,5000,6000,5500
"Tamil Nadu",Thiruvannamalai,"Polur(Uzhavar Sandhai )",Tomato,Local,Local,26/07/2026,1500,2000,1750
"Tamil Nadu",Thiruvannamalai,"Polur(Uzhavar Sandhai )","Cluster beans","Cluster Beans",Local,26/07/2026,4000,4800,4400
"Tamil Nadu",Thiruvannamalai,"Polur(Uzhavar Sandhai )",Thondekai,Thondekai,Local,26/07/2026,4200,5000,4600
"Tamil Nadu",Thiruvannamalai,"Tiruvannamalai(Uzhavar Sandhai )",Potato,"Red Nanital",Local,26/07/2026,2500,3000,2750
"Tamil Nadu",Thiruvannamalai,"Tiruvannamalai(Uzhavar Sandhai )",Garlic,Garlic,Local,26/07/2026,28000,30000,29000
"Tamil Nadu",Thiruvannamalai,"Tiruvannamalai(Uzhavar Sandhai )",Groundnut,"Big (With Shell)",Local,26/07/2026,7000,8000,7500
"Tamil Nadu",Thiruvannamalai,"Tiruvannamalai(Uzhavar Sandhai )",Banana,Besrai,Local,26/07/2026,4000,5000,4500
"Tamil Nadu",Thiruvannamalai,"Tiruvannamalai(Uzhavar Sandhai )","Mousambi(Sweet Lime)",Mousambi,Local,26/07/2026,7000,8000,7500
"Tamil Nadu",Thiruvannamalai,"Tiruvannamalai(Uzhavar Sandhai )",Tomato,Deshi,Local,26/07/2026,1200,1500,1350
"Tamil Nadu",Thiruvannamalai,"Tiruvannamalai(Uzhavar Sandhai )","Sweet Potato","Hosur Red",Local,26/07/2026,3000,3500,3250
"Tamil Nadu",Thiruvannamalai,"Tiruvannamalai(Uzhavar Sandhai )",Capsicum,Capsicum,Local,26/07/2026,7000,8000,7500
"Tamil Nadu",Thiruvannamalai,"Tiruvannamalai(Uzhavar Sandhai )",Drumstick,Drumstick,Local,26/07/2026,5000,6000,5500
"Tamil Nadu",Thiruvannamalai,"Tiruvannamalai(Uzhavar Sandhai )","Knool Khol","Knool Khol",Local,26/07/2026,4800,5600,5200
"Tamil Nadu",Thiruvannamalai,"Tiruvannamalai(Uzhavar Sandhai )",Guava,"Guava Allahabad",Local,26/07/2026,5000,6000,5500
"Tamil Nadu",Thiruvannamalai,"Tiruvannamalai(Uzhavar Sandhai )","Karbuja(Musk Melon)",Karbhuja,Local,26/07/2026,2500,3000,2750
"Tamil Nadu",Thiruvannamalai,"Tiruvannamalai(Uzhavar Sandhai )",Pomegranate,Pomogranate,Local,26/07/2026,18000,20000,19000
"Tamil Nadu",Thiruvannamalai,"Tiruvannamalai(Uzhavar Sandhai )",Colacasia,Colacasia,Local,26/07/2026,3500,4000,3750
"Tamil Nadu",Thiruvannamalai,"Tiruvannamalai(Uzhavar Sandhai )",Mint(Pudina),Mint(Pudina),Local,26/07/2026,5000,6000,5500
"Tamil Nadu",Thiruvannamalai,"Tiruvannamalai(Uzhavar Sandhai )",Rose(Local),"Rose (Local)",Local,26/07/2026,22000,25000,23500
"Tamil Nadu",Thiruvannamalai,"Tiruvannamalai(Uzhavar Sandhai )","Sweet Corn ","Sweet Corn ",Local,26/07/2026,3000,3500,3250
"Tamil Nadu",Thiruvarur,"Mannargudi I(Uzhavar Sandhai )",Apple,American,Local,26/07/2026,26000,26000,26000
"Tamil Nadu",Thiruvarur,"Mannargudi I(Uzhavar Sandhai )",Pineapple,"Pine Apple",Local,26/07/2026,7000,7000,7000
"Tamil Nadu",Thiruvarur,"Mannargudi I(Uzhavar Sandhai )",Brinjal,Round,Local,26/07/2026,4000,4000,4000
"Tamil Nadu",Thiruvarur,"Mannargudi I(Uzhavar Sandhai )","Bitter gourd","Bitter Gourd",Local,26/07/2026,6000,6000,6000
"Tamil Nadu",Thiruvarur,"Mannargudi I(Uzhavar Sandhai )","Bottle gourd","Bottle Gourd",Local,26/07/2026,3600,3600,3600
"Tamil Nadu",Thiruvarur,"Mannargudi I(Uzhavar Sandhai )","Bhindi(Ladies Finger)",Bhindi,Local,26/07/2026,3800,3800,3800
"Tamil Nadu",Thiruvarur,"Mannargudi I(Uzhavar Sandhai )","Banana - Green","Banana - Green",Local,26/07/2026,4000,4000,4000
"Tamil Nadu",Thiruvarur,"Mannargudi I(Uzhavar Sandhai )",Tapioca,Tapioca,Local,26/07/2026,4000,4000,4000
"Tamil Nadu",Thiruvarur,"Mannargudi I(Uzhavar Sandhai )",Ginger(Green),"Green Ginger",Local,26/07/2026,20000,20000,20000
"Tamil Nadu",Thiruvarur,"Mannargudi I(Uzhavar Sandhai )",Snakeguard,Snakeguard,Local,26/07/2026,4000,4000,4000
"Tamil Nadu",Thiruvarur,"Mannargudi I(Uzhavar Sandhai )",Ridgeguard(Tori),Ridgeguard(Tori),Local,26/07/2026,4400,4400,4400
"Tamil Nadu",Thiruvarur,"Mannargudi I(Uzhavar Sandhai )",Raddish,Raddish,Local,26/07/2026,3400,3400,3400
"Tamil Nadu",Thiruvarur,"Mannargudi I(Uzhavar Sandhai )",Lime,Lime,Local,26/07/2026,3000,3000,3000
"Tamil Nadu",Thiruvarur,"Mannargudi II(Uzhavar Sandhai )",Garlic,Garlic,Local,26/07/2026,20000,20000,20000
"Tamil Nadu",Thiruvarur,"Mannargudi II(Uzhavar Sandhai )",Mango,Safeda,Local,26/07/2026,5000,5000,5000
"Tamil Nadu",Thiruvarur,"Mannargudi II(Uzhavar Sandhai )","Bottle gourd","Bottle Gourd",Local,26/07/2026,3600,3600,3600
"Tamil Nadu",Thiruvarur,"Mannargudi II(Uzhavar Sandhai )",Pumpkin,Pumpkin,Local,26/07/2026,2600,2600,2600
"Tamil Nadu",Thiruvarur,"Mannargudi II(Uzhavar Sandhai )",Ginger(Green),"Green Ginger",Local,26/07/2026,20000,20000,20000
"Tamil Nadu",Thiruvarur,"Mannargudi II(Uzhavar Sandhai )",Carrot,Pusakesar,Local,26/07/2026,9400,9400,9400
"Tamil Nadu",Thiruvarur,"Mannargudi II(Uzhavar Sandhai )",Beetroot,Beetroot,Local,26/07/2026,5400,5400,5400
"Tamil Nadu",Thiruvarur,"Mannargudi II(Uzhavar Sandhai )",Ridgeguard(Tori),Ridgeguard(Tori),Local,26/07/2026,4400,4400,4400
"Tamil Nadu",Thiruvarur,"Mannargudi II(Uzhavar Sandhai )","Chow Chow","Chow Chow",Local,26/07/2026,3600,3600,3600
"Tamil Nadu",Thiruvarur,"Mannargudi II(Uzhavar Sandhai )","Onion Green","Onion Green",Local,26/07/2026,7400,7400,7400
"Tamil Nadu",Thiruvarur,"Tiruthuraipoondi(Uzhavar Sandhai )",Mango,Safeda,Local,26/07/2026,4000,4000,4000
"Tamil Nadu",Thiruvarur,"Tiruthuraipoondi(Uzhavar Sandhai )","Bitter gourd","Bitter Gourd",Local,26/07/2026,6400,6400,6400
"Tamil Nadu",Thiruvarur,"Tiruthuraipoondi(Uzhavar Sandhai )",Lime,Lime,Local,26/07/2026,3000,3000,3000
"Tamil Nadu",Thiruvellore,"Naravarikuppam(Uzhavar Sandhai )","Green Chilli","Green Chilly",Local,26/07/2026,5000,5000,5000
"Tamil Nadu",Thiruvellore,"Naravarikuppam(Uzhavar Sandhai )",Raddish,Raddish,Local,26/07/2026,4000,4000,4000
"Tamil Nadu",Thiruvellore,"Paruthipattu(Uzhavar Sandhai )",Carrot,Pusakesar,Local,26/07/2026,5000,5000,5000
"Tamil Nadu",Thiruvellore,"Paruthipattu(Uzhavar Sandhai )",Cabbage,Cabbage,Local,26/07/2026,4000,4000,4000
"Tamil Nadu",Thiruvellore,"Perambakkam(Uzhavar Sandhai )",Onion,Bellary,Local,26/07/2026,3000,3000,3000
"Tamil Nadu",Thiruvellore,"Perambakkam(Uzhavar Sandhai )","Cluster beans","Cluster Beans",Local,26/07/2026,4500,4500,4500
"Tamil Nadu",Thiruvellore,"Perambakkam(Uzhavar Sandhai )","Bhindi(Ladies Finger)",Bhindi,Local,26/07/2026,4500,4500,4500
"Tamil Nadu",Thiruvellore,"Perambakkam(Uzhavar Sandhai )",Amaranthus,Amaranthus,Local,26/07/2026,3000,3000,3000
"Tamil Nadu",Tuticorin,"Kovilpatti(Uzhavar Sandhai )",Brinjal,Other,Local,26/07/2026,3000,3500,3250
"Tamil Nadu",Tuticorin,"Kovilpatti(Uzhavar Sandhai )",Ridgeguard(Tori),Ridgeguard(Tori),Local,26/07/2026,8500,9000,8750
"Tamil Nadu",Tuticorin,"Kovilpatti(Uzhavar Sandhai )",Lemon,Lemon,Local,26/07/2026,8500,9000,8750
"Tamil Nadu",Vellore,"Gudiyatham(Uzhavar Sandhai )",Onion,Bellary,Local,26/07/2026,3500,3500,3500
"Tamil Nadu",Vellore,"Gudiyatham(Uzhavar Sandhai )",Mango,Neelam,Local,26/07/2026,3000,4000,3500
"Tamil Nadu",Vellore,"Gudiyatham(Uzhavar Sandhai )","Bitter gourd","Bitter Gourd",Local,26/07/2026,5000,5000,5000
"Tamil Nadu",Vellore,"Gudiyatham(Uzhavar Sandhai )","Bottle gourd","Bottle Gourd",Local,26/07/2026,2400,2400,2400
"Tamil Nadu",Vellore,"Gudiyatham(Uzhavar Sandhai )","Bhindi(Ladies Finger)",Bhindi,Local,26/07/2026,2600,2600,2600
"Tamil Nadu",Vellore,"Gudiyatham(Uzhavar Sandhai )",Mango(Raw-Ripe),"Mango - Raw-Ripe",Local,26/07/2026,2500,2500,2500
"Tamil Nadu",Vellore,"Gudiyatham(Uzhavar Sandhai )",Guava,"Guava Allahabad",Local,26/07/2026,4000,4000,4000
"Tamil Nadu",Vellore,"Gudiyatham(Uzhavar Sandhai )","Tamarind Fruit","Tamarind Fruit",Local,26/07/2026,10000,10000,10000
"Tamil Nadu",Vellore,"Kahithapattarai(Uzhavar Sandhai )",Banana,Besrai,Local,26/07/2026,4000,5000,4500
"Tamil Nadu",Vellore,"Kahithapattarai(Uzhavar Sandhai )",Pumpkin,Pumpkin,Local,26/07/2026,2000,2000,2000
"Tamil Nadu",Vellore,"Kahithapattarai(Uzhavar Sandhai )",Amaranthus,Amaranthus,Local,26/07/2026,3600,4000,3800
"Tamil Nadu",Vellore,"Kahithapattarai(Uzhavar Sandhai )","Banana - Green","Banana - Green",Local,26/07/2026,5000,5000,5000
"Tamil Nadu",Vellore,"Kahithapattarai(Uzhavar Sandhai )",Snakeguard,Snakeguard,Local,26/07/2026,3000,3000,3000
"Tamil Nadu",Vellore,"Kahithapattarai(Uzhavar Sandhai )",Capsicum,Capsicum,Local,26/07/2026,8000,8000,8000
"Tamil Nadu",Vellore,"Kahithapattarai(Uzhavar Sandhai )","Chow Chow","Chow Chow",Local,26/07/2026,4000,4000,4000
"Tamil Nadu",Vellore,"Kahithapattarai(Uzhavar Sandhai )",Pomegranate,Pomogranate,Local,26/07/2026,22000,22000,22000
"Tamil Nadu",Vellore,"Kahithapattarai(Uzhavar Sandhai )","Indian Beans(Seam)","Indian Beans (Seam)",Local,26/07/2026,6000,6000,6000
"Tamil Nadu",Vellore,"Kahithapattarai(Uzhavar Sandhai )","Onion Green","Onion Green",Local,26/07/2026,4500,4500,4500
"Tamil Nadu",Vellore,"Kahithapattarai(Uzhavar Sandhai )",Mint(Pudina),Mint(Pudina),Local,26/07/2026,9000,9000,9000
"Tamil Nadu",Villupuram,"Villupuram(Uzhavar Sandhai )",Potato,"Red Nanital",Local,26/07/2026,3500,3500,3500
"Tamil Nadu",Villupuram,"Villupuram(Uzhavar Sandhai )",Cauliflower,Ranchi,Local,26/07/2026,3000,3000,3000
"Tamil Nadu",Villupuram,"Villupuram(Uzhavar Sandhai )","Cluster beans","Cluster Beans",Local,26/07/2026,5000,5000,5000
"Tamil Nadu",Villupuram,"Villupuram(Uzhavar Sandhai )","Bottle gourd","Bottle Gourd",Local,26/07/2026,3000,3000,3000
"Tamil Nadu",Villupuram,"Villupuram(Uzhavar Sandhai )",Pumpkin,Pumpkin,Local,26/07/2026,2000,2000,2000
"Tamil Nadu",Villupuram,"Villupuram(Uzhavar Sandhai )","Bhindi(Ladies Finger)",Bhindi,Local,26/07/2026,4000,4000,4000
"Tamil Nadu",Villupuram,"Villupuram(Uzhavar Sandhai )","Green Avare(W)","Green Avare (W)",Local,26/07/2026,7000,7000,7000
"Tamil Nadu",Villupuram,"Villupuram(Uzhavar Sandhai )",Drumstick,Drumstick,Local,26/07/2026,4000,4000,4000
"Tamil Nadu",Villupuram,"Villupuram(Uzhavar Sandhai )",Guava,"Guava Allahabad",Local,26/07/2026,4000,4000,4000
"Tamil Nadu",Villupuram,"Villupuram(Uzhavar Sandhai )","Elephant Yam(Suran)/Amorphophallus","Elephant Yam (Suran)",Local,26/07/2026,7000,7000,7000
"Tamil Nadu",Villupuram,"Villupuram(Uzhavar Sandhai )",Mint(Pudina),Mint(Pudina),Local,26/07/2026,4000,4000,4000
"Uttar Pradesh",Badaun,"Badayoun APMC",Wheat,Other,FAQ,26/07/2026,2500,2500,2500
"Uttar Pradesh",Badaun,"Badayoun APMC",Wheat,Dara,FAQ,26/07/2026,2560,2570,2565.14
Odisha,Dhenkanal,"Hindol APMC",Tomato,Tomato,"Grade B",26/07/2026,3000,3500,3200
"Tamil Nadu",Thiruvannamalai,"Cheyyar(Uzhavar Sandhai )",Papaya,Papaya,Local,26/07/2026,3200,4000,3600
"Tamil Nadu",Thiruvannamalai,"Cheyyar(Uzhavar Sandhai )",Tomato,Local,Local,26/07/2026,1500,2000,1750
"Tamil Nadu",Thiruvannamalai,"Cheyyar(Uzhavar Sandhai )","Bhindi(Ladies Finger)",Bhindi,Local,26/07/2026,3500,4200,3850
"Tamil Nadu",Thiruvannamalai,"Cheyyar(Uzhavar Sandhai )",Amaranthus,Amaranthus,Local,26/07/2026,2000,2500,2250
"Tamil Nadu",Thiruvannamalai,"Cheyyar(Uzhavar Sandhai )",Snakeguard,Snakeguard,Local,26/07/2026,2500,3000,2750
"Tamil Nadu",Thiruvannamalai,"Cheyyar(Uzhavar Sandhai )",Thondekai,Thondekai,Local,26/07/2026,3200,4000,3600
"Tamil Nadu",Thiruvannamalai,"Cheyyar(Uzhavar Sandhai )",Drumstick,Drumstick,Local,26/07/2026,4000,5000,4500
"Tamil Nadu",Thiruvannamalai,"Cheyyar(Uzhavar Sandhai )",Mint(Pudina),Mint(Pudina),Local,26/07/2026,3200,4000,3600
"Andhra Pradesh",Kakinada,"Kakinada (Urban) APMC",Paddy(Common),"B P T",FAQ,26/07/2026,2389,2600,2550
"Andhra Pradesh","SPSR Nellore","Gudur APMC",Paddy(Common),MTU-1010,Local,26/07/2026,2369,2470,2440
"Tamil Nadu",Ariyalur,"Ariyalur(Uzhavar Sandhai)",Snakeguard,Snakeguard,Local,26/07/2026,3500,4000,3750
"Andhra Pradesh",Palnadu,"Rompicherla APMC",Paddy(Common),Paddy,FAQ,26/07/2026,2300,2480,2400
"Uttar Pradesh",Amroha,"Amroha APMC",Tomato,Other,FAQ,26/07/2026,1700,1700,1700
"Uttar Pradesh",Kasganj,"Ganj Dundwara APMC",Maize,Other,FAQ,26/07/2026,1800,1900,1839.16
"Uttar Pradesh",Bahraich,"Mihipurwa APMC","Masur Dal",Other,FAQ,26/07/2026,8200,8500,8330
"Uttar Pradesh","Jalaun (Orai)","Madhogarh APMC",Wheat,Dara,FAQ,26/07/2026,2420,2420,2420
Punjab,Gurdaspur,"Dinanagar APMC",Cauliflower,Cauliflower,Medium,26/07/2026,4000,5000,4300
Punjab,Gurdaspur,"Dinanagar APMC",Colacasia,Colacasia,Medium,26/07/2026,2000,2200,2100
Punjab,Gurdaspur,"Dinanagar APMC",Cucumbar(Kheera),Other,Medium,26/07/2026,2000,2500,2300
Odisha,Sundergarh,"Sargipali APMC",Tomato,Other,FAQ,26/07/2026,2400,2800,2500
Odisha,Sundergarh,"Sargipali APMC",Capsicum,Other,FAQ,26/07/2026,9500,9800,9600
Keralam,Thiruvananthapuram,"Pappanchani VFPCK Market","Amranthas Red","Chawli Lal","Grade A",26/07/2026,5000,5000,5000
"Tamil Nadu",Coimbatore,"Sundarapuram(Uzhavar Sandhai )","Bhindi(Ladies Finger)",Bhindi,Local,26/07/2026,5000,5500,5250
"Tamil Nadu",Coimbatore,"Sundarapuram(Uzhavar Sandhai )",Cowpea(Veg),"Cowpea (Veg)",Local,26/07/2026,3500,4000,3750
"Tamil Nadu",Coimbatore,"Sundarapuram(Uzhavar Sandhai )",Tapioca,Tapioca,Local,26/07/2026,3000,3500,3250
"Tamil Nadu",Coimbatore,"Sundarapuram(Uzhavar Sandhai )",Cabbage,Cabbage,Local,26/07/2026,3500,4000,3750
"Tamil Nadu",Coimbatore,"Sundarapuram(Uzhavar Sandhai )",Beetroot,Beetroot,Local,26/07/2026,9000,9500,9250
"Tamil Nadu",Coimbatore,"Sundarapuram(Uzhavar Sandhai )",Cucumbar(Kheera),Cucumbar,Local,26/07/2026,3500,4800,4150
"Tamil Nadu",Coimbatore,"Sundarapuram(Uzhavar Sandhai )","Green Avare(W)","Green Avare (W)",Local,26/07/2026,6500,7000,6750
"Tamil Nadu",Coimbatore,"Sundarapuram(Uzhavar Sandhai )","Chow Chow","Chow Chow",Local,26/07/2026,3000,3500,3250
"Tamil Nadu",Coimbatore,"Sundarapuram(Uzhavar Sandhai )","Sweet Corn ","Sweet Corn ",Local,26/07/2026,3500,4000,3750
"West Bengal","Sounth 24 Parganas","Baruipur(Canning) APMC","Green Chilli","Green Chilly",FAQ,26/07/2026,8500,9000,8800
"Uttar Pradesh",Banda,"Atarra APMC",Onion,Other,FAQ,26/07/2026,2000,2000,2000
Telangana,Hanumakonda,"Excise Colony,RBZ ",Brinjal,Other,"Grade A",26/07/2026,4000,4000,4000
Telangana,Hanumakonda,"Excise Colony,RBZ ",Onion,Other,"Grade A",26/07/2026,4000,4000,4000
Telangana,Hanumakonda,"Excise Colony,RBZ ",Potato,Other,"Grade A",26/07/2026,3000,3000,3000
"Uttar Pradesh",Saharanpur,"Gangoh APMC",Wheat,Other,FAQ,26/07/2026,2600,2600,2600
"Tamil Nadu",Coimbatore,"Mettupalayam(Uzhavar Sandhai )",Cauliflower,Ranchi,Local,26/07/2026,4000,4500,4250
"Tamil Nadu",Coimbatore,"Mettupalayam(Uzhavar Sandhai )",Mango,Safeda,Local,26/07/2026,6000,10000,8000
"Tamil Nadu",Coimbatore,"Mettupalayam(Uzhavar Sandhai )",Brinjal,Round,Local,26/07/2026,4000,4500,4250
"Tamil Nadu",Coimbatore,"Mettupalayam(Uzhavar Sandhai )",Chikoos(Sapota),Sapota,Local,26/07/2026,4500,5000,4750
"Tamil Nadu",Coimbatore,"Mettupalayam(Uzhavar Sandhai )",Papaya,Papaya,Local,26/07/2026,3500,3800,3650
"Tamil Nadu",Coimbatore,"Mettupalayam(Uzhavar Sandhai )",Amaranthus,Amaranthus,Local,26/07/2026,3000,4000,3500
"Tamil Nadu",Coimbatore,"Mettupalayam(Uzhavar Sandhai )","Banana - Green","Banana - Green",Local,26/07/2026,4500,5000,4750
"Tamil Nadu",Coimbatore,"Mettupalayam(Uzhavar Sandhai )",Snakeguard,Snakeguard,Local,26/07/2026,3000,3400,3200
"Tamil Nadu",Coimbatore,"Mettupalayam(Uzhavar Sandhai )","Green Avare(W)","Green Avare (W)",Local,26/07/2026,6500,7500,7000
"Tamil Nadu",Coimbatore,"Mettupalayam(Uzhavar Sandhai )",Yam(Ratalu),"Yam (Ratalu)",Local,26/07/2026,6000,7000,6500
"Tamil Nadu",Coimbatore,"Mettupalayam(Uzhavar Sandhai )",Mashrooms,Mashrooms,Local,26/07/2026,16000,20000,18000
"Tamil Nadu",Coimbatore,"Mettupalayam(Uzhavar Sandhai )",Mint(Pudina),Mint(Pudina),Local,26/07/2026,7000,8000,7500
"Tamil Nadu",Coimbatore,"Mettupalayam(Uzhavar Sandhai )","Sweet Corn ","Sweet Corn ",Local,26/07/2026,3500,4000,3750
"Tamil Nadu",Erode,"Sathiyamagalam(Uzhavar Sandhai )",Cauliflower,Ranchi,Local,26/07/2026,3000,3400,3200
"Tamil Nadu",Erode,"Sathiyamagalam(Uzhavar Sandhai )",Cowpea(Veg),"Cowpea (Veg)",Local,26/07/2026,2000,2400,2200
"Tamil Nadu",Erode,"Sathiyamagalam(Uzhavar Sandhai )",Tapioca,Tapioca,Local,26/07/2026,2500,3000,2750
"Tamil Nadu",Erode,"Sathiyamagalam(Uzhavar Sandhai )",Ginger(Green),"Green Ginger",Local,26/07/2026,15000,16000,15500
"Tamil Nadu",Erode,"Sathiyamagalam(Uzhavar Sandhai )",Coconut,Coconut,Local,26/07/2026,4000,4500,4250
"Tamil Nadu",Erode,"Sathiyamagalam(Uzhavar Sandhai )",Beetroot,Beetroot,Local,26/07/2026,7000,7500,7250
"Tamil Nadu",Erode,"Sathiyamagalam(Uzhavar Sandhai )","Chow Chow","Chow Chow",Local,26/07/2026,2400,2800,2600
Telangana,Hyderabad,"RYTHU BAZAR MEHDIPATNAM","French Beans(Frasbean)","French Beans (Frasbean)","Grade A",26/07/2026,6500,6500,6500
Telangana,Hyderabad,"RYTHU BAZAR MEHDIPATNAM","Bottle gourd","Bottle Gourd","Grade A",26/07/2026,700,700,700
Telangana,Hyderabad,"RYTHU BAZAR MEHDIPATNAM",Cucumbar(Kheera),Cucumbar,"Grade A",26/07/2026,1800,1800,1800
Telangana,Hyderabad,"RYTHU BAZAR MEHDIPATNAM",Tinda,Other,"Grade A",26/07/2026,3500,3500,3500
"Uttar Pradesh","Sant Kabir Nagar","Khalilabad APMC",Onion,Other,FAQ,26/07/2026,1700,2000,1824.35
"Tamil Nadu",Namakkal,"Tiruchengode APMC",Potato,Other,Local,26/07/2026,2600,3000,2800
"Tamil Nadu",Namakkal,"Tiruchengode APMC",Chikoos(Sapota),Sapota,Local,26/07/2026,4000,4500,4250
"Tamil Nadu",Namakkal,"Tiruchengode APMC","Banana - Green","Banana - Green",Local,26/07/2026,3000,3500,3250
"Tamil Nadu",Namakkal,"Tiruchengode APMC",Beans,"Beans (Whole)",Local,26/07/2026,6200,7000,6600
"Tamil Nadu",Namakkal,"Tiruchengode APMC",Tapioca,Tapioca,Local,26/07/2026,2600,3000,2800
"Tamil Nadu",Namakkal,"Tiruchengode APMC",Ginger(Green),"Green Ginger",Local,26/07/2026,17000,19000,18000
"Tamil Nadu",Namakkal,"Tiruchengode APMC",Snakeguard,Snakeguard,Local,26/07/2026,4500,5000,4750
"Tamil Nadu",Namakkal,"Tiruchengode APMC",Cucumbar(Kheera),Cucumbar,Local,26/07/2026,7000,8000,7500
"Tamil Nadu",Namakkal,"Tiruchengode APMC",Raddish,Raddish,Local,26/07/2026,2600,3000,2800
"Tamil Nadu",Namakkal,"Tiruchengode APMC",Guava,"Guava Allahabad",Local,26/07/2026,6200,7000,6600
"Tamil Nadu",Namakkal,"Tiruchengode APMC","Tender Coconut","Tender Coconut",Local,26/07/2026,3000,3500,3250
"Uttar Pradesh",Rampur,"Bilaspur APMC",Wood,Other,FAQ,26/07/2026,510,510,510
"Uttar Pradesh",Rampur,"Bilaspur APMC",Paddy(Common),SuperFine(Basmati),FAQ,26/07/2026,2830,2830,2830
"Tamil Nadu",Ariyalur,"Jeyankondam (Uzhavar Sandhai )","Bhindi(Ladies Finger)",Bhindi,Local,26/07/2026,3400,3800,3600
"Tamil Nadu",Coimbatore,"RSPuram(Uzhavar Sandhai )",Garlic,Garlic,Local,26/07/2026,20000,22000,21000
"Tamil Nadu",Coimbatore,"RSPuram(Uzhavar Sandhai )",Brinjal,Other,Local,26/07/2026,3800,4200,4000
"Tamil Nadu",Coimbatore,"RSPuram(Uzhavar Sandhai )",Coriander(Leaves),"I Sort",Local,26/07/2026,6000,6500,6250
"Tamil Nadu",Coimbatore,"RSPuram(Uzhavar Sandhai )","Mousambi(Sweet Lime)",Mousambi,Local,26/07/2026,8000,9000,8500
"Tamil Nadu",Coimbatore,"RSPuram(Uzhavar Sandhai )","Cluster beans","Cluster Beans",Local,26/07/2026,3600,4000,3800
"Tamil Nadu",Coimbatore,"RSPuram(Uzhavar Sandhai )",Beans,"Beans (Whole)",Local,26/07/2026,6000,7000,6500
"Tamil Nadu",Coimbatore,"RSPuram(Uzhavar Sandhai )",Ridgeguard(Tori),Ridgeguard(Tori),Local,26/07/2026,4800,5400,5100
"Tamil Nadu",Coimbatore,"RSPuram(Uzhavar Sandhai )",Drumstick,Drumstick,Local,26/07/2026,4200,4800,4500
"Tamil Nadu",Coimbatore,"RSPuram(Uzhavar Sandhai )","Jack Fruit(Ripe)","Jack Fruit",Local,26/07/2026,4500,5000,4750
"Tamil Nadu",Coimbatore,"RSPuram(Uzhavar Sandhai )","Amla(Nelli Kai)",Amla,Local,26/07/2026,7500,8500,8000
"Tamil Nadu",Coimbatore,"RSPuram(Uzhavar Sandhai )","Sweet Corn ","Sweet Corn ",Local,26/07/2026,3500,4000,3750
"Tamil Nadu",Coimbatore,"Singanallur(Uzhavar Sandhai )",Grapes,Annabesahai,Local,26/07/2026,8000,9000,8500
"Tamil Nadu",Coimbatore,"Singanallur(Uzhavar Sandhai )",Ginger(Green),"Green Ginger",Local,26/07/2026,16000,18000,17000
"Tamil Nadu",Coimbatore,"Singanallur(Uzhavar Sandhai )",Cucumbar(Kheera),Cucumbar,Local,26/07/2026,4000,4500,4250
"Tamil Nadu",Coimbatore,"Singanallur(Uzhavar Sandhai )",Capsicum,Capsicum,Local,26/07/2026,8000,9000,8500
"Tamil Nadu",Coimbatore,"Singanallur(Uzhavar Sandhai )","Green Avare(W)","Green Avare (W)",Local,26/07/2026,6000,6800,6400
"Tamil Nadu",Coimbatore,"Singanallur(Uzhavar Sandhai )","Chow Chow","Chow Chow",Local,26/07/2026,3000,3600,3300
"Tamil Nadu",Coimbatore,"Singanallur(Uzhavar Sandhai )",Mango(Raw-Ripe),"Mango - Raw-Ripe",Local,26/07/2026,2500,3000,2750
Chattisgarh,Dhamtari,"Bhakhara APMC",Paddy(Common),"I.R. 64",FAQ,26/07/2026,2145,2180,2155
"Tamil Nadu",Coimbatore,"Pollachi(Uzhavar Sandhai )",Garlic,Garlic,Local,26/07/2026,18000,22000,20000
"Tamil Nadu",Coimbatore,"Pollachi(Uzhavar Sandhai )",Tomato,Deshi,Local,26/07/2026,1500,1800,1650
"Tamil Nadu",Coimbatore,"Pollachi(Uzhavar Sandhai )",Cabbage,Cabbage,Local,26/07/2026,3500,4200,3850
"Tamil Nadu",Coimbatore,"Pollachi(Uzhavar Sandhai )","Green Avare(W)","Green Avare (W)",Local,26/07/2026,6500,7500,7000
"Tamil Nadu",Coimbatore,"Pollachi(Uzhavar Sandhai )","Tender Coconut","Tender Coconut",Local,26/07/2026,3500,4000,3750
"Tamil Nadu",Coimbatore,"Pollachi(Uzhavar Sandhai )",Mint(Pudina),Mint(Pudina),Local,26/07/2026,6000,7000,6500
"Uttar Pradesh",Mahoba,"Charkhari APMC",Wheat,Dara,FAQ,26/07/2026,2350,2350,2350
"Uttar Pradesh",Shahjahanpur,"Jalalabad APMC",Groundnut,Other,FAQ,26/07/2026,8500,8500,8500
Odisha,Sonepur,"Pandkital APMC",Potato,Other,Local,26/07/2026,2000,2200,2100
"Uttar Pradesh",Agra,"Khairagarh APMC",Mustard,Sarson(Black),FAQ,26/07/2026,7500,7700,7600
"Uttar Pradesh",Farukhabad,"Kamlaganj APMC",Potato,Other,FAQ,26/07/2026,600,600,600
Chandigarh,Chandigarh,"Chandigarh (Grain/F&V) APMC","Bitter gourd","Bitter Gourd",Local,26/07/2026,1000,2000,1500
Chandigarh,Chandigarh,"Chandigarh (Grain/F&V) APMC",Capsicum,Capsicum,FAQ,26/07/2026,2000,3500,3000
Chandigarh,Chandigarh,"Chandigarh (Grain/F&V) APMC",Cucumbar(Kheera),Cucumbar,Local,26/07/2026,500,1500,1200
Chandigarh,Chandigarh,"Chandigarh (Grain/F&V) APMC","Green Chilli","Green Chilly",FAQ,26/07/2026,2000,3000,2500
Chandigarh,Chandigarh,"Chandigarh (Grain/F&V) APMC","Bhindi(Ladies Finger)",Bhindi,Local,26/07/2026,1000,1500,1300
Chandigarh,Chandigarh,"Chandigarh (Grain/F&V) APMC",Ginger(Green),"Green Ginger",FAQ,26/07/2026,5000,7000,6500
Chandigarh,Chandigarh,"Chandigarh (Grain/F&V) APMC","Peas Wet","Peas Wet",FAQ,26/07/2026,3000,5000,4500
Telangana,"Ranga Reddy","Vanasthalipuram,RBZ ",Brinjal,Round/Long,Local,26/07/2026,2300,2300,2300
Telangana,"Ranga Reddy","Vanasthalipuram,RBZ ","Little gourd(Kundru)","Little gourd (Kundru)",Local,26/07/2026,3500,3500,3500
Telangana,"Ranga Reddy","Vanasthalipuram,RBZ ",Potato,Potato,Local,26/07/2026,1800,1800,1800
Telangana,"Ranga Reddy","Vanasthalipuram,RBZ ","Leafy Vegetable","Leafy Vegetables",Local,26/07/2026,5000,5000,5000
Telangana,"Ranga Reddy","Vanasthalipuram,RBZ ","Other green and fresh vegetables",Other,Local,26/07/2026,2000,2000,2000
"Tamil Nadu",Karur,"Karur(Uzhavar Sandhai )",Banana,"Red Banana",Local,26/07/2026,5000,6000,5500
"Tamil Nadu",Karur,"Karur(Uzhavar Sandhai )",Coriander(Leaves),"I Sort",Local,26/07/2026,7500,8000,7750
"Tamil Nadu",Karur,"Karur(Uzhavar Sandhai )","Banana - Green","Banana - Green",Local,26/07/2026,2500,3000,2750
"Tamil Nadu",Karur,"Karur(Uzhavar Sandhai )",Raddish,Raddish,Local,26/07/2026,3500,4000,3750
"Tamil Nadu",Karur,"Karur(Uzhavar Sandhai )",Mango(Raw-Ripe),"Mango - Raw-Ripe",Local,26/07/2026,3500,4000,3750
"Tamil Nadu",Coimbatore,"Kurichi(Uzhavar Sandhai )",Banana,"Red Banana",Local,26/07/2026,7400,7800,7600
"Tamil Nadu",Coimbatore,"Kurichi(Uzhavar Sandhai )",Mango,Other,Local,26/07/2026,7500,8000,7750
"Tamil Nadu",Coimbatore,"Kurichi(Uzhavar Sandhai )","Green Avare(W)","Green Avare (W)",Local,26/07/2026,6500,7000,6750
"Tamil Nadu",Cuddalore,"Chidambaram(Uzhavar Sandhai )",Potato,"Red Nanital",Local,26/07/2026,4000,4000,4000
"Tamil Nadu",Cuddalore,"Chidambaram(Uzhavar Sandhai )",Coconut,Coconut,Local,26/07/2026,5000,6000,5500
"Tamil Nadu",Cuddalore,"Cuddalore(Uzhavar Sandhai )",Groundnut,"Big (With Shell)",Local,26/07/2026,8000,8000,8000
"Tamil Nadu",Cuddalore,"Cuddalore(Uzhavar Sandhai )",Cauliflower,Ranchi,Local,26/07/2026,4500,4500,4500
"Tamil Nadu",Cuddalore,"Cuddalore(Uzhavar Sandhai )",Chikoos(Sapota),Sapota,Local,26/07/2026,5000,7000,6000
"Tamil Nadu",Cuddalore,"Cuddalore(Uzhavar Sandhai )","Bitter gourd","Bitter Gourd",Local,26/07/2026,7000,8000,7500
"Tamil Nadu",Cuddalore,"Cuddalore(Uzhavar Sandhai )","Bottle gourd","Bottle Gourd",Local,26/07/2026,2000,2500,2250
"Tamil Nadu",Cuddalore,"Cuddalore(Uzhavar Sandhai )",Ashgourd,Gouard,Local,26/07/2026,4000,4000,4000
"Tamil Nadu",Cuddalore,"Cuddalore(Uzhavar Sandhai )","Green Chilli","Green Chilly",Local,26/07/2026,5000,6000,5500
"Tamil Nadu",Cuddalore,"Cuddalore(Uzhavar Sandhai )","Green Avare(W)","Green Avare (W)",Local,26/07/2026,6000,6000,6000
"Tamil Nadu",Cuddalore,"Cuddalore(Uzhavar Sandhai )","Knool Khol","Knool Khol",Local,26/07/2026,5000,5000,5000
"Tamil Nadu",Cuddalore,"Cuddalore(Uzhavar Sandhai )",Lemon,Lemon,Local,26/07/2026,5000,6000,5500
"Tamil Nadu",Cuddalore,"Cuddalore(Uzhavar Sandhai )",Colacasia,Colacasia,Local,26/07/2026,6000,6000,6000
"Tamil Nadu",Cuddalore,"Cuddalore(Uzhavar Sandhai )","Amla(Nelli Kai)",Amla,Local,26/07/2026,9000,9000,9000
"Tamil Nadu",Cuddalore,"Cuddalore(Uzhavar Sandhai )",Mint(Pudina),Mint(Pudina),Local,26/07/2026,5000,5000,5000
"Tamil Nadu",Chengalpattu,"Thirukalukundram(Uzhavar Sandhai )",Onion,Bellary,Local,26/07/2026,3300,3500,3400
"Tamil Nadu",Chengalpattu,"Thirukalukundram(Uzhavar Sandhai )",Potato,Other,Local,26/07/2026,2500,3000,2750
"Tamil Nadu",Chengalpattu,"Thirukalukundram(Uzhavar Sandhai )",Papaya,Papaya,Local,26/07/2026,4000,5000,4500
"Tamil Nadu",Chengalpattu,"Thirukalukundram(Uzhavar Sandhai )",Tomato,Local,Local,26/07/2026,2000,2200,2100
"Tamil Nadu",Chengalpattu,"Thirukalukundram(Uzhavar Sandhai )","Cluster beans","Cluster Beans",Local,26/07/2026,4500,5000,4750
"Tamil Nadu",Chengalpattu,"Thirukalukundram(Uzhavar Sandhai )",Pumpkin,Pumpkin,Local,26/07/2026,2300,2700,2500
"Tamil Nadu",Chengalpattu,"Thirukalukundram(Uzhavar Sandhai )","Banana - Green","Banana - Green",Local,26/07/2026,3200,3500,3350
"Tamil Nadu",Chengalpattu,"Thirukalukundram(Uzhavar Sandhai )","Sweet Potato","Hosur Red",Local,26/07/2026,4000,4500,4250
"Tamil Nadu",Chengalpattu,"Thirukalukundram(Uzhavar Sandhai )",Capsicum,Capsicum,Local,26/07/2026,5000,6000,5500
"Tamil Nadu",Chengalpattu,"Thirukalukundram(Uzhavar Sandhai )","Green Avare(W)",Other,Local,26/07/2026,4700,5600,5150
"Tamil Nadu",Chengalpattu,"Thirukalukundram(Uzhavar Sandhai )","Chow Chow","Chow Chow",Local,26/07/2026,2500,3000,2750
"Tamil Nadu",Chengalpattu,"Thirukalukundram(Uzhavar Sandhai )",Guava,"Guava Allahabad",Local,26/07/2026,5000,5500,5250
"Tamil Nadu",Chengalpattu,"Thirukalukundram(Uzhavar Sandhai )",Lemon,Lemon,Local,26/07/2026,6500,7000,6750
"Tamil Nadu",Chengalpattu,"Thirukalukundram(Uzhavar Sandhai )","Amla(Nelli Kai)",Amla,Local,26/07/2026,7500,9000,8250
"Tamil Nadu",Tuticorin,"Tuticorin(Uzhavar Sandhai )",Onion,Bellary,Local,26/07/2026,4000,4500,4250
"Tamil Nadu",Tuticorin,"Tuticorin(Uzhavar Sandhai )",Potato,Other,Local,26/07/2026,3000,3500,3250
"Tamil Nadu",Tuticorin,"Tuticorin(Uzhavar Sandhai )",Garlic,Garlic,Local,26/07/2026,21000,22000,21500
"Tamil Nadu",Tuticorin,"Tuticorin(Uzhavar Sandhai )",Papaya,Papaya,Local,26/07/2026,3500,4000,3750
"Tamil Nadu",Tuticorin,"Tuticorin(Uzhavar Sandhai )",Tomato,Local,Local,26/07/2026,1500,2000,1750
"Tamil Nadu",Tuticorin,"Tuticorin(Uzhavar Sandhai )",Ashgourd,Gouard,Local,26/07/2026,1500,2000,1750
"Tamil Nadu",Tuticorin,"Tuticorin(Uzhavar Sandhai )","Banana - Green","Banana - Green",Local,26/07/2026,2500,3000,2750
"Tamil Nadu",Tuticorin,"Tuticorin(Uzhavar Sandhai )",Ridgeguard(Tori),Ridgeguard(Tori),Local,26/07/2026,4500,5000,4750
"Tamil Nadu",Tuticorin,"Tuticorin(Uzhavar Sandhai )",Raddish,Raddish,Local,26/07/2026,3500,4000,3750
"Tamil Nadu",Tuticorin,"Tuticorin(Uzhavar Sandhai )",Mango(Raw-Ripe),"Mango - Raw-Ripe",Local,26/07/2026,2500,3000,2750
"Tamil Nadu",Tuticorin,"Tuticorin(Uzhavar Sandhai )",Yam(Ratalu),"Yam (Ratalu)",Local,26/07/2026,9000,10000,9500
"Tamil Nadu",Tuticorin,"Tuticorin(Uzhavar Sandhai )",Colacasia,Colacasia,Local,26/07/2026,6500,7000,6750
"Tamil Nadu",Tuticorin,"Tuticorin(Uzhavar Sandhai )","Onion Green","Onion Green",Local,26/07/2026,6500,7000,6750
Assam,Tinsukia,"Tinsukia Market",Potato,Potato,FAQ,26/07/2026,900,1300,1100
Assam,Tinsukia,"Tinsukia Market",Onion,Onion,FAQ,26/07/2026,3200,3500,3400
Assam,Tinsukia,"Tinsukia Market",Garlic,Garlic,FAQ,26/07/2026,9000,17000,15000
Assam,Tinsukia,"Tinsukia Market",Cucumbar(Kheera),Other,FAQ,26/07/2026,2000,2800,2400
"Tamil Nadu","Nagercoil (Kannyiakumari)","Vadaseri APMC",Garlic,Garlic,Local,26/07/2026,20000,22000,21000
"Tamil Nadu","Nagercoil (Kannyiakumari)","Vadaseri APMC",Cauliflower,Ranchi,Local,26/07/2026,5500,6000,5750
"Tamil Nadu","Nagercoil (Kannyiakumari)","Vadaseri APMC",Amaranthus,Amaranthus,Local,26/07/2026,1500,2000,1750
"Tamil Nadu","Nagercoil (Kannyiakumari)","Vadaseri APMC",Tapioca,Tapioca,Local,26/07/2026,3500,4000,3750
"Tamil Nadu","Nagercoil (Kannyiakumari)","Vadaseri APMC",Ginger(Green),"Green Ginger",Local,26/07/2026,18000,20000,19000
"Tamil Nadu","Nagercoil (Kannyiakumari)","Vadaseri APMC",Coconut,Coconut,Local,26/07/2026,5300,5500,5400
"Tamil Nadu","Nagercoil (Kannyiakumari)","Vadaseri APMC",Carrot,Pusakesar,Local,26/07/2026,9000,10000,9500
"Tamil Nadu","Nagercoil (Kannyiakumari)","Vadaseri APMC",Snakeguard,Snakeguard,Local,26/07/2026,4000,4500,4250
"Tamil Nadu","Nagercoil (Kannyiakumari)","Vadaseri APMC","Chow Chow","Chow Chow",Local,26/07/2026,4500,5000,4750
"Tamil Nadu","Nagercoil (Kannyiakumari)","Vadaseri APMC",Drumstick,Drumstick,Local,26/07/2026,4500,5000,4750
"Tamil Nadu","Nagercoil (Kannyiakumari)","Vadaseri APMC",Mango(Raw-Ripe),"Mango - Raw-Ripe",Local,26/07/2026,4000,4500,4250
"Tamil Nadu","Nagercoil (Kannyiakumari)","Vadaseri APMC","Jack Fruit(Ripe)","Jack Fruit",Local,26/07/2026,2200,2500,2350
"Tamil Nadu","Nagercoil (Kannyiakumari)","Vadaseri APMC","Tamarind Fruit","Tamarind Fruit",Local,26/07/2026,13000,14000,13500
"Tamil Nadu","Nagercoil (Kannyiakumari)","Vadaseri APMC",Lemon,Lemon,Local,26/07/2026,9000,10000,9500
"Tamil Nadu","Nagercoil (Kannyiakumari)","Vadaseri APMC",Colacasia,Colacasia,Local,26/07/2026,8000,8500,8250
"Tamil Nadu",Pudukkottai,"Karambakkudi(Uzhavar Sandhai )","Cluster beans","Cluster Beans",Local,26/07/2026,4500,5000,4750
"Tamil Nadu",Pudukkottai,"Karambakkudi(Uzhavar Sandhai )","Bitter gourd",Other,Local,26/07/2026,8000,9000,8500
"Tamil Nadu",Pudukkottai,"Karambakkudi(Uzhavar Sandhai )",Ashgourd,Gouard,Local,26/07/2026,1000,1500,1250
"Tamil Nadu",Pudukkottai,"Karambakkudi(Uzhavar Sandhai )",Raddish,Raddish,Local,26/07/2026,4500,5000,4750
"Tamil Nadu",Pudukkottai,"Karambakkudi(Uzhavar Sandhai )",Lemon,Lemon,Local,26/07/2026,3500,4000,3750
Maharashtra,Ahilyanagar,"Rahata APMC",Beetroot,Other,Local,26/07/2026,1000,3000,2000
Maharashtra,Ahilyanagar,"Rahata APMC",Cauliflower,Other,Local,26/07/2026,300,1500,900
Maharashtra,Ahilyanagar,"Rahata APMC",Carrot,Other,Local,26/07/2026,1500,2000,1750
Maharashtra,Ahilyanagar,"Rahata APMC",Tomato,Other,Local,26/07/2026,500,4000,2250
Maharashtra,Ahilyanagar,"Rahata APMC",Brinjal,Other,Local,26/07/2026,1000,2800,1900
"Tamil Nadu",Vellore,"Thirupathur APMC",Groundnut,"Big (With Shell)",Local,26/07/2026,6000,6000,6000
"Tamil Nadu",Vellore,"Thirupathur APMC","Cluster beans","Cluster Beans",Local,26/07/2026,4000,4000,4000
"Tamil Nadu",Vellore,"Thirupathur APMC",Pumpkin,Pumpkin,Local,26/07/2026,2000,2000,2000
"Tamil Nadu",Vellore,"Thirupathur APMC",Carrot,Pusakesar,Local,26/07/2026,7000,7000,7000
"Tamil Nadu",Vellore,"Thirupathur APMC",Raddish,Raddish,Local,26/07/2026,4000,4000,4000
"Tamil Nadu",Vellore,"Thirupathur APMC","Onion Green","Onion Green",Local,26/07/2026,7500,7500,7500
"Tamil Nadu",Vellore,"Thirupathur APMC","Sweet Corn ","Sweet Corn ",Local,26/07/2026,3000,3000,3000
"Tamil Nadu",Vellore,"Vellore APMC",Ashgourd,Gouard,Local,26/07/2026,2000,2500,2250
"Tamil Nadu",Vellore,"Vellore APMC","Banana - Green","Banana - Green",Local,26/07/2026,3000,3000,3000
"Tamil Nadu",Vellore,"Vellore APMC","Betal Leaves",Mysore,Local,26/07/2026,15000,15000,15000
"Tamil Nadu",Vellore,"Vellore APMC",Carrot,Pusakesar,Local,26/07/2026,5000,6000,5500
"Tamil Nadu",Vellore,"Vellore APMC",Beetroot,Beetroot,Local,26/07/2026,3000,3500,3250
"Tamil Nadu",Vellore,"Vellore APMC",Ridgeguard(Tori),Ridgeguard(Tori),Local,26/07/2026,3000,4000,3500
"Tamil Nadu",Vellore,"Vellore APMC",Raddish,Raddish,Local,26/07/2026,3000,3500,3250
"Tamil Nadu",Vellore,"Vellore APMC",Drumstick,Drumstick,Local,26/07/2026,4000,4500,4250
"Tamil Nadu",Vellore,"Vellore APMC",Pomegranate,Pomogranate,Local,26/07/2026,20000,20000,20000
"Tamil Nadu",Vellore,"Vellore APMC",Colacasia,Colacasia,Local,26/07/2026,3500,4000,3750
"Tamil Nadu",Vellore,"Vellore APMC","Onion Green","Onion Green",Local,26/07/2026,3500,4000,3750
Bihar,Sheikhpura,"Shekhpura APMC","Bitter gourd","Bitter Gourd",FAQ,26/07/2026,3030,3165,3095
Bihar,"East Champaran/ Motihari","Chakia APMC",Onion,"1st Sort","Grade A",26/07/2026,2500,2700,2600
Bihar,"East Champaran/ Motihari","Chakia APMC",Potato,Red,"Grade A",26/07/2026,1100,1300,1200
"Tamil Nadu",Dharmapuri,"Harur(Uzhavar Sandhai )",Onion,Bellary,Local,26/07/2026,3000,3500,3250
"Tamil Nadu",Dharmapuri,"Harur(Uzhavar Sandhai )","Bottle gourd","Bottle Gourd",Local,26/07/2026,1500,1800,1650
"Tamil Nadu",Dharmapuri,"Harur(Uzhavar Sandhai )",Beetroot,Beetroot,Local,26/07/2026,4500,5000,4750
"Tamil Nadu",Dharmapuri,"Harur(Uzhavar Sandhai )","Knool Khol","Knool Khol",Local,26/07/2026,5000,6000,5500
"Tamil Nadu",Dharmapuri,"Harur(Uzhavar Sandhai )","Elephant Yam(Suran)/Amorphophallus","Elephant Yam (Suran)",Local,26/07/2026,3000,3500,3250
"Tamil Nadu",Krishnagiri,"Kaveripattinam(Uzhavar Sandhai )",Ashgourd,Gouard,Local,26/07/2026,3500,3500,3500
"Tamil Nadu",Krishnagiri,"Kaveripattinam(Uzhavar Sandhai )","Green Chilli","Green Chilly",Local,26/07/2026,5000,5000,5000
"Tamil Nadu","The Nilgiris","Coonoor(Uzhavar Sandhai )",Garlic,Garlic,Local,26/07/2026,19000,20000,19500
"Tamil Nadu","The Nilgiris","Coonoor(Uzhavar Sandhai )","Bitter gourd",Other,Local,26/07/2026,6000,6400,6200
"Tamil Nadu","The Nilgiris","Coonoor(Uzhavar Sandhai )",Snakeguard,Snakeguard,Local,26/07/2026,3000,3500,3250
"Tamil Nadu","The Nilgiris","Coonoor(Uzhavar Sandhai )",Capsicum,Capsicum,Local,26/07/2026,7500,8000,7750
"Tamil Nadu","The Nilgiris","Coonoor(Uzhavar Sandhai )",Drumstick,Drumstick,Local,26/07/2026,5000,5400,5200
"Tamil Nadu","The Nilgiris","Gudalur(Uzhavar Sandhai )",Onion,Bellary,Local,26/07/2026,3800,4200,4000
"Tamil Nadu","The Nilgiris","Gudalur(Uzhavar Sandhai )",Banana,Besrai,Local,26/07/2026,4000,5000,4500
"Tamil Nadu","The Nilgiris","Gudalur(Uzhavar Sandhai )",Cauliflower,Ranchi,Local,26/07/2026,4000,4500,4250
"Tamil Nadu","The Nilgiris","Gudalur(Uzhavar Sandhai )",Brinjal,Round,Local,26/07/2026,4500,5000,4750
"Tamil Nadu","The Nilgiris","Gudalur(Uzhavar Sandhai )","Cluster beans","Cluster Beans",Local,26/07/2026,3500,4000,3750
"Tamil Nadu","The Nilgiris","Gudalur(Uzhavar Sandhai )","Green Chilli","Green Chilly",Local,26/07/2026,5500,6000,5750
"Tamil Nadu","The Nilgiris","Gudalur(Uzhavar Sandhai )",Cowpea(Veg),"Cowpea (Veg)",Local,26/07/2026,2500,3000,2750
"Tamil Nadu","The Nilgiris","Gudalur(Uzhavar Sandhai )",Beans,"Beans (Whole)",Local,26/07/2026,5500,6000,5750
"Tamil Nadu","The Nilgiris","Gudalur(Uzhavar Sandhai )",Coconut,Coconut,Local,26/07/2026,5500,5800,5650
"Tamil Nadu","The Nilgiris","Gudalur(Uzhavar Sandhai )",Beetroot,Beetroot,Local,26/07/2026,5000,5500,5250
"Tamil Nadu","The Nilgiris","Gudalur(Uzhavar Sandhai )",Cucumbar(Kheera),Cucumbar,Local,26/07/2026,3500,4000,3750
"Tamil Nadu","The Nilgiris","Gudalur(Uzhavar Sandhai )",Capsicum,Capsicum,Local,26/07/2026,7000,8000,7500
"Tamil Nadu","The Nilgiris","Gudalur(Uzhavar Sandhai )",Drumstick,Drumstick,Local,26/07/2026,4500,5000,4750
"Tamil Nadu","The Nilgiris","Gudalur(Uzhavar Sandhai )",Lemon,Lemon,Local,26/07/2026,6500,7000,6750
"Tamil Nadu","The Nilgiris","Gudalur(Uzhavar Sandhai )","Onion Green","Onion Green",Local,26/07/2026,5800,6400,6100
"Himachal Pradesh",Kullu,"SMY Bhuntar","Peas Wet",Other,FAQ,26/07/2026,8500,9000,8800
"Himachal Pradesh",Kullu,"SMY Bhuntar",Orange,Other,Medium,26/07/2026,15000,16000,15500
"Himachal Pradesh",Kullu,"SMY Bhuntar",Potato,Other,FAQ,26/07/2026,1000,1500,1200
"Himachal Pradesh",Kullu,"SMY Bhuntar",Cabbage,Other,FAQ,26/07/2026,2000,2200,2100
"Himachal Pradesh",Kullu,"SMY Bhuntar",Tomato,Other,FAQ,26/07/2026,1500,2000,1800
"Himachal Pradesh",Kullu,"SMY Bhuntar","Bottle gourd",Other,FAQ,26/07/2026,3800,4000,3900
"Uttar Pradesh",Shravasti,"Bhinga APMC",Wheat,Dara,FAQ,26/07/2026,2430,2430,2430
"Uttar Pradesh",Shravasti,"Bhinga APMC",Wheat,PBW-343,FAQ,26/07/2026,2430,2430,2430
"Uttar Pradesh",Agra,"Agra APMC",Garlic,Other,FAQ,26/07/2026,8500,8500,8500
"Uttar Pradesh",Agra,"Agra APMC",Tomato,Other,FAQ,26/07/2026,1750,1800,1771.43
Punjab,Tarntaran,"Patti APMC",Raddish,Raddish,Local,26/07/2026,450,450,450
Punjab,Tarntaran,"Patti APMC","Bitter gourd",Other,Local,26/07/2026,2.5,2.8,2.65
Punjab,Tarntaran,"Patti APMC",Onion,Other,Local,26/07/2026,2.2,2.2,2.2
Punjab,Tarntaran,"Patti APMC","Bottle gourd",Other,Local,26/07/2026,1260,1260,1260
Uttarakhand,Dehradoon,"Vikasnagar APMC","Bottle gourd",Other,Medium,26/07/2026,400,800,800
Uttarakhand,Dehradoon,"Vikasnagar APMC",Brinjal,Other,Medium,26/07/2026,500,700,700
Uttarakhand,Dehradoon,"Vikasnagar APMC",Cucumbar(Kheera),Other,Medium,26/07/2026,500,600,600
Uttarakhand,Dehradoon,"Vikasnagar APMC",Pumpkin,Pumpkin,Medium,26/07/2026,400,400,400
Haryana,Faridabad,"Ballabhgarh APMC",Potato,Potato,FAQ,26/07/2026,800,1000,950
Haryana,Hissar,"Hansi APMC",Mango,Other,"Grade B",26/07/2026,3000,5000,4000
Haryana,Hissar,"Hansi APMC",Chikoos(Sapota),Other,"Grade B",26/07/2026,8000,10000,9000
Haryana,Hissar,"Hansi APMC",Spinach,Other,FAQ,26/07/2026,1200,1500,1350
Haryana,Hissar,"Hansi APMC",Brinjal,Other,FAQ,26/07/2026,1200,1500,1350
Haryana,Hissar,"Hansi APMC","Bhindi(Ladies Finger)",Other,FAQ,26/07/2026,1800,2000,1900
Haryana,Hissar,"Hansi APMC",Cabbage,Other,FAQ,26/07/2026,1500,1500,1500
Uttarakhand,Dehradoon,"Chakrata APMC",Tomato,Local,FAQ,26/07/2026,1400,1600,1500
Uttarakhand,Haridwar,"Bhagwanpur(Naveen Mandi Sthal) APMC",Onion,Other,"Grade A",26/07/2026,1500,1600,1550
"Himachal Pradesh",Kullu,"SMY Shatt",Plum,Plum,Medium,26/07/2026,2000,6500,4200
Keralam,Kozhikode(Calicut),"Mukkom Market","Bottle gourd","Bottle Gourd",FAQ,26/07/2026,2300,2700,2500
Keralam,Kozhikode(Calicut),"Mukkom Market",Brinjal,Brinjal,FAQ,26/07/2026,4200,4500,4300
Keralam,Kozhikode(Calicut),"Mukkom Market",Orange,Other,Large,26/07/2026,14500,15500,15000
Keralam,Kozhikode(Calicut),"Mukkom Market",Onion,Onion,FAQ,26/07/2026,2800,3200,3000
Telangana,Hyderabad,"RYTHU BAZAR FALAKNUMA","Ladies Finger","Ladies Finger","Grade B",26/07/2026,4000,4000,4000
Telangana,Hyderabad,"RYTHU BAZAR FALAKNUMA",Cabbage,Cabbage,"Grade A",26/07/2026,2100,2100,2100
Telangana,Hyderabad,"RYTHU BAZAR FALAKNUMA","Little gourd(Kundru)","Little gourd (Kundru)","Grade B",26/07/2026,3500,3500,3500
Telangana,Hyderabad,"RYTHU BAZAR FALAKNUMA","Bitter gourd","Bitter Gourd","Grade A",26/07/2026,3200,3200,3200
Keralam,Kollam,"Anchal Market",Cauliflower,Cauliflower,Local,26/07/2026,5800,5800,5800
Keralam,Kollam,"Anchal Market",Cucumbar(Kheera),Cucumbar,Local,26/07/2026,2600,2600,2600
Keralam,Kollam,"Anchal Market",Cabbage,Cabbage,Local,26/07/2026,6500,6500,6500
Keralam,Kollam,"Anchal Market",Onion,Big,Local,26/07/2026,3700,3700,3700
"Andhra Pradesh",NTR,"Nandigama APMC",Maize,Hybrid,"Grade Range-1",26/07/2026,2320,2320,2320
"Andhra Pradesh",NTR,"Nandigama APMC",Wood,Subabul,"Grade Range-1",26/07/2026,520,520,520
Rajasthan,Jalore,"Jalore APMC",Cucumbar(Kheera),Cucumbar,Local,26/07/2026,1000,1200,1100
Rajasthan,Jalore,"Jalore APMC","Bitter gourd",Other,Local,26/07/2026,1500,1800,1700
Rajasthan,Jalore,"Jalore APMC",Tomato,Tomato,Local,26/07/2026,1500,1800,1700
Rajasthan,Jalore,"Jalore APMC",Cauliflower,Cauliflower,Local,26/07/2026,1500,2000,1800
Odisha,Bolangir,"Kantabaji APMC",Tomato,Other,"Grade B",26/07/2026,3200,4000,3600
Keralam,Kottayam,"Ettumanoor Market","Green Chilli","Green Chilly",FAQ,26/07/2026,4000,4400,4200
Keralam,Kottayam,"Ettumanoor Market","Bhindi(Ladies Finger)",Bhindi,FAQ,26/07/2026,3400,3800,3600
Keralam,Kottayam,"Ettumanoor Market",Cabbage,Cabbage,FAQ,26/07/2026,3600,4000,3800
Keralam,Kottayam,"Ettumanoor Market",Tomato,Tomato,FAQ,26/07/2026,3500,4000,3700
Keralam,Kottayam,"Ettumanoor Market",Mango(Raw-Ripe),"Mango - Raw-Ripe",FAQ,26/07/2026,3000,3600,3400
Keralam,Thirssur,"Karuvannur VFPCK Market",Banana,"Nendra Bale","Grade A",26/07/2026,4000,4400,4200
"Tamil Nadu",Thanjavur,"Tirukattupalli(Uzhavar Sandhai )",Banana,Besrai,Local,26/07/2026,6500,6500,6500
"Tamil Nadu",Thanjavur,"Tirukattupalli(Uzhavar Sandhai )","Bhindi(Ladies Finger)",Bhindi,Local,26/07/2026,4000,4000,4000
"Tamil Nadu",Thanjavur,"Tirukattupalli(Uzhavar Sandhai )",Raddish,Raddish,Local,26/07/2026,3600,3600,3600
"Tamil Nadu",Thiruchirappalli,"Thuraiyur APMC",Onion,Bellary,Local,26/07/2026,3000,4000,3500
"Tamil Nadu",Thiruchirappalli,"Thuraiyur APMC",Banana,Besrai,Local,26/07/2026,4000,5000,4500
"Tamil Nadu",Thiruchirappalli,"Thuraiyur APMC",Coriander(Leaves),"I Sort",Local,26/07/2026,4200,4600,4400
"Tamil Nadu",Thiruchirappalli,"Thuraiyur APMC",Papaya,Papaya,Local,26/07/2026,3000,4000,3500
"Tamil Nadu",Thiruchirappalli,"Thuraiyur APMC",Pumpkin,Pumpkin,Local,26/07/2026,1200,1800,1500
"Tamil Nadu",Thiruchirappalli,"Thuraiyur APMC","Banana - Green","Banana - Green",Local,26/07/2026,2000,2500,2250
"Tamil Nadu",Thiruchirappalli,"Thuraiyur APMC","Chow Chow","Chow Chow",Local,26/07/2026,3500,4000,3750
"Tamil Nadu",Thiruchirappalli,"Thuraiyur APMC",Drumstick,Drumstick,Local,26/07/2026,5000,6000,5500
"Tamil Nadu",Thiruchirappalli,"Thuraiyur APMC",Mango(Raw-Ripe),"Mango - Raw-Ripe",Local,26/07/2026,3000,4000,3500
"Tamil Nadu",Thiruchirappalli,"Thuraiyur APMC","Tender Coconut","Tender Coconut",Local,26/07/2026,4000,5000,4500
"Tamil Nadu",Thiruchirappalli,"Thuraiyur APMC",Mint(Pudina),Mint(Pudina),Local,26/07/2026,6000,7000,6500
Karnataka,Koppal,"Kustagi APMC","Foxtail Millet(Navane)","Navane Hybrid",Medium,26/07/2026,3080,3081,3081
Karnataka,Koppal,"Kustagi APMC",Maize,Hybrid/Local,FAQ,26/07/2026,2800,2800,2800
Karnataka,Koppal,"Kustagi APMC","Sunflower/Sunflower Seed",Hybrid,FAQ,26/07/2026,8200,8300,8250
Karnataka,Koppal,"Kustagi APMC",Cotton,Other,FAQ,26/07/2026,8700,8700,8700
"Tamil Nadu",Villupuram,"Tindivanam APMC",Onion,Bellary,Local,26/07/2026,3400,3800,3600
"Tamil Nadu",Villupuram,"Tindivanam APMC",Brinjal,Round,Local,26/07/2026,4500,4500,4500
"Tamil Nadu",Villupuram,"Tindivanam APMC","Bottle gourd","Bottle Gourd",Local,26/07/2026,2500,2500,2500
"Tamil Nadu",Villupuram,"Tindivanam APMC","Bhindi(Ladies Finger)",Bhindi,Local,26/07/2026,3500,3500,3500
"Tamil Nadu",Villupuram,"Tindivanam APMC",Tapioca,Tapioca,Local,26/07/2026,4500,4500,4500
"Tamil Nadu",Villupuram,"Tindivanam APMC","Sweet Potato","Hosur Red",Local,26/07/2026,4500,4500,4500
"Tamil Nadu",Villupuram,"Tindivanam APMC",Carrot,Pusakesar,Local,26/07/2026,7600,7600,7600
"Tamil Nadu",Villupuram,"Tindivanam APMC",Ridgeguard(Tori),Ridgeguard(Tori),Local,26/07/2026,5800,5800,5800
"Tamil Nadu",Villupuram,"Tindivanam APMC","Chow Chow","Chow Chow",Local,26/07/2026,4600,4600,4600
"Tamil Nadu",Villupuram,"Tindivanam APMC",Mango(Raw-Ripe),"Mango - Raw-Ripe",Local,26/07/2026,2500,2500,2500
"Tamil Nadu",Villupuram,"Ulundurpettai APMC","Bitter gourd","Bitter Gourd",Local,26/07/2026,6000,6000,6000
"Tamil Nadu",Villupuram,"Ulundurpettai APMC",Coconut,Coconut,Local,26/07/2026,3000,3000,3000
"Tamil Nadu",Villupuram,"Ulundurpettai APMC",Snakeguard,Snakeguard,Local,26/07/2026,6000,6000,6000
"Tamil Nadu",Villupuram,"Ulundurpettai APMC",Ridgeguard(Tori),Ridgeguard(Tori),Local,26/07/2026,6000,6000,6000
"Tamil Nadu",Villupuram,"Ulundurpettai APMC",Raddish,Raddish,Local,26/07/2026,4000,4000,4000
"Tamil Nadu",Villupuram,"Ulundurpettai APMC",Thondekai,Thondekai,Local,26/07/2026,5000,5000,5000
"Tamil Nadu",Villupuram,"Ulundurpettai APMC","Tender Coconut","Tender Coconut",Local,26/07/2026,3000,3000,3000
"Tamil Nadu",Villupuram,"Ulundurpettai APMC","Amla(Nelli Kai)",Amla,Local,26/07/2026,8000,8000,8000
"Tamil Nadu",Villupuram,"Ulundurpettai APMC",Mint(Pudina),Mint(Pudina),Local,26/07/2026,3000,3000,3000
Maharashtra,"Chattrapati Sambhajinagar","Chattrapati Sambhajinagar APMC",Mango,Other,Local,26/07/2026,5500,6500,6000
Maharashtra,"Chattrapati Sambhajinagar","Chattrapati Sambhajinagar APMC",Pomegranate,Other,Local,26/07/2026,1000,14000,7500
Maharashtra,"Chattrapati Sambhajinagar","Chattrapati Sambhajinagar APMC",Ginger(Green),Other,Local,26/07/2026,5500,14000,9750
Maharashtra,"Chattrapati Sambhajinagar","Chattrapati Sambhajinagar APMC",Tomato,Other,Local,26/07/2026,1100,2500,1800
Maharashtra,Pune,"Pune APMC",Grapes,Other,Local,26/07/2026,6000,15000,10500
Maharashtra,Pune,"Pune APMC","Water Melon",Other,Local,26/07/2026,1000,1500,1200
Maharashtra,Pune,"Pune APMC",Guava,Other,Local,26/07/2026,2000,7000,4500
Maharashtra,Pune,"Pune APMC",Mango(Raw-Ripe),Other,Local,26/07/2026,1000,5000,3000
Maharashtra,Pune,"Pune APMC","Little gourd(Kundru)",Other,Local,26/07/2026,1500,4000,2750
Maharashtra,Pune,"Pune(Moshi) APMC","Mousambi(Sweet Lime)",Other,Local,26/07/2026,4000,4000,4000
Maharashtra,Pune,"Pune(Moshi) APMC",Ginger(Green),Other,Local,26/07/2026,8000,10000,9000
Maharashtra,Pune,"Pune(Moshi) APMC",Cabbage,Other,Local,26/07/2026,1000,2000,1500
Maharashtra,Pune,"Pune(Moshi) APMC",Cauliflower,Other,Local,26/07/2026,1000,3000,2000
Maharashtra,Pune,"Pune(Moshi) APMC",Carrot,Other,Local,26/07/2026,2000,3000,2500
"Uttar Pradesh","Jalaun (Orai)","Orai APMC",Peas(Dry),Other,FAQ,26/07/2026,3450,3450,3450
"Uttar Pradesh",Azamgarh,"Azamgarh APMC",Wheat,Dara,FAQ,26/07/2026,2425,2425,2425
"Uttar Pradesh",Badaun,"Babrala APMC",Maize,Local,Local,26/07/2026,2080,2100,2090
"Uttar Pradesh",Farukhabad,"Farukhabad APMC",Maize,Other,FAQ,26/07/2026,2100,2190,2131.3
"Uttar Pradesh",Fatehpur,"Fatehpur APMC",Wheat,Other,FAQ,26/07/2026,2500,2500,2500
"Uttar Pradesh",Jhansi,"Jhansi APMC",Peas(Dry),Other,FAQ,26/07/2026,3900,3900,3900
"Uttar Pradesh",Jhansi,"Jhansi APMC",Mustard,Other,FAQ,26/07/2026,5265,5350,5294.18
"Uttar Pradesh",Kasganj,"Kasganj APMC",Wheat,"2189 No. 1",FAQ,26/07/2026,2560,2560,2560
"Uttar Pradesh",Kasganj,"Kasganj APMC",Wheat,2329,FAQ,26/07/2026,2550,2550,2550
"Uttar Pradesh",Kasganj,"Kasganj APMC",Wheat,"Super Fine",FAQ,26/07/2026,2540,2540,2540
"Uttar Pradesh",Kasganj,"Kasganj APMC",Onion,Other,FAQ,26/07/2026,1858,1858,1858
"Uttar Pradesh",Aligarh,"Khair APMC",Maize,Other,FAQ,26/07/2026,1700,1700,1700
"Uttar Pradesh",Hamirpur,"Maudaha APMC",Mustard,Other,FAQ,26/07/2026,7000,7000,7000
"Uttar Pradesh",Hamirpur,"Maudaha APMC","Masur Dal",Other,FAQ,26/07/2026,6100,6100,6100
Gujarat,Narmada,"Rajpipla APMC",Banana,Other,Medium,26/07/2026,1550,1800,1650
Gujarat,"Chhota Udaipur","Hadad     APMC",Cotton,"Shanker 6 (B) 30mm FIne",FAQ,26/07/2026,7900,8300,8100
Gujarat,"Chhota Udaipur","Modasar APMC",Cotton,"Shanker 6 (B) 30mm FIne",FAQ,26/07/2026,7900,8300,8100
Gujarat,Amreli,"Damnagar APMC","Bottle gourd","Bottle Gourd",Local,26/07/2026,3500,3500,3500
Gujarat,Rajkot,"Gondal(Veg.market Gondal) APMC",Apple,Apple,Local,26/07/2026,9000,25000,17000
Gujarat,Rajkot,"Gondal(Veg.market Gondal) APMC",Banana,"Banana - Ripe",Local,26/07/2026,1600,2550,2075
Gujarat,Rajkot,"Gondal(Veg.market Gondal) APMC",Pomegranate,Pomogranate,Local,26/07/2026,2000,8000,5000
Gujarat,Rajkot,"Gondal(Veg.market Gondal) APMC",Raddish,Raddish,Local,26/07/2026,1000,2000,1500
"Tamil Nadu",Madurai,"Chokkikulam(Uzhavar Sandhai )",Orange,Darjeeling,Local,26/07/2026,14000,16000,15000
"Tamil Nadu",Madurai,"Chokkikulam(Uzhavar Sandhai )",Banana,Besrai,Local,26/07/2026,4000,5000,4500
"Tamil Nadu",Madurai,"Chokkikulam(Uzhavar Sandhai )",Coriander(Leaves),"I Sort",Local,26/07/2026,6500,7000,6750
"Tamil Nadu",Madurai,"Chokkikulam(Uzhavar Sandhai )","Water Melon","Water Melon",Local,26/07/2026,2000,2500,2250
"Tamil Nadu",Madurai,"Chokkikulam(Uzhavar Sandhai )",Ashgourd,Gouard,Local,26/07/2026,2400,2600,2500
"Tamil Nadu",Madurai,"Chokkikulam(Uzhavar Sandhai )",Amaranthus,Amaranthus,Local,26/07/2026,3000,3600,3300
"Tamil Nadu",Madurai,"Chokkikulam(Uzhavar Sandhai )",Ginger(Green),"Green Ginger",Local,26/07/2026,15000,21000,18000
"Tamil Nadu",Madurai,"Chokkikulam(Uzhavar Sandhai )",Carrot,Pusakesar,Local,26/07/2026,8000,8500,8250
"Tamil Nadu",Madurai,"Chokkikulam(Uzhavar Sandhai )",Drumstick,Drumstick,Local,26/07/2026,4000,7000,5500
"Tamil Nadu",Madurai,"Chokkikulam(Uzhavar Sandhai )",Mango(Raw-Ripe),"Mango - Raw-Ripe",Local,26/07/2026,2000,3500,2750
"Tamil Nadu",Madurai,"Chokkikulam(Uzhavar Sandhai )","Indian Beans(Seam)","Indian Beans (Seam)",Local,26/07/2026,5500,5500,5500
"Tamil Nadu",Madurai,"Chokkikulam(Uzhavar Sandhai )","Onion Green","Onion Green",Local,26/07/2026,5500,6000,5750
"Andhra Pradesh","West Godavari","Attili APMC",Paddy(Common),Paddy,Local,26/07/2026,2369,2389,2369
Karnataka,Vijayanagara,"H.B. Halli APMC",Maize,Hybrid/Local,FAQ,26/07/2026,2100,2150,2150
"Uttar Pradesh",Sambhal,"Sambhal APMC",Maize,Other,FAQ,26/07/2026,1950,2375,2358.01
"Uttar Pradesh",Hardoi,"Shahabad(New Mandi) APMC",Groundnut,Other,FAQ,26/07/2026,4600,5000,4759.52
Telangana,Warangal,"Warangal APMC","Bitter gourd","Bitter Gourd",FAQ,26/07/2026,1500,2000,1750
Telangana,Warangal,"Warangal APMC",Brinjal,Brinjal,FAQ,26/07/2026,1000,1200,1100
Telangana,Warangal,"Warangal APMC",Colacasia,Colacasia,FAQ,26/07/2026,2500,3000,2750
Telangana,Warangal,"Warangal APMC","Green Chilli","Green Chilly",FAQ,26/07/2026,3000,3500,3250
"Andhra Pradesh","SPSR Nellore","Udayagiri APMC",Paddy(Common),Paddy,Local,26/07/2026,2464,2484,2474
"Uttar Pradesh",Bareilly,"Baheri APMC",Wood,Other,FAQ,26/07/2026,450,460,453.25
"Andhra Pradesh",Tirupathi,"Srikalahasti APMC",Paddy(Common),"Paddy Medium",Local,26/07/2026,3333.3325,3333.3325,3333.3325
"Uttar Pradesh",Ghaziabad,"Ghaziabad APMC",Makhana(Foxnut),Other,FAQ,26/07/2026,99060,99060,99060
"Uttar Pradesh",Ghaziabad,"Ghaziabad APMC",Wheat,Deshi,FAQ,26/07/2026,2600,2600,2600
"Uttar Pradesh",Ghaziabad,"Ghaziabad APMC",Groundnut,Other,FAQ,26/07/2026,15576,16109.1,15844.37
"Uttar Pradesh",Ghaziabad,"Ghaziabad APMC","Dal Mix",Other,FAQ,26/07/2026,9804.5,10973.1,10587.71
"Uttar Pradesh",Lalitpur,"Lalitpur APMC",Wheat,Medium,FAQ,26/07/2026,2350,2350,2350
"Uttar Pradesh",Shahjahanpur,"Shahjahanpur APMC",Paddy(Common),Other,FAQ,26/07/2026,1800,1950,1901.12
"Uttar Pradesh",Shahjahanpur,"Shahjahanpur APMC",Wheat,Other,FAQ,26/07/2026,2475,2580,2497.17
"Uttar Pradesh",Sitapur,"Sitapur APMC",Wheat,Medium,FAQ,26/07/2026,2500,2500,2500
"Uttar Pradesh",Sitapur,"Sitapur APMC",Wood,Other,FAQ,26/07/2026,490,900,829.7
Uttarakhand,Haridwar,"Roorkee APMC","Bitter gourd",Other,Local,26/07/2026,650,850,750
Uttarakhand,Haridwar,"Roorkee APMC",Tomato,Other,Medium,26/07/2026,1200,2200,1600
Uttarakhand,Haridwar,"Roorkee APMC",Potato,Other,Medium,26/07/2026,800,1200,1000
Uttarakhand,Haridwar,"Roorkee APMC",Cauliflower,Other,Local,26/07/2026,650,850,750
Uttarakhand,Haridwar,"Roorkee APMC",Cucumbar(Kheera),Other,Local,26/07/2026,500,700,600
Odisha,Sonepur,"Dungurapalli APMC","Bhindi(Ladies Finger)",Bhindi,Local,26/07/2026,3500,3850,3600
Odisha,Sonepur,"Dungurapalli APMC",Brinjal,Other,Local,26/07/2026,3000,3500,3450
"Tamil Nadu",Dharmapuri,"Dharmapuri(Uzhavar Sandhai )",Tomato,Local,Local,26/07/2026,1500,1600,1550
"Tamil Nadu",Dharmapuri,"Dharmapuri(Uzhavar Sandhai )","Cluster beans","Cluster Beans",Local,26/07/2026,3000,3200,3100
"Tamil Nadu",Dharmapuri,"Dharmapuri(Uzhavar Sandhai )",Amaranthus,Amaranthus,Local,26/07/2026,2800,3000,2900
"Tamil Nadu",Dharmapuri,"Dharmapuri(Uzhavar Sandhai )","Banana - Green","Banana - Green",Local,26/07/2026,2800,3000,2900
"Tamil Nadu",Dharmapuri,"Dharmapuri(Uzhavar Sandhai )",Snakeguard,Snakeguard,Local,26/07/2026,2400,2600,2500
"Tamil Nadu",Dharmapuri,"Dharmapuri(Uzhavar Sandhai )",Capsicum,Capsicum,Local,26/07/2026,8600,9000,8800
"Tamil Nadu",Dharmapuri,"Dharmapuri(Uzhavar Sandhai )","Onion Green","Onion Green",Local,26/07/2026,5200,5500,5350
"Tamil Nadu",Dharmapuri,"Dharmapuri(Uzhavar Sandhai )",Mint(Pudina),Mint(Pudina),Local,26/07/2026,7500,8000,7750
"Tamil Nadu",Dharmapuri,"Palacode(Uzhavar Sandhai )",Banana,Poovan,Local,26/07/2026,5000,5500,5250
"Tamil Nadu",Dharmapuri,"Palacode(Uzhavar Sandhai )",Papaya,Papaya,Local,26/07/2026,3000,3500,3250
"Tamil Nadu",Dharmapuri,"Palacode(Uzhavar Sandhai )",Pumpkin,Pumpkin,Local,26/07/2026,1800,2000,1900
"Tamil Nadu",Dharmapuri,"Palacode(Uzhavar Sandhai )","Banana - Green","Banana - Green",Local,26/07/2026,2000,2500,2250
"Tamil Nadu",Dharmapuri,"Palacode(Uzhavar Sandhai )",Carrot,Pusakesar,Local,26/07/2026,8500,9000,8750
"Tamil Nadu",Dharmapuri,"Palacode(Uzhavar Sandhai )",Ridgeguard(Tori),Ridgeguard(Tori),Local,26/07/2026,3800,4200,4000
"Tamil Nadu",Dharmapuri,"Palacode(Uzhavar Sandhai )","Chow Chow","Chow Chow",Local,26/07/2026,3800,4000,3900
"Tamil Nadu",Dharmapuri,"Palacode(Uzhavar Sandhai )","Onion Green","Onion Green",Local,26/07/2026,5200,5500,5350
"Tamil Nadu",Dharmapuri,"Palacode(Uzhavar Sandhai )",Mint(Pudina),Mint(Pudina),Local,26/07/2026,6000,6500,6250
"Tamil Nadu",Dharmapuri,"Pennagaram(Uzhavar Sandhai )",Banana,Besrai,Local,26/07/2026,4600,5000,4800
"Tamil Nadu",Dharmapuri,"Pennagaram(Uzhavar Sandhai )",Tomato,Local,Local,26/07/2026,1500,1600,1550
"Tamil Nadu",Dharmapuri,"Pennagaram(Uzhavar Sandhai )","Bitter gourd","Bitter Gourd",Local,26/07/2026,5500,5800,5650
"Tamil Nadu",Dharmapuri,"Pennagaram(Uzhavar Sandhai )",Cowpea(Veg),"Cowpea (Veg)",Local,26/07/2026,5500,6000,5750
"Tamil Nadu",Dharmapuri,"Pennagaram(Uzhavar Sandhai )",Tapioca,Tapioca,Local,26/07/2026,2800,3000,2900
"Tamil Nadu",Dharmapuri,"Pennagaram(Uzhavar Sandhai )","Sweet Potato","Hosur Red",Local,26/07/2026,2800,3000,2900
"Tamil Nadu",Dharmapuri,"Pennagaram(Uzhavar Sandhai )",Cucumbar(Kheera),Cucumbar,Local,26/07/2026,3300,3500,3400
"Tamil Nadu",Dharmapuri,"Pennagaram(Uzhavar Sandhai )","Chow Chow","Chow Chow",Local,26/07/2026,3700,4000,3850
"Tamil Nadu",Dharmapuri,"Pennagaram(Uzhavar Sandhai )",Mango(Raw-Ripe),"Mango - Raw-Ripe",Local,26/07/2026,1800,2000,1900
"Tamil Nadu",Dharmapuri,"Pennagaram(Uzhavar Sandhai )",Guava,"Guava Allahabad",Local,26/07/2026,5500,6000,5750
"Tamil Nadu",Dharmapuri,"Pennagaram(Uzhavar Sandhai )",Mint(Pudina),Mint(Pudina),Local,26/07/2026,4600,5000,4800
"Tamil Nadu",Dindigul,"Chinnalapatti(Uzhavar Sandhai )",Banana,Besrai,Local,26/07/2026,5000,6000,5500
"Tamil Nadu",Dindigul,"Chinnalapatti(Uzhavar Sandhai )",Cauliflower,Ranchi,Local,26/07/2026,4000,5000,4500
"Tamil Nadu",Dindigul,"Chinnalapatti(Uzhavar Sandhai )",Papaya,Papaya,Local,26/07/2026,3500,4000,3750
"Tamil Nadu",Dindigul,"Chinnalapatti(Uzhavar Sandhai )",Amaranthus,Amaranthus,Local,26/07/2026,2500,3000,2750
"Tamil Nadu",Dindigul,"Chinnalapatti(Uzhavar Sandhai )",Raddish,Raddish,Local,26/07/2026,3600,4000,3800
"Tamil Nadu",Dindigul,"Dindigul(Uzhavar Sandhai )",Onion,Bellary,Local,26/07/2026,3000,4000,3500
"Tamil Nadu",Dindigul,"Dindigul(Uzhavar Sandhai )",Banana,Besrai,Local,26/07/2026,5000,6000,5500
"Tamil Nadu",Dindigul,"Dindigul(Uzhavar Sandhai )",Pumpkin,Pumpkin,Local,26/07/2026,2000,2500,2250
"Tamil Nadu",Dindigul,"Dindigul(Uzhavar Sandhai )",Beans,"Beans (Whole)",Local,26/07/2026,7000,8000,7500
"Tamil Nadu",Dindigul,"Dindigul(Uzhavar Sandhai )",Ginger(Green),"Green Ginger",Local,26/07/2026,15000,18000,16500
"Tamil Nadu",Dindigul,"Dindigul(Uzhavar Sandhai )",Coconut,Coconut,Local,26/07/2026,5000,6000,5500
"Tamil Nadu",Dindigul,"Dindigul(Uzhavar Sandhai )",Guava,"Guava Allahabad",Local,26/07/2026,6000,6000,6000
"Tamil Nadu",Dindigul,"Dindigul(Uzhavar Sandhai )","Indian Beans(Seam)","Indian Beans (Seam)",Local,26/07/2026,5000,6000,5500
"Tamil Nadu",Dindigul,"Dindigul(Uzhavar Sandhai )",Lemon,Lemon,Local,26/07/2026,4000,5000,4500
"Tamil Nadu",Dindigul,"Dindigul(Uzhavar Sandhai )","Amla(Nelli Kai)",Amla,Local,26/07/2026,5000,6000,5500
"Tamil Nadu",Erode,"Periyar Nagar(Uzhavar Sandhai )",Groundnut,"Big (With Shell)",Local,26/07/2026,5500,6000,5750
"Tamil Nadu",Erode,"Periyar Nagar(Uzhavar Sandhai )",Chikoos(Sapota),Sapota,Local,26/07/2026,3000,3500,3250
"Tamil Nadu",Erode,"Periyar Nagar(Uzhavar Sandhai )","Bottle gourd","Bottle Gourd",Local,26/07/2026,1800,2000,1900
"Tamil Nadu",Erode,"Periyar Nagar(Uzhavar Sandhai )",Amaranthus,Amaranthus,Local,26/07/2026,3000,3500,3250
"Tamil Nadu",Erode,"Periyar Nagar(Uzhavar Sandhai )",Coconut,Coconut,Local,26/07/2026,4800,5000,4900
"Tamil Nadu",Erode,"Periyar Nagar(Uzhavar Sandhai )",Snakeguard,Snakeguard,Local,26/07/2026,3600,4000,3800
"Tamil Nadu",Erode,"Periyar Nagar(Uzhavar Sandhai )","Green Avare(W)",Other,Local,26/07/2026,6000,6400,6200
"Tamil Nadu",Erode,"Perundurai(Uzhavar Sandhai )",Cauliflower,Ranchi,Local,26/07/2026,2600,3000,2800
"Tamil Nadu",Erode,"Perundurai(Uzhavar Sandhai )",Banana,Besrai,Local,26/07/2026,2500,2800,2650
"Tamil Nadu",Erode,"Perundurai(Uzhavar Sandhai )","Bottle gourd","Bottle Gourd",Local,26/07/2026,1800,2000,1900
"Tamil Nadu",Erode,"Perundurai(Uzhavar Sandhai )","Bhindi(Ladies Finger)",Bhindi,Local,26/07/2026,3000,3400,3200
"Tamil Nadu",Erode,"Perundurai(Uzhavar Sandhai )",Amaranthus,Amaranthus,Local,26/07/2026,4000,4500,4250
"Tamil Nadu",Erode,"Perundurai(Uzhavar Sandhai )",Beans,"Beans (Whole)",Local,26/07/2026,6500,7000,6750
"Tamil Nadu",Erode,"Perundurai(Uzhavar Sandhai )",Mango(Raw-Ripe),"Mango - Raw-Ripe",Local,26/07/2026,2500,2800,2650
"Tamil Nadu",Erode,"Thalavadi(Uzhavar Sandhai )","Bitter gourd",Other,Local,26/07/2026,5500,6000,5750
"Tamil Nadu",Erode,"Thalavadi(Uzhavar Sandhai )","Bottle gourd","Bottle Gourd",Local,26/07/2026,1600,2000,1800
"Tamil Nadu",Erode,"Thalavadi(Uzhavar Sandhai )",Ashgourd,Gouard,Local,26/07/2026,1200,1600,1400
"Tamil Nadu",Erode,"Thalavadi(Uzhavar Sandhai )","Bhindi(Ladies Finger)",Bhindi,Local,26/07/2026,3000,3400,3200
"Tamil Nadu",Erode,"Thalavadi(Uzhavar Sandhai )",Tapioca,Tapioca,Local,26/07/2026,2500,3000,2750
"Tamil Nadu",Erode,"Thalavadi(Uzhavar Sandhai )",Cabbage,Cabbage,Local,26/07/2026,2500,3200,2850
"Tamil Nadu",Erode,"Thalavadi(Uzhavar Sandhai )",Snakeguard,Snakeguard,Local,26/07/2026,3000,3500,3250
"Tamil Nadu",Erode,"Thalavadi(Uzhavar Sandhai )",Ridgeguard(Tori),Ridgeguard(Tori),Local,26/07/2026,3500,4000,3750
"Tamil Nadu",Kallakuruchi,"Sankarapuram(Uzhavar Sandhai )",Onion,Bellary,Local,26/07/2026,4000,4000,4000
"Tamil Nadu",Kallakuruchi,"Sankarapuram(Uzhavar Sandhai )","Water Melon","Water Melon",Local,26/07/2026,2500,2500,2500
"Tamil Nadu",Kallakuruchi,"Sankarapuram(Uzhavar Sandhai )",Beans,"Beans (Whole)",Local,26/07/2026,9000,9000,9000
"Tamil Nadu",Kallakuruchi,"Sankarapuram(Uzhavar Sandhai )",Beetroot,Beetroot,Local,26/07/2026,6000,6000,6000
"Tamil Nadu",Krishnagiri,"Avallapalli(Uzhavar Sandhai )","Bottle gourd","Bottle Gourd",Local,26/07/2026,2500,3000,2750
"Tamil Nadu",Krishnagiri,"Avallapalli(Uzhavar Sandhai )",Coconut,Coconut,Local,26/07/2026,5000,5500,5250
"Tamil Nadu",Krishnagiri,"Avallapalli(Uzhavar Sandhai )",Raddish,Raddish,Local,26/07/2026,2500,3000,2750
"Tamil Nadu",Dharmapuri,"Karimangalam(Uzhavar Sandhai)",Banana,Karpura,Local,26/07/2026,5500,6000,5750
"Tamil Nadu",Dharmapuri,"Karimangalam(Uzhavar Sandhai)",Brinjal,Other,Local,26/07/2026,3800,4000,3900
"Tamil Nadu",Dharmapuri,"Karimangalam(Uzhavar Sandhai)",Papaya,Papaya,Local,26/07/2026,2800,3000,2900
"Tamil Nadu",Dharmapuri,"Karimangalam(Uzhavar Sandhai)","Bitter gourd",Other,Local,26/07/2026,4500,5000,4750
"Tamil Nadu",Dharmapuri,"Karimangalam(Uzhavar Sandhai)","Bottle gourd","Bottle Gourd",Local,26/07/2026,1800,2000,1900
"Tamil Nadu",Dharmapuri,"Karimangalam(Uzhavar Sandhai)","Banana - Green","Banana - Green",Local,26/07/2026,2800,3000,2900
"Tamil Nadu",Dharmapuri,"Karimangalam(Uzhavar Sandhai)",Tapioca,Tapioca,Local,26/07/2026,2800,3000,2900
"Tamil Nadu",Dharmapuri,"Karimangalam(Uzhavar Sandhai)",Carrot,Pusakesar,Local,26/07/2026,7000,8000,7500
"Tamil Nadu",Dharmapuri,"Karimangalam(Uzhavar Sandhai)",Beetroot,Beetroot,Local,26/07/2026,4800,5200,5000
"Tamil Nadu",Dharmapuri,"Karimangalam(Uzhavar Sandhai)",Cucumbar(Kheera),Cucumbar,Local,26/07/2026,4000,4500,4250
"Tamil Nadu",Dharmapuri,"Karimangalam(Uzhavar Sandhai)",Ridgeguard(Tori),Ridgeguard(Tori),Local,26/07/2026,3800,4000,3900
"Tamil Nadu",Dharmapuri,"Karimangalam(Uzhavar Sandhai)","Chow Chow","Chow Chow",Local,26/07/2026,4000,4500,4250
"Tamil Nadu",Dharmapuri,"Karimangalam(Uzhavar Sandhai)","Onion Green","Onion Green",Local,26/07/2026,5000,5500,5250
"Tamil Nadu",Dharmapuri,"Karimangalam(Uzhavar Sandhai)",Mint(Pudina),Mint(Pudina),Local,26/07/2026,6500,7000,6750
"Tamil Nadu",Krishnagiri,"Denkanikottai(Uzhavar Sandhai )",Papaya,Papaya,Local,26/07/2026,3000,3500,3250
"Tamil Nadu",Krishnagiri,"Denkanikottai(Uzhavar Sandhai )",Ashgourd,Gouard,Local,26/07/2026,2000,2500,2250
"Tamil Nadu",Krishnagiri,"Denkanikottai(Uzhavar Sandhai )",Cowpea(Veg),"Cowpea (Veg)",Local,26/07/2026,3000,3500,3250
"Tamil Nadu",Krishnagiri,"Denkanikottai(Uzhavar Sandhai )",Coconut,Coconut,Local,26/07/2026,5000,5500,5250
"Tamil Nadu",Krishnagiri,"Denkanikottai(Uzhavar Sandhai )",Carrot,Pusakesar,Local,26/07/2026,6000,7000,6500
"Tamil Nadu",Krishnagiri,"Denkanikottai(Uzhavar Sandhai )",Capsicum,Capsicum,Local,26/07/2026,4500,5000,4750
"Tamil Nadu",Krishnagiri,"Denkanikottai(Uzhavar Sandhai )","Onion Green","Onion Green",Local,26/07/2026,7000,8000,7500
"Tamil Nadu",Krishnagiri,"Hosur(Uzhavar Sandhai )",Grapes,Annabesahai,Local,26/07/2026,10000,12000,11000
"Tamil Nadu",Krishnagiri,"Hosur(Uzhavar Sandhai )",Garlic,Garlic,Local,26/07/2026,22000,24000,23000
"Tamil Nadu",Krishnagiri,"Hosur(Uzhavar Sandhai )",Orange,Darjeeling,Local,26/07/2026,14000,16000,15000
"Tamil Nadu",Krishnagiri,"Hosur(Uzhavar Sandhai )",Pumpkin,Pumpkin,Local,26/07/2026,2000,2500,2250
"Tamil Nadu",Krishnagiri,"Hosur(Uzhavar Sandhai )",Amaranthus,Amaranthus,Local,26/07/2026,5000,6000,5500
"Tamil Nadu",Krishnagiri,"Hosur(Uzhavar Sandhai )","Green Chilli","Green Chilly",Local,26/07/2026,5000,6000,5500
"Tamil Nadu",Krishnagiri,"Hosur(Uzhavar Sandhai )","Sweet Potato","Hosur Red",Local,26/07/2026,4000,5000,4500
"Tamil Nadu",Krishnagiri,"Hosur(Uzhavar Sandhai )",Carrot,Pusakesar,Local,26/07/2026,6000,7000,6500
"Tamil Nadu",Krishnagiri,"Hosur(Uzhavar Sandhai )",Pomegranate,Pomogranate,Local,26/07/2026,16000,18000,17000
"Tamil Nadu",Krishnagiri,"Hosur(Uzhavar Sandhai )","Amla(Nelli Kai)",Amla,Local,26/07/2026,8000,10000,9000
"Tamil Nadu",Krishnagiri,"Hosur(Uzhavar Sandhai )","Tube Rose(Loose)","Tube Rose (Loose)",Local,26/07/2026,10000,12000,11000
"Tamil Nadu",Krishnagiri,"Krishnagiri(Uzhavar Sandhai )",Brinjal,Round,Local,26/07/2026,2400,2800,2600
"Tamil Nadu",Krishnagiri,"Krishnagiri(Uzhavar Sandhai )","Water Melon","Water Melon",Local,26/07/2026,1500,2000,1750
"Tamil Nadu",Krishnagiri,"Krishnagiri(Uzhavar Sandhai )",Tomato,Deshi,Local,26/07/2026,1000,1400,1200
"Tamil Nadu",Krishnagiri,"Krishnagiri(Uzhavar Sandhai )","Bottle gourd","Bottle Gourd",Local,26/07/2026,1500,2000,1750
"Tamil Nadu",Krishnagiri,"Krishnagiri(Uzhavar Sandhai )",Tapioca,Tapioca,Local,26/07/2026,2400,2800,2600
"Tamil Nadu",Krishnagiri,"Krishnagiri(Uzhavar Sandhai )",Carrot,Pusakesar,Local,26/07/2026,9000,9500,9250
"Tamil Nadu",Krishnagiri,"Krishnagiri(Uzhavar Sandhai )",Snakeguard,Snakeguard,Local,26/07/2026,3000,3400,3200
"Tamil Nadu",Krishnagiri,"Krishnagiri(Uzhavar Sandhai )",Mint(Pudina),Mint(Pudina),Local,26/07/2026,2500,3000,2750
"Tamil Nadu",Madurai,"Anaiyur(Uzhavar Sandhai )",Garlic,Garlic,Local,26/07/2026,13000,27000,20000
"Tamil Nadu",Madurai,"Anaiyur(Uzhavar Sandhai )",Banana,Besrai,Local,26/07/2026,4000,5000,4500
"Tamil Nadu",Madurai,"Anaiyur(Uzhavar Sandhai )",Papaya,Papaya,Local,26/07/2026,3600,4000,3800
"Tamil Nadu",Madurai,"Anaiyur(Uzhavar Sandhai )",Pumpkin,Pumpkin,Local,26/07/2026,2000,2400,2200
"Tamil Nadu",Madurai,"Anaiyur(Uzhavar Sandhai )",Amaranthus,Amaranthus,Local,26/07/2026,3000,3600,3300
"Tamil Nadu",Madurai,"Anaiyur(Uzhavar Sandhai )","Green Chilli","Green Chilly",Local,26/07/2026,5000,5600,5300
"Tamil Nadu",Madurai,"Anaiyur(Uzhavar Sandhai )",Beans,"Beans (Whole)",Local,26/07/2026,8000,9000,8500
"Tamil Nadu",Madurai,"Anaiyur(Uzhavar Sandhai )","Green Avare(W)","Green Avare (W)",Local,26/07/2026,7000,9500,8250
"Tamil Nadu",Madurai,"Anaiyur(Uzhavar Sandhai )","Elephant Yam(Suran)/Amorphophallus","Elephant Yam (Suran)",Local,26/07/2026,4500,5500,5000
"Tamil Nadu",Madurai,"Anaiyur(Uzhavar Sandhai )",Yam(Ratalu),"Yam (Ratalu)",Local,26/07/2026,7000,8000,7500
"Tamil Nadu",Madurai,"Anaiyur(Uzhavar Sandhai )",Lemon,Lemon,Local,26/07/2026,5000,6000,5500
"Tamil Nadu",Madurai,"Usilampatti(Uzhavar Sandhai )","Bitter gourd","Bitter Gourd",Local,26/07/2026,5500,6000,5750
"Tamil Nadu",Madurai,"Usilampatti(Uzhavar Sandhai )","Banana - Green","Banana - Green",Local,26/07/2026,2500,3000,2750
"Tamil Nadu",Madurai,"Usilampatti(Uzhavar Sandhai )","Green Avare(W)","Green Avare (W)",Local,26/07/2026,6000,7000,6500
"Tamil Nadu",Madurai,"Usilampatti(Uzhavar Sandhai )",Lemon,Lemon,Local,26/07/2026,5000,6000,5500
"Tamil Nadu",Madurai,"Usilampatti(Uzhavar Sandhai )",Mint(Pudina),Mint(Pudina),Local,26/07/2026,5500,6000,5750
"Tamil Nadu",Nagapattinam,"Nagapattinam(Uzhavar Sandhai )",Groundnut,"Big (With Shell)",Local,26/07/2026,4700,5500,5100
"Tamil Nadu",Nagapattinam,"Nagapattinam(Uzhavar Sandhai )",Ashgourd,Gouard,Local,26/07/2026,3100,3500,3300
"Tamil Nadu",Nagapattinam,"Nagapattinam(Uzhavar Sandhai )","Bhindi(Ladies Finger)",Bhindi,Local,26/07/2026,4900,5500,5200
"Tamil Nadu",Nagapattinam,"Nagapattinam(Uzhavar Sandhai )","Banana - Green","Banana - Green",Local,26/07/2026,2500,3300,2900
"Tamil Nadu",Nagapattinam,"Nagapattinam(Uzhavar Sandhai )",Beetroot,Beetroot,Local,26/07/2026,3400,3400,3400
"Tamil Nadu",Nagapattinam,"Nagapattinam(Uzhavar Sandhai )",Drumstick,Drumstick,Local,26/07/2026,4500,4500,4500
"Tamil Nadu",Nagapattinam,"Nagapattinam(Uzhavar Sandhai )","Tamarind Fruit","Tamarind Fruit",Local,26/07/2026,12700,14000,13350
"Tamil Nadu",Nagapattinam,"Nagapattinam(Uzhavar Sandhai )",Mint(Pudina),Mint(Pudina),Local,26/07/2026,3500,4000,3750
"Tamil Nadu",Nagapattinam,"Sirkali(Uzhavar Sandhai )",Groundnut,"Big (With Shell)",Local,26/07/2026,5500,6000,5750
"Tamil Nadu",Nagapattinam,"Sirkali(Uzhavar Sandhai )",Coriander(Leaves),"I Sort",Local,26/07/2026,3500,4000,3750
"Tamil Nadu",Nagapattinam,"Sirkali(Uzhavar Sandhai )",Ashgourd,Gouard,Local,26/07/2026,2500,3000,2750
"Tamil Nadu",Nagapattinam,"Sirkali(Uzhavar Sandhai )",Pumpkin,Pumpkin,Local,26/07/2026,2500,3000,2750
"Tamil Nadu",Nagapattinam,"Sirkali(Uzhavar Sandhai )","Bhindi(Ladies Finger)",Bhindi,Local,26/07/2026,4500,5000,4750
"Tamil Nadu",Nagapattinam,"Sirkali(Uzhavar Sandhai )","Green Chilli","Green Chilly",Local,26/07/2026,5500,6000,5750
"Tamil Nadu",Nagapattinam,"Sirkali(Uzhavar Sandhai )","Banana - Green","Banana - Green",Local,26/07/2026,2500,3000,2750
"Tamil Nadu",Nagapattinam,"Sirkali(Uzhavar Sandhai )",Cabbage,Cabbage,Local,26/07/2026,2500,3000,2750
"Tamil Nadu",Nagapattinam,"Sirkali(Uzhavar Sandhai )",Guava,"Guava Allahabad",Local,26/07/2026,4500,5000,4750
"Tamil Nadu",Nagapattinam,"Sirkali(Uzhavar Sandhai )","Tender Coconut","Tender Coconut",Local,26/07/2026,2000,2500,2250
"Tamil Nadu",Nagapattinam,"Sirkali(Uzhavar Sandhai )",Yam(Ratalu),"Yam (Ratalu)",Local,26/07/2026,5500,6000,5750
"Tamil Nadu",Nagapattinam,"Sirkali(Uzhavar Sandhai )",Lemon,Lemon,Local,26/07/2026,6500,7000,6750
"Tamil Nadu",Namakkal,"Kumarapalayam(Uzhavar Sandhai )",Cauliflower,Ranchi,Local,26/07/2026,3000,4000,3500
"Tamil Nadu",Namakkal,"Kumarapalayam(Uzhavar Sandhai )",Brinjal,Round,Local,26/07/2026,6500,7500,7000
"Tamil Nadu",Namakkal,"Kumarapalayam(Uzhavar Sandhai )","Water Melon","Water Melon",Local,26/07/2026,1500,2000,1750
"Tamil Nadu",Namakkal,"Kumarapalayam(Uzhavar Sandhai )","Bhindi(Ladies Finger)",Bhindi,Local,26/07/2026,3500,4000,3750
"Tamil Nadu",Namakkal,"Kumarapalayam(Uzhavar Sandhai )",Ginger(Green),"Green Ginger",Local,26/07/2026,18000,20000,19000
"Tamil Nadu",Namakkal,"Kumarapalayam(Uzhavar Sandhai )",Snakeguard,Snakeguard,Local,26/07/2026,4500,5000,4750
"Tamil Nadu",Namakkal,"Kumarapalayam(Uzhavar Sandhai )",Lime,Lime,Local,26/07/2026,3500,3800,3650
"Tamil Nadu",Namakkal,"Kumarapalayam(Uzhavar Sandhai )",Guava,"Guava Allahabad",Local,26/07/2026,6000,7000,6500
"Tamil Nadu",Namakkal,"Kumarapalayam(Uzhavar Sandhai )",Lemon,Lemon,Local,26/07/2026,5000,5500,5250
"Tamil Nadu",Namakkal,"Kumarapalayam(Uzhavar Sandhai )","Onion Green","Onion Green",Local,26/07/2026,5500,6000,5750
"Tamil Nadu",Namakkal,"Kumarapalayam(Uzhavar Sandhai )",Mint(Pudina),Mint(Pudina),Local,26/07/2026,5000,5500,5250
"Tamil Nadu",Namakkal,"Mohanur(Uzhavar Sandhai )",Cauliflower,Ranchi,Local,26/07/2026,3400,4000,3700
"Tamil Nadu",Namakkal,"Mohanur(Uzhavar Sandhai )",Brinjal,Other,Local,26/07/2026,7000,7600,7300
"Tamil Nadu",Namakkal,"Mohanur(Uzhavar Sandhai )","Cluster beans","Cluster Beans",Local,26/07/2026,3400,4000,3700
"Tamil Nadu",Namakkal,"Mohanur(Uzhavar Sandhai )",Ashgourd,Gouard,Local,26/07/2026,3400,4000,3700
"Tamil Nadu",Namakkal,"Mohanur(Uzhavar Sandhai )","Bhindi(Ladies Finger)",Bhindi,Local,26/07/2026,4400,4800,4600
"Tamil Nadu",Namakkal,"Mohanur(Uzhavar Sandhai )",Cabbage,Cabbage,Local,26/07/2026,3600,4500,4050
"Tamil Nadu",Namakkal,"Mohanur(Uzhavar Sandhai )",Ridgeguard(Tori),Ridgeguard(Tori),Local,26/07/2026,4800,6000,5400
"Tamil Nadu",Namakkal,"Mohanur(Uzhavar Sandhai )","Green Avare(W)",Other,Local,26/07/2026,8600,10000,9300
"Tamil Nadu",Namakkal,"Mohanur(Uzhavar Sandhai )",Lemon,Lemon,Local,26/07/2026,5200,5600,5400
"Tamil Nadu",Namakkal,"Namakkal(Uzhavar Sandhai )",Pineapple,"Pine Apple",Local,26/07/2026,2500,3500,3000
"Tamil Nadu",Namakkal,"Namakkal(Uzhavar Sandhai )",Onion,Bellary,Local,26/07/2026,3500,4000,3750
"Tamil Nadu",Namakkal,"Namakkal(Uzhavar Sandhai )",Potato,Other,Local,26/07/2026,2500,2800,2650
"Tamil Nadu",Namakkal,"Namakkal(Uzhavar Sandhai )",Coriander(Leaves),"I Sort",Local,26/07/2026,8000,9000,8500
"Tamil Nadu",Namakkal,"Namakkal(Uzhavar Sandhai )","Green Peas","Green Peas",Local,26/07/2026,18000,19500,18750
"Tamil Nadu",Namakkal,"Namakkal(Uzhavar Sandhai )",Papaya,Papaya,Local,26/07/2026,2500,3000,2750
"Tamil Nadu",Namakkal,"Namakkal(Uzhavar Sandhai )",Ashgourd,Gouard,Local,26/07/2026,2400,2800,2600
"Tamil Nadu",Namakkal,"Namakkal(Uzhavar Sandhai )","Betal Leaves",Mysore,Local,26/07/2026,11000,13000,12000
"Tamil Nadu",Namakkal,"Namakkal(Uzhavar Sandhai )",Carrot,Pusakesar,Local,26/07/2026,9000,9500,9250
"Tamil Nadu",Namakkal,"Namakkal(Uzhavar Sandhai )",Beetroot,Beetroot,Local,26/07/2026,8000,10000,9000
"Tamil Nadu",Namakkal,"Namakkal(Uzhavar Sandhai )",Capsicum,Capsicum,Local,26/07/2026,5000,6000,5500
"Tamil Nadu",Namakkal,"Namakkal(Uzhavar Sandhai )","Green Avare(W)",Other,Local,26/07/2026,9000,9500,9250
"Tamil Nadu",Namakkal,"Namakkal(Uzhavar Sandhai )","Tender Coconut","Tender Coconut",Local,26/07/2026,1500,4000,2750
"Tamil Nadu",Namakkal,"Namakkal(Uzhavar Sandhai )","Sweet Corn ","Sweet Corn ",Local,26/07/2026,4500,5000,4750
"Tamil Nadu",Namakkal,"Paramathivelur(Uzhavar Sandhai )",Potato,"Red Nanital",Local,26/07/2026,3500,4000,3750
"Tamil Nadu",Namakkal,"Paramathivelur(Uzhavar Sandhai )",Ashgourd,Gouard,Local,26/07/2026,2000,2500,2250
"Tamil Nadu",Namakkal,"Paramathivelur(Uzhavar Sandhai )",Pumpkin,Pumpkin,Local,26/07/2026,2200,2500,2350
"Tamil Nadu",Namakkal,"Paramathivelur(Uzhavar Sandhai )",Amaranthus,Amaranthus,Local,26/07/2026,3500,4000,3750
"Tamil Nadu",Namakkal,"Paramathivelur(Uzhavar Sandhai )",Tapioca,Tapioca,Local,26/07/2026,3000,3500,3250
"Tamil Nadu",Namakkal,"Paramathivelur(Uzhavar Sandhai )",Carrot,Pusakesar,Local,26/07/2026,6000,8000,7000
"Tamil Nadu",Namakkal,"Paramathivelur(Uzhavar Sandhai )","Tender Coconut","Tender Coconut",Local,26/07/2026,3000,3500,3250
"Tamil Nadu",Namakkal,"Paramathivelur(Uzhavar Sandhai )",Lemon,Lemon,Local,26/07/2026,5500,6000,5750
"Tamil Nadu",Namakkal,"Paramathivelur(Uzhavar Sandhai )","Amla(Nelli Kai)",Amla,Local,26/07/2026,6000,8000,7000
"Tamil Nadu",Namakkal,"Paramathivelur(Uzhavar Sandhai )","Sweet Corn ","Sweet Corn ",Local,26/07/2026,3000,3500,3250
"Tamil Nadu",Namakkal,"Rasipuram(Uzhavar Sandhai )",Groundnut,"Big (With Shell)",Local,26/07/2026,6500,7000,6750
"Tamil Nadu",Namakkal,"Rasipuram(Uzhavar Sandhai )",Cauliflower,Ranchi,Local,26/07/2026,3000,4000,3500
"Tamil Nadu",Namakkal,"Rasipuram(Uzhavar Sandhai )",Pineapple,"Pine Apple",Local,26/07/2026,4500,5500,5000
"Tamil Nadu",Namakkal,"Rasipuram(Uzhavar Sandhai )","Bitter gourd",Other,Local,26/07/2026,6400,7000,6700
"Tamil Nadu",Namakkal,"Rasipuram(Uzhavar Sandhai )",Amaranthus,Amaranthus,Local,26/07/2026,3500,4000,3750
"Tamil Nadu",Namakkal,"Rasipuram(Uzhavar Sandhai )","Banana - Green","Banana - Green",Local,26/07/2026,3500,4000,3750
"Tamil Nadu",Namakkal,"Rasipuram(Uzhavar Sandhai )",Ridgeguard(Tori),Ridgeguard(Tori),Local,26/07/2026,5000,5500,5250
"Tamil Nadu",Namakkal,"Rasipuram(Uzhavar Sandhai )","Green Avare(W)",Other,Local,26/07/2026,7000,9000,8000
"Tamil Nadu",Namakkal,"Rasipuram(Uzhavar Sandhai )","Chow Chow","Chow Chow",Local,26/07/2026,2000,2500,2250
"Tamil Nadu",Namakkal,"Rasipuram(Uzhavar Sandhai )","Tender Coconut","Tender Coconut",Local,26/07/2026,3500,4000,3750
"Tamil Nadu",Namakkal,"Rasipuram(Uzhavar Sandhai )",Mint(Pudina),Mint(Pudina),Local,26/07/2026,5500,6000,5750
"Tamil Nadu",Madurai,"Palanganatham(Uzhavar Sandhai )",Grapes,Annabesahai,Local,26/07/2026,9000,11000,10000
"Tamil Nadu",Madurai,"Palanganatham(Uzhavar Sandhai )",Apple,American,Local,26/07/2026,20000,27000,23500
"Tamil Nadu",Madurai,"Palanganatham(Uzhavar Sandhai )",Orange,Darjeeling,Local,26/07/2026,12000,16000,14000
"Tamil Nadu",Madurai,"Palanganatham(Uzhavar Sandhai )",Banana,Other,Local,26/07/2026,3000,4000,3500
"Tamil Nadu",Madurai,"Palanganatham(Uzhavar Sandhai )","Green Peas","Green Peas",Local,26/07/2026,18000,20000,19000
"Tamil Nadu",Madurai,"Palanganatham(Uzhavar Sandhai )","Cluster beans","Cluster Beans",Local,26/07/2026,3000,3600,3300
"Tamil Nadu",Madurai,"Palanganatham(Uzhavar Sandhai )","Banana - Green","Banana - Green",Local,26/07/2026,1500,2000,1750
"Tamil Nadu",Madurai,"Palanganatham(Uzhavar Sandhai )",Ginger(Green),"Green Ginger",Local,26/07/2026,15000,21000,18000
"Tamil Nadu",Madurai,"Palanganatham(Uzhavar Sandhai )",Coconut,Coconut,Local,26/07/2026,5600,6000,5800
"Tamil Nadu",Madurai,"Palanganatham(Uzhavar Sandhai )","Chow Chow","Chow Chow",Local,26/07/2026,2400,3000,2700
"Tamil Nadu",Madurai,"Palanganatham(Uzhavar Sandhai )",Drumstick,Drumstick,Local,26/07/2026,6000,7000,6500
"Tamil Nadu",Madurai,"Palanganatham(Uzhavar Sandhai )",Yam(Ratalu),"Yam (Ratalu)",Local,26/07/2026,7000,8000,7500
"Tamil Nadu",Madurai,"Anna nagar(Uzhavar Sandhai )",Pineapple,"Pine Apple",Local,26/07/2026,8000,8000,8000
"Tamil Nadu",Madurai,"Anna nagar(Uzhavar Sandhai )",Mango,Safeda,Local,26/07/2026,6000,7000,6500
"Tamil Nadu",Madurai,"Anna nagar(Uzhavar Sandhai )",Brinjal,Round,Local,26/07/2026,4500,5500,5000
"Tamil Nadu",Madurai,"Anna nagar(Uzhavar Sandhai )",Tomato,Deshi,Local,26/07/2026,2000,2400,2200
"Tamil Nadu",Madurai,"Anna nagar(Uzhavar Sandhai )",Chikoos(Sapota),Sapota,Local,26/07/2026,5000,6000,5500
"Tamil Nadu",Madurai,"Anna nagar(Uzhavar Sandhai )","Cluster beans","Cluster Beans",Local,26/07/2026,4600,4600,4600
"Tamil Nadu",Madurai,"Anna nagar(Uzhavar Sandhai )","Bottle gourd","Bottle Gourd",Local,26/07/2026,2600,3000,2800
"Tamil Nadu",Madurai,"Anna nagar(Uzhavar Sandhai )",Pumpkin,Pumpkin,Local,26/07/2026,2000,2000,2000
"Tamil Nadu",Madurai,"Anna nagar(Uzhavar Sandhai )",Amaranthus,Amaranthus,Local,26/07/2026,1500,2000,1750
"Tamil Nadu",Madurai,"Anna nagar(Uzhavar Sandhai )",Cowpea(Veg),"Cowpea (Veg)",Local,26/07/2026,4000,4600,4300
"Tamil Nadu",Madurai,"Anna nagar(Uzhavar Sandhai )",Ginger(Green),"Green Ginger",Local,26/07/2026,11000,21000,16000
"Tamil Nadu",Madurai,"Anna nagar(Uzhavar Sandhai )",Ridgeguard(Tori),Ridgeguard(Tori),Local,26/07/2026,5600,6600,6100
"Tamil Nadu",Madurai,"Anna nagar(Uzhavar Sandhai )",Mango(Raw-Ripe),"Mango - Raw-Ripe",Local,26/07/2026,2000,2500,2250
"Tamil Nadu",Madurai,"Anna nagar(Uzhavar Sandhai )",Jasmine,Jasmine,Local,26/07/2026,30000,35000,32500
"Tamil Nadu",Madurai,"Anna nagar(Uzhavar Sandhai )",Marigold(Calcutta),Marigold(Calcutta),Local,26/07/2026,14000,14000,14000
"Tamil Nadu",Madurai,"Anna nagar(Uzhavar Sandhai )",Mashrooms,Mashrooms,Local,26/07/2026,22000,22000,22000
"Tamil Nadu",Madurai,"Anna nagar(Uzhavar Sandhai )",Rose(Local),"Rose (Local)",Local,26/07/2026,12000,12000,12000
"Tamil Nadu",Perambalur,"Perambalur(Uzhavar Sandhai )",Onion,Bellary,Local,26/07/2026,4000,4200,4100
"Tamil Nadu",Perambalur,"Perambalur(Uzhavar Sandhai )","Mousambi(Sweet Lime)",Mousambi,Local,26/07/2026,9000,10000,9500
"Tamil Nadu",Perambalur,"Perambalur(Uzhavar Sandhai )",Pumpkin,Pumpkin,Local,26/07/2026,1800,2000,1900
"Tamil Nadu",Perambalur,"Perambalur(Uzhavar Sandhai )",Thondekai,Thondekai,Local,26/07/2026,6000,6400,6200
"Tamil Nadu",Perambalur,"Perambalur(Uzhavar Sandhai )","Chow Chow","Chow Chow",Local,26/07/2026,4500,5000,4750
"Tamil Nadu",Perambalur,"Perambalur(Uzhavar Sandhai )",Pomegranate,Pomogranate,Local,26/07/2026,20000,25000,22500
"Tamil Nadu",Salem,"Mecheri(Uzhavar Sandhai)",Banana,Karpura,Local,26/07/2026,3500,4000,3750
"Tamil Nadu",Salem,"Mecheri(Uzhavar Sandhai)","Cluster beans","Cluster Beans",Local,26/07/2026,3000,3500,3250
"Tamil Nadu",Salem,"Mecheri(Uzhavar Sandhai)","Banana - Green","Banana - Green",Local,26/07/2026,2000,2500,2250
"Tamil Nadu",Salem,"Mecheri(Uzhavar Sandhai)",Coconut,Coconut,Local,26/07/2026,4500,5000,4750
"Tamil Nadu",Ranipet,"Arcot(Uzhavar Sandhai )",Garlic,Garlic,Local,26/07/2026,16000,20000,18000
"Tamil Nadu",Ranipet,"Arcot(Uzhavar Sandhai )",Groundnut,"Big (With Shell)",Local,26/07/2026,8000,8000,8000
"Tamil Nadu",Ranipet,"Arcot(Uzhavar Sandhai )",Cauliflower,Ranchi,Local,26/07/2026,3000,4000,3500
"Tamil Nadu",Ranipet,"Arcot(Uzhavar Sandhai )",Coriander(Leaves),"I Sort",Local,26/07/2026,5000,5000,5000
"Tamil Nadu",Ranipet,"Arcot(Uzhavar Sandhai )","Bottle gourd","Bottle Gourd",Local,26/07/2026,3500,3500,3500
"Tamil Nadu",Ranipet,"Arcot(Uzhavar Sandhai )",Pumpkin,Pumpkin,Local,26/07/2026,3000,3000,3000
"Tamil Nadu",Ranipet,"Arcot(Uzhavar Sandhai )","Banana - Green","Banana - Green",Local,26/07/2026,4000,5000,4500
"Tamil Nadu",Ranipet,"Arcot(Uzhavar Sandhai )",Beans,"Beans (Whole)",Local,26/07/2026,6000,6000,6000
"Tamil Nadu",Ranipet,"Arcot(Uzhavar Sandhai )",Ginger(Green),"Green Ginger",Local,26/07/2026,16000,16000,16000
"Tamil Nadu",Ranipet,"Arcot(Uzhavar Sandhai )",Cabbage,Cabbage,Local,26/07/2026,4000,4000,4000
"Tamil Nadu",Ranipet,"Arcot(Uzhavar Sandhai )",Thondekai,Thondekai,Local,26/07/2026,4000,4000,4000
"Tamil Nadu",Ranipet,"Arcot(Uzhavar Sandhai )",Capsicum,Capsicum,Local,26/07/2026,8000,8000,8000
"Tamil Nadu",Ranipet,"Arcot(Uzhavar Sandhai )",Mint(Pudina),Mint(Pudina),Local,26/07/2026,4000,4000,4000
"Tamil Nadu",Ranipet,"Ranipettai(Uzhavar Sandhai )",Onion,Bellary,Local,26/07/2026,3500,3500,3500
"Tamil Nadu",Ranipet,"Ranipettai(Uzhavar Sandhai )",Banana,"Red Banana",Local,26/07/2026,10000,10000,10000
"Tamil Nadu",Ranipet,"Ranipettai(Uzhavar Sandhai )",Cauliflower,Ranchi,Local,26/07/2026,3000,4000,3500
"Tamil Nadu",Ranipet,"Ranipettai(Uzhavar Sandhai )","Bitter gourd",Other,Local,26/07/2026,4400,4400,4400
"Tamil Nadu",Ranipet,"Ranipettai(Uzhavar Sandhai )",Coconut,Coconut,Local,26/07/2026,4000,5000,4500
"Tamil Nadu",Ranipet,"Ranipettai(Uzhavar Sandhai )",Snakeguard,Snakeguard,Local,26/07/2026,4000,4000,4000
"Tamil Nadu",Ranipet,"Ranipettai(Uzhavar Sandhai )","Chow Chow","Chow Chow",Local,26/07/2026,4000,4000,4000
"Tamil Nadu",Ranipet,"Ranipettai(Uzhavar Sandhai )",Lemon,Lemon,Local,26/07/2026,6000,8000,7000
"Tamil Nadu",Salem,"Ammapet(Uzhavar Sandhai )",Grapes,Annabesahai,Local,26/07/2026,9000,10000,9500
"Tamil Nadu",Salem,"Ammapet(Uzhavar Sandhai )",Apple,American,Local,26/07/2026,23000,25000,24000
"Tamil Nadu",Salem,"Ammapet(Uzhavar Sandhai )",Cauliflower,Ranchi,Local,26/07/2026,2400,3000,2700
"Tamil Nadu",Salem,"Ammapet(Uzhavar Sandhai )","Mousambi(Sweet Lime)",Mousambi,Local,26/07/2026,3200,3500,3350
"Tamil Nadu",Salem,"Ammapet(Uzhavar Sandhai )","Bhindi(Ladies Finger)",Bhindi,Local,26/07/2026,3300,3500,3400
"Tamil Nadu",Salem,"Ammapet(Uzhavar Sandhai )",Amaranthus,Amaranthus,Local,26/07/2026,2400,2800,2600
"Tamil Nadu",Salem,"Ammapet(Uzhavar Sandhai )","Banana - Green","Banana - Green",Local,26/07/2026,2000,2500,2250
"Tamil Nadu",Salem,"Ammapet(Uzhavar Sandhai )",Beans,"Beans (Whole)",Local,26/07/2026,5000,7000,6000
"Tamil Nadu",Salem,"Ammapet(Uzhavar Sandhai )",Ginger(Green),"Green Ginger",Local,26/07/2026,17000,18000,17500
"Tamil Nadu",Salem,"Ammapet(Uzhavar Sandhai )","Sweet Potato","Hosur Red",Local,26/07/2026,3800,4000,3900
"Tamil Nadu",Salem,"Ammapet(Uzhavar Sandhai )",Snakeguard,Snakeguard,Local,26/07/2026,3600,3800,3700
"Tamil Nadu",Salem,"Ammapet(Uzhavar Sandhai )",Capsicum,Capsicum,Local,26/07/2026,6400,7000,6700
"Tamil Nadu",Salem,"Ammapet(Uzhavar Sandhai )","Chow Chow","Chow Chow",Local,26/07/2026,3800,4000,3900
"Tamil Nadu",Salem,"Ammapet(Uzhavar Sandhai )",Guava,"Guava Allahabad",Local,26/07/2026,5000,6000,5500
"Tamil Nadu",Salem,"Ammapet(Uzhavar Sandhai )",Marigold(Calcutta),Marigold(Calcutta),Local,26/07/2026,15000,16000,15500
"Tamil Nadu",Salem,"Ammapet(Uzhavar Sandhai )","Tamarind Fruit","Tamarind Fruit",Local,26/07/2026,14000,15000,14500
"Tamil Nadu",Salem,"Ammapet(Uzhavar Sandhai )","Baby Corn","Baby Corn","Grade A",26/07/2026,2800,3000,2900
"Tamil Nadu",Salem,"Mettur(Uzhavar Sandhai )",Potato,Other,Local,26/07/2026,3500,4000,3750
"Tamil Nadu",Salem,"Mettur(Uzhavar Sandhai )","Bhindi(Ladies Finger)",Bhindi,Local,26/07/2026,2500,3000,2750
"Tamil Nadu",Salem,"Mettur(Uzhavar Sandhai )",Carrot,Pusakesar,Local,26/07/2026,9000,9500,9250
"Tamil Nadu",Salem,"Mettur(Uzhavar Sandhai )",Cabbage,Cabbage,Local,26/07/2026,3500,4000,3750
"Tamil Nadu",Salem,"Mettur(Uzhavar Sandhai )",Ridgeguard(Tori),Ridgeguard(Tori),Local,26/07/2026,4500,5000,4750
"Tamil Nadu",Salem,"Mettur(Uzhavar Sandhai )","Knool Khol","Knool Khol",Local,26/07/2026,5500,6000,5750
"Tamil Nadu",Salem,"Mettur(Uzhavar Sandhai )",Guava,"Guava Allahabad",Local,26/07/2026,5000,6000,5500
"Tamil Nadu",Salem,"Mettur(Uzhavar Sandhai )","Onion Green","Onion Green",Local,26/07/2026,4500,5000,4750
"Tamil Nadu",Salem,"Mettur(Uzhavar Sandhai )","Sweet Corn ","Sweet Corn ",Local,26/07/2026,3500,4000,3750
"Tamil Nadu",Salem,"Sooramangalam(Uzhavar Sandhai )",Chikoos(Sapota),Sapota,Local,26/07/2026,4000,4500,4250
"Tamil Nadu",Salem,"Sooramangalam(Uzhavar Sandhai )",Papaya,Papaya,Local,26/07/2026,3500,4000,3750
"Tamil Nadu",Salem,"Sooramangalam(Uzhavar Sandhai )","Mousambi(Sweet Lime)",Mousambi,Local,26/07/2026,3000,3500,3250
"Tamil Nadu",Salem,"Sooramangalam(Uzhavar Sandhai )","Bitter gourd",Other,Local,26/07/2026,4500,5000,4750
"Tamil Nadu",Salem,"Sooramangalam(Uzhavar Sandhai )",Tapioca,Tapioca,Local,26/07/2026,3000,3500,3250
"Tamil Nadu",Salem,"Sooramangalam(Uzhavar Sandhai )","Chow Chow","Chow Chow",Local,26/07/2026,3500,3800,3650
"Tamil Nadu",Salem,"Thammampatti (Uzhavar Sandhai )",Onion,Bellary,Local,26/07/2026,3800,4200,4000
"Tamil Nadu",Salem,"Thammampatti (Uzhavar Sandhai )",Banana,"Red Banana",Local,26/07/2026,6000,6500,6250
"Tamil Nadu",Salem,"Thammampatti (Uzhavar Sandhai )","Banana - Green","Banana - Green",Local,26/07/2026,2000,2500,2250
"Tamil Nadu",Salem,"Thammampatti (Uzhavar Sandhai )",Ginger(Green),"Green Ginger",Local,26/07/2026,12000,18000,15000
"Tamil Nadu",Salem,"Thammampatti (Uzhavar Sandhai )",Thondekai,Thondekai,Local,26/07/2026,4500,5000,4750
"Tamil Nadu",Salem,"Thammampatti (Uzhavar Sandhai )","Tender Coconut","Tender Coconut",Local,26/07/2026,3000,4000,3500
"Tamil Nadu",Salem,"Thammampatti (Uzhavar Sandhai )","Onion Green","Onion Green",Local,26/07/2026,4000,5000,4500
"Tamil Nadu",Salem,"Thathakapatti(Uzhavar Sandhai )",Coriander(Leaves),"I Sort",Local,26/07/2026,5000,6000,5500
"Tamil Nadu",Salem,"Thathakapatti(Uzhavar Sandhai )",Capsicum,Capsicum,Local,26/07/2026,6500,7000,6750
"Tamil Nadu",Salem,"Thathakapatti(Uzhavar Sandhai )","Chow Chow","Chow Chow",Local,26/07/2026,3600,3800,3700
"Tamil Nadu",Salem,"Thathakapatti(Uzhavar Sandhai )","Elephant Yam(Suran)/Amorphophallus","Elephant Yam (Suran)",Local,26/07/2026,4000,5000,4500
"Tamil Nadu",Salem,"Thathakapatti(Uzhavar Sandhai )","Indian Beans(Seam)","Indian Beans (Seam)",Local,26/07/2026,5000,6000,5500
"Uttar Pradesh",Balrampur,"Utraula APMC",Wood,Eucalyptus,FAQ,26/07/2026,500,500,500
"Uttar Pradesh",Etah,"Awagarh APMC",Potato,Other,FAQ,26/07/2026,500,500,500
"Uttar Pradesh",Shahjahanpur,"Meeranpur Katra APMC",Wood,Other,FAQ,26/07/2026,620,620,620
"Uttar Pradesh",Shahjahanpur,"Meeranpur Katra APMC",Wheat,Dara,FAQ,26/07/2026,2510,2510,2510
"Uttar Pradesh",Shahjahanpur,"Meeranpur Katra APMC",Wood,Eucalyptus,FAQ,26/07/2026,580,580,580
"Tamil Nadu",Tenkasi,"Sankarankoil(Uzhavar Sandhai )",Brinjal,Other,Local,26/07/2026,3500,4000,3750
"Tamil Nadu",Tenkasi,"Sankarankoil(Uzhavar Sandhai )",Pumpkin,Pumpkin,Local,26/07/2026,2500,2500,2500
"Tamil Nadu",Tenkasi,"Sankarankoil(Uzhavar Sandhai )",Amaranthus,Amaranthus,Local,26/07/2026,2000,2000,2000
"Tamil Nadu",Tenkasi,"Sankarankoil(Uzhavar Sandhai )",Cowpea(Veg),"Cowpea (Veg)",Local,26/07/2026,4000,4000,4000
"Tamil Nadu",Tenkasi,"Sankarankoil(Uzhavar Sandhai )",Raddish,Raddish,Local,26/07/2026,4000,4000,4000
"Tamil Nadu",Tenkasi,"Sankarankoil(Uzhavar Sandhai )",Guava,"Guava Allahabad",Local,26/07/2026,6000,6000,6000
"Tamil Nadu",Tenkasi,"Tenkasi(Uzhavar Sandhai )",Onion,Bellary,Local,26/07/2026,3000,3500,3250
"Tamil Nadu",Tenkasi,"Tenkasi(Uzhavar Sandhai )",Ashgourd,Gouard,Local,26/07/2026,2000,2000,2000
"Tamil Nadu",Tenkasi,"Tenkasi(Uzhavar Sandhai )",Pumpkin,Pumpkin,Local,26/07/2026,1500,1500,1500
"Tamil Nadu",Tenkasi,"Tenkasi(Uzhavar Sandhai )","Sweet Potato","Hosur Red",Local,26/07/2026,4000,4000,4000
"Tamil Nadu",Tenkasi,"Tenkasi(Uzhavar Sandhai )",Snakeguard,Snakeguard,Local,26/07/2026,2500,3000,2750
"Tamil Nadu",Tenkasi,"Tenkasi(Uzhavar Sandhai )","Jack Fruit(Ripe)","Jack Fruit",Local,26/07/2026,3000,3000,3000
"Tamil Nadu",Pudukkottai,"Pudukottai(Uzhavar Sandhai )",Ashgourd,Gouard,Local,26/07/2026,1000,1500,1250
"Tamil Nadu",Pudukkottai,"Pudukottai(Uzhavar Sandhai )",Cowpea(Veg),"Cowpea (Veg)",Local,26/07/2026,1500,2000,1750
"Tamil Nadu",Pudukkottai,"Pudukottai(Uzhavar Sandhai )",Carrot,Pusakesar,Local,26/07/2026,10000,11000,10500
"Tamil Nadu",Pudukkottai,"Pudukottai(Uzhavar Sandhai )",Ridgeguard(Tori),Ridgeguard(Tori),Local,26/07/2026,6000,7000,6500
"Tamil Nadu",Pudukkottai,"Pudukottai(Uzhavar Sandhai )",Guava,"Guava Allahabad",Local,26/07/2026,7000,8000,7500
"Tamil Nadu",Pudukkottai,"Pudukottai(Uzhavar Sandhai )",Yam(Ratalu),"Yam (Ratalu)",Local,26/07/2026,8000,9000,8500
"Tamil Nadu",Thanjavur,"Kumbakonam (Uzhavar Sandhai )",Potato,"Red Nanital",Local,26/07/2026,3000,3600,3300
"Tamil Nadu",Thanjavur,"Kumbakonam (Uzhavar Sandhai )",Garlic,Garlic,Local,26/07/2026,20000,20000,20000
"Tamil Nadu",Thanjavur,"Kumbakonam (Uzhavar Sandhai )",Papaya,Papaya,Local,26/07/2026,4000,4000,4000
"Tamil Nadu",Thanjavur,"Kumbakonam (Uzhavar Sandhai )",Tomato,Deshi,Local,26/07/2026,2000,2400,2200
"Tamil Nadu",Thanjavur,"Kumbakonam (Uzhavar Sandhai )","Cluster beans","Cluster Beans",Local,26/07/2026,4800,4800,4800
"Tamil Nadu",Thanjavur,"Kumbakonam (Uzhavar Sandhai )","Bhindi(Ladies Finger)",Bhindi,Local,26/07/2026,4200,4200,4200
"Tamil Nadu","The Nilgiris","Udhagamandalam(Uzhavar Sandhai )",Potato,Other,Local,26/07/2026,5000,5500,5250
"Tamil Nadu","The Nilgiris","Udhagamandalam(Uzhavar Sandhai )",Orange,Darjeeling,Local,26/07/2026,10000,15000,12500
"Tamil Nadu","The Nilgiris","Udhagamandalam(Uzhavar Sandhai )",Coriander(Leaves),"I Sort",Local,26/07/2026,6500,7000,6750
"Tamil Nadu","The Nilgiris","Udhagamandalam(Uzhavar Sandhai )",Tomato,Deshi,Local,26/07/2026,1500,2000,1750
"Tamil Nadu","The Nilgiris","Udhagamandalam(Uzhavar Sandhai )","Cluster beans","Cluster Beans",Local,26/07/2026,3500,4000,3750
"Tamil Nadu","The Nilgiris","Udhagamandalam(Uzhavar Sandhai )","Bitter gourd","Bitter Gourd",Local,26/07/2026,6500,6800,6650
"Tamil Nadu","The Nilgiris","Udhagamandalam(Uzhavar Sandhai )",Ashgourd,Gouard,Local,26/07/2026,1500,1800,1650
"Tamil Nadu","The Nilgiris","Udhagamandalam(Uzhavar Sandhai )",Amaranthus,Amaranthus,Local,26/07/2026,5500,6000,5750
"Tamil Nadu","The Nilgiris","Udhagamandalam(Uzhavar Sandhai )","Banana - Green","Banana - Green",Local,26/07/2026,4000,4500,4250
"Tamil Nadu","The Nilgiris","Udhagamandalam(Uzhavar Sandhai )",Beans,"Beans (Whole)",Local,26/07/2026,5500,6000,5750
"Tamil Nadu","The Nilgiris","Udhagamandalam(Uzhavar Sandhai )",Coconut,Coconut,Local,26/07/2026,5000,5400,5200
"Tamil Nadu","The Nilgiris","Udhagamandalam(Uzhavar Sandhai )",Carrot,Pusakesar,Local,26/07/2026,4500,5000,4750
"Tamil Nadu","The Nilgiris","Udhagamandalam(Uzhavar Sandhai )",Pomegranate,Pomogranate,Local,26/07/2026,20000,21000,20500
"Tamil Nadu","The Nilgiris","Udhagamandalam(Uzhavar Sandhai )","Amla(Nelli Kai)",Amla,Local,26/07/2026,8000,9000,8500
"Tamil Nadu",Theni,"Andipatti(Uzhavar Sandhai )",Soyabean,Local,Local,26/07/2026,9500,10000,9750
"Tamil Nadu",Theni,"Andipatti(Uzhavar Sandhai )",Brinjal,Other,Local,26/07/2026,4200,4400,4300
"Tamil Nadu",Theni,"Andipatti(Uzhavar Sandhai )","Bottle gourd","Bottle Gourd",Local,26/07/2026,1600,1800,1700
"Tamil Nadu",Theni,"Andipatti(Uzhavar Sandhai )","Banana - Green","Banana - Green",Local,26/07/2026,2500,3000,2750
"Tamil Nadu",Theni,"Andipatti(Uzhavar Sandhai )",Carrot,Pusakesar,Local,26/07/2026,8000,8400,8200
"Tamil Nadu",Theni,"Andipatti(Uzhavar Sandhai )",Lime,Lime,Local,26/07/2026,13500,14000,13750
"Tamil Nadu",Theni,"Andipatti(Uzhavar Sandhai )",Yam(Ratalu),"Yam (Ratalu)",Local,26/07/2026,7300,7500,7400
"Tamil Nadu",Theni,"Andipatti(Uzhavar Sandhai )",Lemon,Lemon,Local,26/07/2026,4000,4500,4250
"Tamil Nadu",Theni,"Andipatti(Uzhavar Sandhai )",Mint(Pudina),Mint(Pudina),Local,26/07/2026,5500,5500,5500
"Tamil Nadu",Theni,"Bodinayakanur(Uzhavar Sandhai )",Onion,Bellary,Local,26/07/2026,3800,3800,3800
"Tamil Nadu",Theni,"Bodinayakanur(Uzhavar Sandhai )",Potato,Other,Local,26/07/2026,2600,2600,2600
"Tamil Nadu",Theni,"Bodinayakanur(Uzhavar Sandhai )","Cluster beans","Cluster Beans",Local,26/07/2026,3400,3400,3400
"Tamil Nadu",Theni,"Bodinayakanur(Uzhavar Sandhai )",Coconut,Coconut,Local,26/07/2026,5000,5000,5000
"Tamil Nadu",Theni,"Bodinayakanur(Uzhavar Sandhai )","Sweet Potato","Hosur Red",Local,26/07/2026,4000,4000,4000
"Tamil Nadu",Theni,"Chinnamanur(Uzhavar Sandhai )",Brinjal,Other,Local,26/07/2026,4600,4800,4700
"Tamil Nadu",Theni,"Chinnamanur(Uzhavar Sandhai )",Coriander(Leaves),"I Sort",Local,26/07/2026,5400,5400,5400
"Tamil Nadu",Theni,"Chinnamanur(Uzhavar Sandhai )","Cluster beans","Cluster Beans",Local,26/07/2026,3200,3200,3200
"Tamil Nadu",Theni,"Chinnamanur(Uzhavar Sandhai )","Bhindi(Ladies Finger)",Bhindi,Local,26/07/2026,4000,4000,4000
"Tamil Nadu",Theni,"Chinnamanur(Uzhavar Sandhai )",Snakeguard,Snakeguard,Local,26/07/2026,4200,4200,4200
"Tamil Nadu",Theni,"Chinnamanur(Uzhavar Sandhai )","Green Avare(W)",Other,Local,26/07/2026,7500,7500,7500
"Tamil Nadu",Theni,"Chinnamanur(Uzhavar Sandhai )",Drumstick,Drumstick,Local,26/07/2026,4500,4500,4500
"Tamil Nadu",Theni,"Kambam(Uzhavar Sandhai )","Cluster beans","Cluster Beans",Local,26/07/2026,3500,3500,3500
"Tamil Nadu",Theni,"Kambam(Uzhavar Sandhai )","Betal Leaves",Mysore,Local,26/07/2026,20000,20000,20000
"Tamil Nadu",Theni,"Kambam(Uzhavar Sandhai )","Chow Chow","Chow Chow",Local,26/07/2026,2700,2700,2700
"Tamil Nadu",Theni,"Kambam(Uzhavar Sandhai )",Drumstick,Drumstick,Local,26/07/2026,3500,4500,4000
"Tamil Nadu",Theni,"Kambam(Uzhavar Sandhai )","Amla(Nelli Kai)",Amla,Local,26/07/2026,5000,6000,5500
"Tamil Nadu",Theni,"Theni(Uzhavar Sandhai )",Onion,Bellary,Local,26/07/2026,3500,3800,3650
"Tamil Nadu",Theni,"Theni(Uzhavar Sandhai )",Soyabean,Local,Local,26/07/2026,10000,10000,10000
"Tamil Nadu",Theni,"Theni(Uzhavar Sandhai )",Apple,American,Local,26/07/2026,14000,26000,20000
"Tamil Nadu",Theni,"Theni(Uzhavar Sandhai )",Papaya,Papaya,Local,26/07/2026,3000,3500,3250
"Tamil Nadu",Theni,"Theni(Uzhavar Sandhai )",Amaranthus,Amaranthus,Local,26/07/2026,1500,2000,1750
"Tamil Nadu",Theni,"Theni(Uzhavar Sandhai )",Beans,"Beans (Whole)",Local,26/07/2026,8000,8000,8000
"Tamil Nadu",Theni,"Theni(Uzhavar Sandhai )",Ginger(Green),"Green Ginger",Local,26/07/2026,10000,17000,13500
"Tamil Nadu",Theni,"Theni(Uzhavar Sandhai )",Snakeguard,Snakeguard,Local,26/07/2026,3000,4000,3500
"Tamil Nadu",Theni,"Theni(Uzhavar Sandhai )",Beetroot,Beetroot,Local,26/07/2026,4500,4500,4500
"Tamil Nadu",Theni,"Theni(Uzhavar Sandhai )",Raddish,Raddish,Local,26/07/2026,2800,2800,2800
"Tamil Nadu",Theni,"Theni(Uzhavar Sandhai )",Drumstick,Drumstick,Local,26/07/2026,2000,3500,2750
"Tamil Nadu",Thirunelveli,"Kandiyaperi(Uzhavar Sandhai )","Green Chilli","Green Chilly",Local,26/07/2026,4000,4600,4300
"Tamil Nadu",Thirunelveli,"Melapalayam(Uzhavar Sandhai )",Onion,Bellary,Local,26/07/2026,3200,3800,3500
"Tamil Nadu",Thirunelveli,"Melapalayam(Uzhavar Sandhai )",Papaya,Papaya,Local,26/07/2026,3500,4000,3750
"Tamil Nadu",Thirunelveli,"Melapalayam(Uzhavar Sandhai )","Cluster beans","Cluster Beans",Local,26/07/2026,2400,2600,2500
"Tamil Nadu",Thirunelveli,"Melapalayam(Uzhavar Sandhai )",Coconut,Coconut,Local,26/07/2026,5600,5900,5750
"Tamil Nadu",Thirunelveli,"Melapalayam(Uzhavar Sandhai )","Sweet Potato","Hosur Red",Local,26/07/2026,3500,4000,3750
"Tamil Nadu",Thirunelveli,"Melapalayam(Uzhavar Sandhai )",Carrot,Pusakesar,Local,26/07/2026,4600,8800,6700
"Tamil Nadu",Thirunelveli,"Melapalayam(Uzhavar Sandhai )",Capsicum,Capsicum,Local,26/07/2026,6500,7000,6750
"Tamil Nadu",Thirunelveli,"Melapalayam(Uzhavar Sandhai )","Green Avare(W)",Other,Local,26/07/2026,5500,6000,5750
"Tamil Nadu",Thirunelveli,"Melapalayam(Uzhavar Sandhai )","Elephant Yam(Suran)/Amorphophallus","Elephant Yam (Suran)",Local,26/07/2026,2500,3000,2750
"Tamil Nadu",Thirunelveli,"Melapalayam(Uzhavar Sandhai )",Lemon,Lemon,Local,26/07/2026,4000,5000,4500
"Tamil Nadu",Thirunelveli,"NGO Colony(Uzhavar Sandhai )","Cluster beans","Cluster Beans",Local,26/07/2026,2400,2600,2500
"Tamil Nadu",Thirunelveli,"NGO Colony(Uzhavar Sandhai )","Bitter gourd","Bitter Gourd",Local,26/07/2026,5500,6500,6000
"Tamil Nadu",Thirunelveli,"NGO Colony(Uzhavar Sandhai )",Pumpkin,Pumpkin,Local,26/07/2026,1200,1400,1300
"Tamil Nadu",Thirunelveli,"NGO Colony(Uzhavar Sandhai )",Coconut,Coconut,Local,26/07/2026,5600,5900,5750
"Tamil Nadu",Thirunelveli,"Palayamkottai(Uzhavar Sandhai )",Onion,Bellary,Local,26/07/2026,3400,3800,3600
"Tamil Nadu",Thirunelveli,"Palayamkottai(Uzhavar Sandhai )",Ashgourd,Gouard,Local,26/07/2026,1400,1600,1500
"Tamil Nadu",Thirunelveli,"Palayamkottai(Uzhavar Sandhai )","Green Chilli","Green Chilly",Local,26/07/2026,4000,4600,4300
"Tamil Nadu",Thirunelveli,"Palayamkottai(Uzhavar Sandhai )",Coconut,Coconut,Local,26/07/2026,5600,5900,5750
"Tamil Nadu",Thirunelveli,"Palayamkottai(Uzhavar Sandhai )","Sweet Potato","Hosur Red",Local,26/07/2026,3500,4000,3750
"Tamil Nadu",Thirunelveli,"Palayamkottai(Uzhavar Sandhai )",Cucumbar(Kheera),Cucumbar,Local,26/07/2026,4000,6500,5250
"Tamil Nadu",Thirunelveli,"Palayamkottai(Uzhavar Sandhai )",Mango(Raw-Ripe),"Mango - Raw-Ripe",Local,26/07/2026,3000,3500,3250
"Tamil Nadu",Thirunelveli,"Palayamkottai(Uzhavar Sandhai )",Guava,"Guava Allahabad",Local,26/07/2026,6000,8000,7000
"Tamil Nadu",Thirunelveli,"Palayamkottai(Uzhavar Sandhai )",Pomegranate,Pomogranate,Local,26/07/2026,20000,24000,22000
"Tamil Nadu",Thirunelveli,"Palayamkottai(Uzhavar Sandhai )","Onion Green","Onion Green",Local,26/07/2026,6500,7000,6750
"Tamil Nadu",Thirupur,"Kangayam(Uzhavar Sandhai )",Cauliflower,Ranchi,Local,26/07/2026,3200,3500,3350
"Tamil Nadu",Thirupur,"Kangayam(Uzhavar Sandhai )",Papaya,Papaya,Local,26/07/2026,2500,2800,2650
"Tamil Nadu",Thirupur,"Kangayam(Uzhavar Sandhai )",Tomato,Deshi,Local,26/07/2026,1100,1400,1250
"Tamil Nadu",Thirupur,"Kangayam(Uzhavar Sandhai )","Bitter gourd","Bitter Gourd",Local,26/07/2026,5900,6200,6050
"Tamil Nadu",Thirupur,"Kangayam(Uzhavar Sandhai )","Bhindi(Ladies Finger)",Bhindi,Local,26/07/2026,4700,5000,4850
"Tamil Nadu",Thirupur,"Kangayam(Uzhavar Sandhai )",Amaranthus,Amaranthus,Local,26/07/2026,2400,2700,2550
"Tamil Nadu",Thirupur,"Kangayam(Uzhavar Sandhai )","Green Chilli","Green Chilly",Local,26/07/2026,4700,5000,4850
"Tamil Nadu",Thirupur,"Tiruppur (North) (Uzhavar Sandhai )",Onion,Bellary,Local,26/07/2026,3000,3500,3250
"Tamil Nadu",Thirupur,"Tiruppur (North) (Uzhavar Sandhai )",Papaya,Papaya,Local,26/07/2026,2500,3000,2750
"Tamil Nadu",Thirupur,"Tiruppur (North) (Uzhavar Sandhai )","Banana - Green","Banana - Green",Local,26/07/2026,2500,3000,2750
"Tamil Nadu",Thirupur,"Tiruppur (North) (Uzhavar Sandhai )",Tapioca,Tapioca,Local,26/07/2026,2000,2500,2250
"Tamil Nadu",Thirupur,"Tiruppur (North) (Uzhavar Sandhai )",Coconut,Coconut,Local,26/07/2026,5000,5400,5200
"Tamil Nadu",Thirupur,"Tiruppur (North) (Uzhavar Sandhai )",Ridgeguard(Tori),Ridgeguard(Tori),Local,26/07/2026,4000,5000,4500
"Tamil Nadu",Thirupur,"Tiruppur (North) (Uzhavar Sandhai )",Mango(Raw-Ripe),"Mango - Raw-Ripe",Local,26/07/2026,3000,3600,3300
"Tamil Nadu",Thirupur,"Tiruppur (North) (Uzhavar Sandhai )","Elephant Yam(Suran)/Amorphophallus","Elephant Yam (Suran)",Local,26/07/2026,3500,4000,3750
"Tamil Nadu",Thirupur,"Tiruppur (North) (Uzhavar Sandhai )","Onion Green","Onion Green",Local,26/07/2026,5000,6000,5500
"Tamil Nadu",Thirupur,"Tiruppur (North) (Uzhavar Sandhai )",Mint(Pudina),Mint(Pudina),Local,26/07/2026,2000,2800,2400
"Tamil Nadu",Thirupur,"Tiruppur (South) (Uzhavar Sandhai )",Onion,Bellary,Local,26/07/2026,3000,4000,3500
"Tamil Nadu",Thirupur,"Tiruppur (South) (Uzhavar Sandhai )",Raddish,Raddish,Local,26/07/2026,2500,3000,2750
"Tamil Nadu",Thirupur,"Tiruppur (South) (Uzhavar Sandhai )",Drumstick,Drumstick,Local,26/07/2026,4000,5000,4500
"Tamil Nadu",Thirupur,"Tiruppur (South) (Uzhavar Sandhai )","Custard Apple(Sharifa)","Custard Apple(Sharifa)",Local,26/07/2026,3000,4000,3500
"Tamil Nadu",Thirupur,"Tiruppur (South) (Uzhavar Sandhai )",Mint(Pudina),Mint(Pudina),Local,26/07/2026,2500,3000,2750
"Tamil Nadu",Thiruvannamalai,"Chengam(Uzhavar Sandhai )","Sweet Potato","Hosur Red",Local,26/07/2026,3300,4000,3650
"Tamil Nadu",Thiruvannamalai,"Chengam(Uzhavar Sandhai )",Carrot,Pusakesar,Local,26/07/2026,6000,7200,6600
"Tamil Nadu",Thiruvannamalai,"Chengam(Uzhavar Sandhai )",Thondekai,Thondekai,Local,26/07/2026,5000,6000,5500
"Tamil Nadu",Thiruvannamalai,"Chengam(Uzhavar Sandhai )",Capsicum,Capsicum,Local,26/07/2026,7000,8000,7500
"Tamil Nadu",Thiruvannamalai,"Chengam(Uzhavar Sandhai )","Tamarind Fruit","Tamarind Fruit",Local,26/07/2026,8000,10000,9000
"Tamil Nadu",Thiruvannamalai,"Keelpennathur(Uzhavar Sandhai )",Mango,Other,Local,26/07/2026,5000,6000,5500
"Tamil Nadu",Thiruvannamalai,"Keelpennathur(Uzhavar Sandhai )",Papaya,Papaya,Local,26/07/2026,4000,5000,4500
"Tamil Nadu",Thiruvannamalai,"Keelpennathur(Uzhavar Sandhai )","Water Melon","Water Melon",Local,26/07/2026,2000,3000,2500
"Tamil Nadu",Thiruvannamalai,"Keelpennathur(Uzhavar Sandhai )","Bottle gourd","Bottle Gourd",Local,26/07/2026,3500,4500,4000
"Tamil Nadu",Thiruvannamalai,"Keelpennathur(Uzhavar Sandhai )",Ashgourd,Gouard,Local,26/07/2026,2000,3000,2500
"Tamil Nadu",Thiruvannamalai,"Keelpennathur(Uzhavar Sandhai )",Amaranthus,Amaranthus,Local,26/07/2026,2000,3000,2500
"Tamil Nadu",Thiruvannamalai,"Keelpennathur(Uzhavar Sandhai )",Cabbage,Cabbage,Local,26/07/2026,4000,5000,4500
"Tamil Nadu",Thiruvannamalai,"Keelpennathur(Uzhavar Sandhai )",Thondekai,Thondekai,Local,26/07/2026,5000,6000,5500
"Tamil Nadu",Thiruvannamalai,"Keelpennathur(Uzhavar Sandhai )",Drumstick,Drumstick,Local,26/07/2026,5000,6000,5500
"Tamil Nadu",Thiruvannamalai,"Keelpennathur(Uzhavar Sandhai )","Tender Coconut","Tender Coconut",Local,26/07/2026,5000,6000,5500
"Tamil Nadu",Thiruvannamalai,"Keelpennathur(Uzhavar Sandhai )","Amla(Nelli Kai)",Amla,Local,26/07/2026,11000,12000,11500
"Tamil Nadu",Thiruvannamalai,"Keelpennathur(Uzhavar Sandhai )",Mint(Pudina),Mint(Pudina),Local,26/07/2026,3000,4000,3500
"Tamil Nadu",Thiruvannamalai,"Tamarainagar(Uzhavar Sandhai )",Groundnut,"Big (With Shell)",Local,26/07/2026,7000,8000,7500
"Tamil Nadu",Thiruvannamalai,"Tamarainagar(Uzhavar Sandhai )","Water Melon","Water Melon",Local,26/07/2026,1500,2000,1750
"Tamil Nadu",Thiruvannamalai,"Tamarainagar(Uzhavar Sandhai )",Tomato,Deshi,Local,26/07/2026,1400,1700,1550
"Tamil Nadu",Thiruvannamalai,"Tamarainagar(Uzhavar Sandhai )","Cluster beans","Cluster Beans",Local,26/07/2026,4000,4800,4400
"Tamil Nadu",Thiruvannamalai,"Tamarainagar(Uzhavar Sandhai )",Coconut,Coconut,Local,26/07/2026,7200,8200,7700
"Tamil Nadu",Thiruvannamalai,"Tamarainagar(Uzhavar Sandhai )",Drumstick,Drumstick,Local,26/07/2026,5000,6000,5500
"Tamil Nadu",Thiruvannamalai,"Tamarainagar(Uzhavar Sandhai )",Marigold(Calcutta),Marigold(Calcutta),Local,26/07/2026,35000,40000,37500
"Tamil Nadu",Thiruvannamalai,"Tamarainagar(Uzhavar Sandhai )",Lemon,Lemon,Local,26/07/2026,5000,6000,5500
"Tamil Nadu",Thiruvannamalai,"Tamarainagar(Uzhavar Sandhai )","Onion Green","Onion Green",Local,26/07/2026,7000,8000,7500
"Tamil Nadu",Thiruvannamalai,"Vandavasi(Uzhavar Sandhai )",Onion,Bellary,Local,26/07/2026,3000,3500,3250
"Tamil Nadu",Thiruvannamalai,"Vandavasi(Uzhavar Sandhai )","Bitter gourd",Other,Local,26/07/2026,4000,4800,4400
"Tamil Nadu",Thiruvannamalai,"Vandavasi(Uzhavar Sandhai )","Green Avare(W)",Other,Local,26/07/2026,4000,4800,4400
"Tamil Nadu",Thiruvannamalai,"Vandavasi(Uzhavar Sandhai )","Chow Chow","Chow Chow",Local,26/07/2026,3600,4200,3900
"Tamil Nadu",Thiruvarur,"Muthupettai(Uzhavar Sandhai )",Potato,"Red Nanital",Local,26/07/2026,3500,3500,3500
"Tamil Nadu",Thiruvarur,"Muthupettai(Uzhavar Sandhai )","Cluster beans","Cluster Beans",Local,26/07/2026,4000,4000,4000
"Tamil Nadu",Thiruvarur,"Muthupettai(Uzhavar Sandhai )","Bitter gourd","Bitter Gourd",Local,26/07/2026,6000,6000,6000
Bihar,"East Champaran/ Motihari","Raxaul APMC",Onion,"1st Sort","Grade A",26/07/2026,2400,2600,2500
"Tamil Nadu",Thiruvarur,"Needamangalam(Uzhavar Sandhai )",Onion,Bellary,Local,26/07/2026,3400,3400,3400
"Tamil Nadu",Thiruvarur,"Needamangalam(Uzhavar Sandhai )",Brinjal,Round,Local,26/07/2026,3800,3800,3800
"Tamil Nadu",Thiruvarur,"Needamangalam(Uzhavar Sandhai )","Bottle gourd","Bottle Gourd",Local,26/07/2026,3600,3600,3600
"Tamil Nadu",Thiruvarur,"Needamangalam(Uzhavar Sandhai )",Ashgourd,Gouard,Local,26/07/2026,3000,3000,3000
"Tamil Nadu",Thiruvarur,"Needamangalam(Uzhavar Sandhai )","Green Chilli","Green Chilly",Local,26/07/2026,4800,4800,4800
"Tamil Nadu",Thiruvarur,"Needamangalam(Uzhavar Sandhai )",Coconut,Coconut,Local,26/07/2026,4000,4000,4000
"Tamil Nadu",Thiruvarur,"Tiruvarur(Uzhavar Sandhai )",Brinjal,Round,Local,26/07/2026,4000,4000,4000
"Tamil Nadu",Thiruvarur,"Tiruvarur(Uzhavar Sandhai )",Raddish,Raddish,Local,26/07/2026,4000,4000,4000
"Uttar Pradesh",Bahraich,"Bahraich APMC",Firewood,Firewood,FAQ,26/07/2026,400,400,400
"Uttar Pradesh",Unnao,"Bangarmau APMC",Wood,Eucalyptus,FAQ,26/07/2026,450,450,450
"Uttar Pradesh",Barabanki,"Barabanki APMC",Potato,Other,FAQ,26/07/2026,600,600,600
"Tamil Nadu",Villupuram,"Gingee(Uzhavar Sandhai )",Potato,"Red Nanital",Local,26/07/2026,3500,3500,3500
"Tamil Nadu",Villupuram,"Gingee(Uzhavar Sandhai )",Groundnut,"Big (With Shell)",Local,26/07/2026,7000,7000,7000
"Tamil Nadu",Villupuram,"Gingee(Uzhavar Sandhai )",Banana,Karpura,Local,26/07/2026,4000,5000,4500
"Tamil Nadu",Villupuram,"Gingee(Uzhavar Sandhai )",Coriander(Leaves),"I Sort",Local,26/07/2026,6000,6000,6000
"Tamil Nadu",Villupuram,"Gingee(Uzhavar Sandhai )",Ashgourd,Gouard,Local,26/07/2026,2000,2000,2000
"Tamil Nadu",Villupuram,"Gingee(Uzhavar Sandhai )",Pumpkin,Pumpkin,Local,26/07/2026,2000,2000,2000
"Tamil Nadu",Villupuram,"Gingee(Uzhavar Sandhai )","Banana - Green","Banana - Green",Local,26/07/2026,4000,4000,4000
"Tamil Nadu",Villupuram,"Gingee(Uzhavar Sandhai )",Carrot,Pusakesar,Local,26/07/2026,7500,7500,7500
"Tamil Nadu",Villupuram,"Gingee(Uzhavar Sandhai )",Raddish,Raddish,Local,26/07/2026,4500,4500,4500
"Uttar Pradesh",Hamirpur,"Bharuasumerpur APMC",Peas(Dry),Other,FAQ,26/07/2026,4000,4000,4000
"Tamil Nadu",Thiruvarur,"Valangaiman APMC",Mango(Raw-Ripe),"Mango - Raw-Ripe",Local,26/07/2026,2400,2400,2400
"Tamil Nadu",Thiruvarur,"Valangaiman APMC","Onion Green","Onion Green",Local,26/07/2026,7000,7000,7000
"Tamil Nadu",Virudhunagar,"Aruppukottai(Uzhavar Sandhai )",Chikoos(Sapota),Sapota,Local,26/07/2026,3500,4000,3750
"Tamil Nadu",Virudhunagar,"Aruppukottai(Uzhavar Sandhai )",Amaranthus,Amaranthus,Local,26/07/2026,3000,3500,3250
"Tamil Nadu",Virudhunagar,"Aruppukottai(Uzhavar Sandhai )",Ginger(Green),"Green Ginger",Local,26/07/2026,19000,20000,19500
"Tamil Nadu",Virudhunagar,"Aruppukottai(Uzhavar Sandhai )",Drumstick,Drumstick,Local,26/07/2026,4500,5000,4750
"Tamil Nadu",Virudhunagar,"Aruppukottai(Uzhavar Sandhai )",Mango(Raw-Ripe),"Mango - Raw-Ripe",Local,26/07/2026,2500,3000,2750
"Tamil Nadu",Virudhunagar,"Aruppukottai(Uzhavar Sandhai )",Pomegranate,Pomogranate,Local,26/07/2026,19000,20000,19500
"Tamil Nadu",Virudhunagar,"Aruppukottai(Uzhavar Sandhai )","Tender Coconut","Tender Coconut",Local,26/07/2026,4500,5000,4750
"Tamil Nadu",Virudhunagar,"Aruppukottai(Uzhavar Sandhai )","Onion Green","Onion Green",Local,26/07/2026,6500,7000,6750
"Uttar Pradesh",Bulandshahar,"Buland Shahr APMC",Potato,Other,FAQ,26/07/2026,800,800,800
"Tamil Nadu",Virudhunagar,"Kariyapatti(Uzhavar Sandhai )",Brinjal,Round,Local,26/07/2026,4500,5000,4750
"Tamil Nadu",Virudhunagar,"Kariyapatti(Uzhavar Sandhai )","Green Chilli","Green Chilly",Local,26/07/2026,5000,5500,5250
"Tamil Nadu",Virudhunagar,"Kariyapatti(Uzhavar Sandhai )","Banana - Green","Banana - Green",Local,26/07/2026,3000,3500,3250
"Tamil Nadu",Virudhunagar,"Kariyapatti(Uzhavar Sandhai )",Drumstick,Drumstick,Local,26/07/2026,4500,5000,4750
"Tamil Nadu",Virudhunagar,"Kariyapatti(Uzhavar Sandhai )",Mango(Raw-Ripe),"Mango - Raw-Ripe",Local,26/07/2026,2500,3000,2750
"Tamil Nadu",Virudhunagar,"Kariyapatti(Uzhavar Sandhai )",Yam(Ratalu),"Yam (Ratalu)",Local,26/07/2026,9500,10000,9750
"Tamil Nadu",Thiruvellore,"Tiruvallur(Uzhavar Sandhai )","Bhindi(Ladies Finger)",Bhindi,Local,26/07/2026,5000,5000,5000
"Madhya Pradesh",Dhar,"Manawar(F&V) APMC","Bitter gourd","Bitter Gourd","Grade B",26/07/2026,2400,2800,2500
"Madhya Pradesh",Dhar,"Manawar(F&V) APMC",Onion,Onion,"Grade B",26/07/2026,1500,2000,1563
"Madhya Pradesh",Dhar,"Manawar(F&V) APMC",Cucumbar(Kheera),Cucumbar,"Grade B",26/07/2026,500,800,600
"Tamil Nadu",Vellore,"Katpadi (Uzhavar Sandhai )",Banana,Besrai,Local,26/07/2026,5000,6000,5500
"Tamil Nadu",Vellore,"Katpadi (Uzhavar Sandhai )",Mango,Safeda,Local,26/07/2026,7000,8000,7500
"Tamil Nadu",Vellore,"Katpadi (Uzhavar Sandhai )",Brinjal,Round,Local,26/07/2026,9000,9000,9000
"Tamil Nadu",Vellore,"Katpadi (Uzhavar Sandhai )",Chikoos(Sapota),Sapota,Local,26/07/2026,4000,4000,4000
"Tamil Nadu",Vellore,"Katpadi (Uzhavar Sandhai )",Papaya,Papaya,Local,26/07/2026,3500,4000,3750
"Tamil Nadu",Vellore,"Katpadi (Uzhavar Sandhai )","Bottle gourd","Bottle Gourd",Local,26/07/2026,2500,3000,2750
"Tamil Nadu",Vellore,"Katpadi (Uzhavar Sandhai )",Pumpkin,Pumpkin,Local,26/07/2026,2000,2000,2000
"Tamil Nadu",Vellore,"Katpadi (Uzhavar Sandhai )","Banana - Green","Banana - Green",Local,26/07/2026,3000,3000,3000
"Tamil Nadu",Vellore,"Katpadi (Uzhavar Sandhai )","Sweet Potato","Hosur Red",Local,26/07/2026,3000,3000,3000
"Tamil Nadu",Vellore,"Katpadi (Uzhavar Sandhai )",Cabbage,Cabbage,Local,26/07/2026,4000,4000,4000
"Tamil Nadu",Vellore,"Katpadi (Uzhavar Sandhai )",Ridgeguard(Tori),Ridgeguard(Tori),Local,26/07/2026,5000,5000,5000
"Tamil Nadu",Vellore,"Katpadi (Uzhavar Sandhai )",Thondekai,Thondekai,Local,26/07/2026,4000,4000,4000
"Tamil Nadu",Vellore,"Katpadi (Uzhavar Sandhai )","Chow Chow","Chow Chow",Local,26/07/2026,3000,3000,3000
"Tamil Nadu",Vellore,"Katpadi (Uzhavar Sandhai )",Drumstick,Drumstick,Local,26/07/2026,5000,5000,5000
"Tamil Nadu",Vellore,"Katpadi (Uzhavar Sandhai )",Lemon,Lemon,Local,26/07/2026,10000,10000,10000
"Tamil Nadu",Vellore,"Katpadi (Uzhavar Sandhai )",Colacasia,Colacasia,Local,26/07/2026,4000,4000,4000
"Tamil Nadu",Vellore,"Katpadi (Uzhavar Sandhai )",Mint(Pudina),Mint(Pudina),Local,26/07/2026,4500,4500,4500
"Tamil Nadu",Madurai,"Thirumangalam(Uzhavar Sandhai )","Cluster beans","Cluster Beans",Local,26/07/2026,3000,3600,3300
"Tamil Nadu",Madurai,"Thirumangalam(Uzhavar Sandhai )",Pumpkin,Pumpkin,Local,26/07/2026,2000,2400,2200
"Tamil Nadu",Madurai,"Thirumangalam(Uzhavar Sandhai )",Yam(Ratalu),"Yam (Ratalu)",Local,26/07/2026,7000,8000,7500
"Tamil Nadu",Madurai,"Melur(Uzhavar Sandhai )",Onion,Bellary,Local,26/07/2026,3800,4000,3900
"Tamil Nadu",Madurai,"Melur(Uzhavar Sandhai )",Coriander(Leaves),"I Sort",Local,26/07/2026,6500,7000,6750
"Tamil Nadu",Madurai,"Melur(Uzhavar Sandhai )",Papaya,Papaya,Local,26/07/2026,4000,4500,4250
"Tamil Nadu",Madurai,"Melur(Uzhavar Sandhai )","Sweet Potato","Hosur Red",Local,26/07/2026,3600,4000,3800
"Tamil Nadu",Madurai,"Melur(Uzhavar Sandhai )",Raddish,Raddish,Local,26/07/2026,3000,3500,3250
"Tamil Nadu",Madurai,"Melur(Uzhavar Sandhai )",Lemon,Lemon,Local,26/07/2026,5000,6000,5500
"Tamil Nadu",Madurai,"Melur(Uzhavar Sandhai )","Onion Green","Onion Green",Local,26/07/2026,5500,6000,5750
"Tamil Nadu",Salem,"Vazhapadi(Uzhavar Sandhai)",Garlic,Garlic,Local,26/07/2026,20000,20000,20000
"Tamil Nadu",Salem,"Vazhapadi(Uzhavar Sandhai)",Cauliflower,Ranchi,Local,26/07/2026,2500,3000,2750
"Tamil Nadu",Salem,"Vazhapadi(Uzhavar Sandhai)",Mango,Other,Local,26/07/2026,4000,5000,4500
"Tamil Nadu",Salem,"Vazhapadi(Uzhavar Sandhai)",Coriander(Leaves),"I Sort",Local,26/07/2026,5000,5000,5000
"Tamil Nadu",Salem,"Vazhapadi(Uzhavar Sandhai)","Cluster beans","Cluster Beans",Local,26/07/2026,4000,4000,4000
"Tamil Nadu",Salem,"Vazhapadi(Uzhavar Sandhai)","Bottle gourd","Bottle Gourd",Local,26/07/2026,1500,2000,1750
"Tamil Nadu",Salem,"Vazhapadi(Uzhavar Sandhai)","Banana - Green","Banana - Green",Local,26/07/2026,2000,2500,2250
"Tamil Nadu",Salem,"Vazhapadi(Uzhavar Sandhai)",Coconut,Coconut,Local,26/07/2026,5000,5500,5250
"Tamil Nadu",Salem,"Vazhapadi(Uzhavar Sandhai)",Carrot,Pusakesar,Local,26/07/2026,8000,9000,8500
"Tamil Nadu",Salem,"Vazhapadi(Uzhavar Sandhai)",Beetroot,Beetroot,Local,26/07/2026,4000,4800,4400
"Tamil Nadu",Salem,"Vazhapadi(Uzhavar Sandhai)",Ridgeguard(Tori),Ridgeguard(Tori),Local,26/07/2026,4000,5500,4750
"Tamil Nadu",Karur,"Gandhigramam(Uzhavar Sandhai)",Potato,Other,Local,26/07/2026,4000,6000,5000
"Tamil Nadu",Karur,"Gandhigramam(Uzhavar Sandhai)","Bitter gourd",Other,Local,26/07/2026,5500,6000,5750
"Tamil Nadu",Karur,"Gandhigramam(Uzhavar Sandhai)",Beans,"Beans (Whole)",Local,26/07/2026,6000,7000,6500
"Tamil Nadu",Karur,"Gandhigramam(Uzhavar Sandhai)",Tapioca,Tapioca,Local,26/07/2026,3000,3500,3250
"Tamil Nadu",Karur,"Gandhigramam(Uzhavar Sandhai)",Ginger(Green),"Green Ginger",Local,26/07/2026,21000,22000,21500
"Tamil Nadu",Karur,"Gandhigramam(Uzhavar Sandhai)","Onion Green","Onion Green",Local,26/07/2026,6000,6500,6250
"Tamil Nadu",Karur,"Gandhigramam(Uzhavar Sandhai)","Baby Corn","Baby Corn","Grade A",26/07/2026,3500,4000,3750
"Tamil Nadu",Pudukkottai,"Aranthangi(Uzhavar Sandhai )",Brinjal,Other,Local,26/07/2026,5000,6000,5500
"Tamil Nadu",Pudukkottai,"Aranthangi(Uzhavar Sandhai )","Bottle gourd","Bottle Gourd",Local,26/07/2026,2000,2500,2250
"Tamil Nadu",Pudukkottai,"Aranthangi(Uzhavar Sandhai )",Ashgourd,Gouard,Local,26/07/2026,1000,1500,1250
"Tamil Nadu",Pudukkottai,"Aranthangi(Uzhavar Sandhai )",Amaranthus,Amaranthus,Local,26/07/2026,1500,2000,1750
"Tamil Nadu",Pudukkottai,"Aranthangi(Uzhavar Sandhai )",Raddish,Raddish,Local,26/07/2026,3500,4000,3750
"Tamil Nadu",Coimbatore,"Sulur(Uzhavar Sandhai )",Coriander(Leaves),"I Sort",Local,26/07/2026,7000,7500,7250
"Tamil Nadu",Coimbatore,"Sulur(Uzhavar Sandhai )","Cluster beans","Cluster Beans",Local,26/07/2026,3500,4000,3750
"Tamil Nadu",Coimbatore,"Sulur(Uzhavar Sandhai )",Pumpkin,Pumpkin,Local,26/07/2026,1800,2000,1900
"Tamil Nadu",Coimbatore,"Sulur(Uzhavar Sandhai )","Bhindi(Ladies Finger)",Bhindi,Local,26/07/2026,4500,5000,4750
"Tamil Nadu",Coimbatore,"Sulur(Uzhavar Sandhai )",Coconut,Coconut,Local,26/07/2026,5000,5500,5250
"Tamil Nadu",Coimbatore,"Sulur(Uzhavar Sandhai )",Raddish,Raddish,Local,26/07/2026,4000,4500,4250
"Tamil Nadu",Pudukkottai,"Gandarvakottai(Uzhavar Sandhai )",Brinjal,Round,Local,26/07/2026,5000,6000,5500
"Tamil Nadu",Pudukkottai,"Gandarvakottai(Uzhavar Sandhai )",Ashgourd,Gouard,Local,26/07/2026,1000,1500,1250
"Tamil Nadu",Pudukkottai,"Gandarvakottai(Uzhavar Sandhai )",Coconut,Coconut,Local,26/07/2026,3500,4000,3750
"Tamil Nadu",Cuddalore,"Panruti(Uzhavar Sandhai )",Coriander(Leaves),"I Sort",Local,26/07/2026,7000,7000,7000
"Tamil Nadu",Cuddalore,"Panruti(Uzhavar Sandhai )","Bottle gourd","Bottle Gourd",Local,26/07/2026,3000,3000,3000
"Tamil Nadu",Cuddalore,"Panruti(Uzhavar Sandhai )","Green Chilli","Green Chilly",Local,26/07/2026,5000,5000,5000
"Tamil Nadu",Cuddalore,"Panruti(Uzhavar Sandhai )","Jack Fruit(Ripe)","Jack Fruit",Local,26/07/2026,6000,6000,6000
"Tamil Nadu",Cuddalore,"Panruti(Uzhavar Sandhai )",Mint(Pudina),Mint(Pudina),Local,26/07/2026,6000,6000,6000
"Tamil Nadu",Cuddalore,"Vadalur(Uzhavar Sandhai )",Banana,"Red Banana",Local,26/07/2026,8000,8000,8000
"Tamil Nadu",Cuddalore,"Vadalur(Uzhavar Sandhai )",Tomato,Local,Local,26/07/2026,1800,1800,1800
"Tamil Nadu",Cuddalore,"Vadalur(Uzhavar Sandhai )","Bitter gourd",Other,Local,26/07/2026,7000,7000,7000
"Tamil Nadu",Cuddalore,"Vadalur(Uzhavar Sandhai )","Bottle gourd","Bottle Gourd",Local,26/07/2026,3000,3000,3000
"Tamil Nadu",Cuddalore,"Vadalur(Uzhavar Sandhai )",Pumpkin,Pumpkin,Local,26/07/2026,3000,3000,3000
"Tamil Nadu",Cuddalore,"Vadalur(Uzhavar Sandhai )","Bhindi(Ladies Finger)",Bhindi,Local,26/07/2026,3000,3000,3000
"Tamil Nadu",Cuddalore,"Vadalur(Uzhavar Sandhai )","Green Chilli","Green Chilly",Local,26/07/2026,6000,6000,6000
"Tamil Nadu",Cuddalore,"Vadalur(Uzhavar Sandhai )","Chow Chow","Chow Chow",Local,26/07/2026,4000,4000,4000
"Tamil Nadu",Cuddalore,"Vadalur(Uzhavar Sandhai )",Mango(Raw-Ripe),"Mango - Raw-Ripe",Local,26/07/2026,3000,3000,3000
"Tamil Nadu",Dharmapuri,"AJattihalli(Uzhavar Sandhai )",Potato,Other,Local,26/07/2026,2500,3000,2750
"Tamil Nadu",Dharmapuri,"AJattihalli(Uzhavar Sandhai )","Banana - Green","Banana - Green",Local,26/07/2026,2500,2500,2500
"Tamil Nadu",Dharmapuri,"AJattihalli(Uzhavar Sandhai )",Beans,"Beans (Whole)",Local,26/07/2026,9200,10500,9850
"Tamil Nadu",Dharmapuri,"AJattihalli(Uzhavar Sandhai )",Ginger(Green),"Green Ginger",Local,26/07/2026,20000,23600,21800
"Tamil Nadu",Dharmapuri,"AJattihalli(Uzhavar Sandhai )",Coconut,Coconut,Local,26/07/2026,6000,7000,6500
"Tamil Nadu",Dharmapuri,"AJattihalli(Uzhavar Sandhai )",Carrot,Pusakesar,Local,26/07/2026,8000,9200,8600
"Tamil Nadu",Dharmapuri,"AJattihalli(Uzhavar Sandhai )","Tender Coconut","Tender Coconut",Local,26/07/2026,3000,3500,3250
"Tamil Nadu",Dharmapuri,"AJattihalli(Uzhavar Sandhai )","Tamarind Fruit","Tamarind Fruit",Local,26/07/2026,11500,11500,11500
"Tamil Nadu",Dharmapuri,"AJattihalli(Uzhavar Sandhai )",Colacasia,Colacasia,Local,26/07/2026,6600,6600,6600
"Tamil Nadu",Dharmapuri,"AJattihalli(Uzhavar Sandhai )","Onion Green","Onion Green",Local,26/07/2026,5500,6000,5750
"Tamil Nadu",Nagapattinam,"Vedaranyam(Uzhavar Sandhai)",Potato,"Red Nanital",Local,26/07/2026,3200,3500,3350
"Tamil Nadu",Nagapattinam,"Vedaranyam(Uzhavar Sandhai)","Bottle gourd","Bottle Gourd",Local,26/07/2026,2600,2800,2700
"Tamil Nadu",Nagapattinam,"Vedaranyam(Uzhavar Sandhai)",Ginger(Green),"Green Ginger",Local,26/07/2026,11000,11500,11250
"Tamil Nadu",Nagapattinam,"Vedaranyam(Uzhavar Sandhai)",Ridgeguard(Tori),Ridgeguard(Tori),Local,26/07/2026,4000,4400,4200
"Tamil Nadu",Nagapattinam,"Vedaranyam(Uzhavar Sandhai)",Drumstick,Drumstick,Local,26/07/2026,3200,3500,3350
"Tamil Nadu",Vellore,"Perampet(Uzhavar Sandhai)",Garlic,Garlic,Local,26/07/2026,22000,23000,22500
"Tamil Nadu",Vellore,"Perampet(Uzhavar Sandhai)",Groundnut,"Big (With Shell)",Local,26/07/2026,7500,8000,7750
"Tamil Nadu",Vellore,"Perampet(Uzhavar Sandhai)",Banana,Other,Local,26/07/2026,5000,5000,5000
"Tamil Nadu",Vellore,"Perampet(Uzhavar Sandhai)",Mango,Neelam,Local,26/07/2026,3500,4000,3750
"Tamil Nadu",Vellore,"Perampet(Uzhavar Sandhai)","Cluster beans","Cluster Beans",Local,26/07/2026,4000,4000,4000
"Tamil Nadu",Vellore,"Perampet(Uzhavar Sandhai)","Bottle gourd","Bottle Gourd",Local,26/07/2026,2400,2400,2400
"Tamil Nadu",Vellore,"Perampet(Uzhavar Sandhai)",Ashgourd,Gouard,Local,26/07/2026,2400,2400,2400
"Tamil Nadu",Vellore,"Perampet(Uzhavar Sandhai)",Drumstick,Drumstick,Local,26/07/2026,6000,6000,6000
"Tamil Nadu",Vellore,"Perampet(Uzhavar Sandhai)","Amla(Nelli Kai)",Amla,Local,26/07/2026,10000,10000,10000
"Tamil Nadu",Thanjavur,"Peravurani(Uzhavar Sandhai)",Potato,"Red Nanital",Local,26/07/2026,3000,3000,3000
"Tamil Nadu",Thanjavur,"Peravurani(Uzhavar Sandhai)",Amaranthus,Amaranthus,Local,26/07/2026,2500,2500,2500
"Tamil Nadu",Thanjavur,"Peravurani(Uzhavar Sandhai)",Coconut,Coconut,Local,26/07/2026,5000,5000,5000
"Tamil Nadu",Thanjavur,"Peravurani(Uzhavar Sandhai)",Snakeguard,Snakeguard,Local,26/07/2026,4000,4000,4000
"Tamil Nadu",Thanjavur,"Peravurani(Uzhavar Sandhai)",Ridgeguard(Tori),Ridgeguard(Tori),Local,26/07/2026,4500,4500,4500
"Tamil Nadu",Thanjavur,"Peravurani(Uzhavar Sandhai)","Onion Green","Onion Green",Local,26/07/2026,5000,5000,5000
"Andhra Pradesh","Alluri Sitharama Raju","Araku Valley APMC","Kidney Beans(Rajma)",Rajma,FAQ,26/07/2026,7000,7000,7000
Maharashtra,Pune,"Pune(Pimpri) APMC","Green Chilli",Other,Local,26/07/2026,4000,4500,4250
"Madhya Pradesh",Badwani,"Sendhwa(F&V) APMC",Pumpkin,Pumpkin,Large,26/07/2026,700,1300,900
"Tamil Nadu",Karur,"Kulithalai(Uzhavar Sandhai )",Onion,Bellary,Local,26/07/2026,3600,4000,3800
"Tamil Nadu",Karur,"Kulithalai(Uzhavar Sandhai )",Banana,Other,Local,26/07/2026,5500,6000,5750
"Tamil Nadu",Karur,"Kulithalai(Uzhavar Sandhai )",Coriander(Leaves),"I Sort",Local,26/07/2026,6300,6800,6550
"Tamil Nadu",Karur,"Kulithalai(Uzhavar Sandhai )",Amaranthus,Amaranthus,Local,26/07/2026,2000,3000,2500
"Tamil Nadu",Karur,"Kulithalai(Uzhavar Sandhai )","Green Chilli","Green Chilly",Local,26/07/2026,5000,5600,5300
"Tamil Nadu",Karur,"Kulithalai(Uzhavar Sandhai )",Coconut,Coconut,Local,26/07/2026,4500,5000,4750
"Tamil Nadu",Karur,"Kulithalai(Uzhavar Sandhai )",Snakeguard,Snakeguard,Local,26/07/2026,3600,4000,3800
"Tamil Nadu",Karur,"Kulithalai(Uzhavar Sandhai )",Raddish,Raddish,Local,26/07/2026,3600,4000,3800
"Tamil Nadu",Karur,"Kulithalai(Uzhavar Sandhai )","Chow Chow","Chow Chow",Local,26/07/2026,3600,4000,3800
"Tamil Nadu",Karur,"Kulithalai(Uzhavar Sandhai )",Drumstick,Drumstick,Local,26/07/2026,3500,4000,3750
"Tamil Nadu",Karur,"Pallapatti (Uzhavar Sandhai )","Green Avare(W)",Other,Local,26/07/2026,8000,10000,9000
"Tamil Nadu",Karur,"Pallapatti (Uzhavar Sandhai )",Lime,Lime,Local,26/07/2026,3500,4000,3750
"Andhra Pradesh",Srikakulam,"Etcherla APMC",Paddy(Common),1121,FAQ,26/07/2026,2369,2369,2369
"Tamil Nadu",Karur,"Velayuthampalayam(Uzhavar Sandhai )","Bhindi(Ladies Finger)",Bhindi,Local,26/07/2026,3200,4000,3600
"Tamil Nadu",Karur,"Velayuthampalayam(Uzhavar Sandhai )",Ginger(Green),"Green Ginger",Local,26/07/2026,20000,22000,21000
"Tamil Nadu",Karur,"Velayuthampalayam(Uzhavar Sandhai )",Snakeguard,Snakeguard,Local,26/07/2026,3800,4500,4150
"Tamil Nadu",Karur,"Velayuthampalayam(Uzhavar Sandhai )",Raddish,Raddish,Local,26/07/2026,3200,4000,3600
"Tamil Nadu",Karur,"Vengamedu(Uzhavar Sandhai )",Banana,"Red Banana",Local,26/07/2026,5000,6000,5500
"Tamil Nadu",Karur,"Vengamedu(Uzhavar Sandhai )","Green Chilli","Green Chilly",Local,26/07/2026,5000,6000,5500
"Tamil Nadu",Karur,"Vengamedu(Uzhavar Sandhai )",Coconut,Coconut,Local,26/07/2026,5000,5500,5250
"Tamil Nadu",Theni,"Devaram(Uzhavar Sandhai )",Brinjal,Round,Local,26/07/2026,4000,4000,4000
"Tamil Nadu",Theni,"Devaram(Uzhavar Sandhai )",Pumpkin,Pumpkin,Local,26/07/2026,1800,1800,1800
"Tamil Nadu",Theni,"Devaram(Uzhavar Sandhai )",Cabbage,Cabbage,Local,26/07/2026,4000,4000,4000
"Tamil Nadu",Theni,"Devaram(Uzhavar Sandhai )",Thondekai,Thondekai,Local,26/07/2026,5000,5000,5000
"Tamil Nadu",Theni,"Devaram(Uzhavar Sandhai )","Green Avare(W)","Green Avare (W)",Local,26/07/2026,7000,7000,7000
"Tamil Nadu",Theni,"Devaram(Uzhavar Sandhai )","Chow Chow","Chow Chow",Local,26/07/2026,2400,2400,2400
"Tamil Nadu",Theni,"Devaram(Uzhavar Sandhai )",Mint(Pudina),Mint(Pudina),Local,26/07/2026,5500,5500,5500
"Tamil Nadu",Salem,"Attayampatti(Uzhavar Sandhai )",Banana,"Red Banana",Local,26/07/2026,6000,7000,6500
"Tamil Nadu",Salem,"Attayampatti(Uzhavar Sandhai )",Chikoos(Sapota),Sapota,Local,26/07/2026,4000,4000,4000
"Tamil Nadu",Salem,"Attayampatti(Uzhavar Sandhai )","Bhindi(Ladies Finger)",Bhindi,Local,26/07/2026,3500,3500,3500
"Tamil Nadu",Salem,"Attayampatti(Uzhavar Sandhai )","Green Chilli","Green Chilly",Local,26/07/2026,4400,4800,4600
"Tamil Nadu",Salem,"Attayampatti(Uzhavar Sandhai )",Cucumbar(Kheera),Cucumbar,Local,26/07/2026,5000,6000,5500
"Tamil Nadu",Salem,"Attayampatti(Uzhavar Sandhai )",Guava,"Guava Allahabad",Local,26/07/2026,5000,6000,5500
"Tamil Nadu",Sivaganga,"Sivagangai (Uzhavar Sandhai )",Brinjal,Other,Local,26/07/2026,5200,5600,5400
"Tamil Nadu",Sivaganga,"Sivagangai (Uzhavar Sandhai )",Papaya,Papaya,Local,26/07/2026,4200,4600,4400
"Tamil Nadu",Sivaganga,"Sivagangai (Uzhavar Sandhai )",Tomato,Deshi,Local,26/07/2026,2200,2400,2300
"Tamil Nadu",Sivaganga,"Sivagangai (Uzhavar Sandhai )",Beans,"Beans (Whole)",Local,26/07/2026,8500,9500,9000
"Tamil Nadu",Sivaganga,"Sivagangai (Uzhavar Sandhai )",Carrot,Pusakesar,Local,26/07/2026,7200,10200,8700
"Tamil Nadu",Sivaganga,"Sivagangai (Uzhavar Sandhai )",Drumstick,Drumstick,Local,26/07/2026,4200,7200,5700
"Tamil Nadu",Sivaganga,"Sivagangai (Uzhavar Sandhai )","Knool Khol","Knool Khol",Local,26/07/2026,5600,6200,5900
"Tamil Nadu",Sivaganga,"Sivagangai (Uzhavar Sandhai )",Yam(Ratalu),"Yam (Ratalu)",Local,26/07/2026,7200,8200,7700
"Tamil Nadu",Sivaganga,"Sivagangai (Uzhavar Sandhai )","Indian Beans(Seam)","Indian Beans (Seam)",Local,26/07/2026,5600,5600,5600
"Tamil Nadu",Sivaganga,"Devakottai (Uzhavar Sandhai )",Coriander(Leaves),"I Sort",Local,26/07/2026,7000,7400,7200
"Tamil Nadu",Sivaganga,"Devakottai (Uzhavar Sandhai )",Papaya,Papaya,Local,26/07/2026,4000,4800,4400
"Tamil Nadu",Sivaganga,"Devakottai (Uzhavar Sandhai )",Ashgourd,Gouard,Local,26/07/2026,2200,2800,2500
"Tamil Nadu",Sivaganga,"Devakottai (Uzhavar Sandhai )",Snakeguard,Snakeguard,Local,26/07/2026,3200,3800,3500
"Tamil Nadu",Sivaganga,"Devakottai (Uzhavar Sandhai )","Elephant Yam(Suran)/Amorphophallus","Elephant Yam (Suran)",Local,26/07/2026,4400,4800,4600
"Tamil Nadu",Salem,"Edapadi (Uzhavar Sandhai )",Cauliflower,Ranchi,Local,26/07/2026,2800,3000,2900
"Tamil Nadu",Salem,"Edapadi (Uzhavar Sandhai )",Pumpkin,Pumpkin,Local,26/07/2026,2000,2400,2200
"Tamil Nadu",Salem,"Edapadi (Uzhavar Sandhai )",Beans,"Beans (Whole)",Local,26/07/2026,8500,9000,8750
"Tamil Nadu",Salem,"Edapadi (Uzhavar Sandhai )",Ginger(Green),"Green Ginger",Local,26/07/2026,18000,19000,18500
"Tamil Nadu",Salem,"Edapadi (Uzhavar Sandhai )",Cabbage,Cabbage,Local,26/07/2026,3500,4000,3750
"Tamil Nadu",Salem,"Edapadi (Uzhavar Sandhai )",Snakeguard,Snakeguard,Local,26/07/2026,3500,4000,3750
"Tamil Nadu",Salem,"Edapadi (Uzhavar Sandhai )",Ridgeguard(Tori),Ridgeguard(Tori),Local,26/07/2026,4500,5000,4750
"Tamil Nadu",Salem,"Edapadi (Uzhavar Sandhai )",Drumstick,Drumstick,Local,26/07/2026,5000,5500,5250
"Tamil Nadu",Salem,"Edapadi (Uzhavar Sandhai )",Guava,"Guava Allahabad",Local,26/07/2026,4500,5000,4750
"Tamil Nadu",Salem,"Edapadi (Uzhavar Sandhai )","Elephant Yam(Suran)/Amorphophallus","Elephant Yam (Suran)",Local,26/07/2026,3500,4000,3750
"Tamil Nadu",Salem,"Elampillai(Uzhavar Sandhai )",Cabbage,Cabbage,Local,26/07/2026,3500,4000,3750
"Tamil Nadu",Salem,"Elampillai(Uzhavar Sandhai )",Drumstick,Drumstick,Local,26/07/2026,5000,6000,5500
"Tamil Nadu",Salem,"Elampillai(Uzhavar Sandhai )",Guava,"Guava Allahabad",Local,26/07/2026,3000,4000,3500
"Tamil Nadu",Salem,"Elampillai(Uzhavar Sandhai )",Marigold(Calcutta),Marigold(Calcutta),Local,26/07/2026,25000,26000,25500
"Tamil Nadu",Salem,"Elampillai(Uzhavar Sandhai )",Lemon,Lemon,Local,26/07/2026,4000,5000,4500
"Tamil Nadu",Salem,"Hasthampatti(Uzhavar Sandhai )",Potato,Other,Local,26/07/2026,4500,5000,4750
"Tamil Nadu",Salem,"Hasthampatti(Uzhavar Sandhai )",Garlic,Garlic,Local,26/07/2026,17000,18000,17500
"Tamil Nadu",Salem,"Hasthampatti(Uzhavar Sandhai )",Banana,"Red Banana",Local,26/07/2026,7000,7500,7250
"Tamil Nadu",Salem,"Hasthampatti(Uzhavar Sandhai )",Mango,Neelam,Local,26/07/2026,4500,5000,4750
"Tamil Nadu",Salem,"Hasthampatti(Uzhavar Sandhai )",Brinjal,Round,Local,26/07/2026,4000,4500,4250
"Tamil Nadu",Salem,"Hasthampatti(Uzhavar Sandhai )",Papaya,Papaya,Local,26/07/2026,3000,3500,3250
"Tamil Nadu",Salem,"Hasthampatti(Uzhavar Sandhai )",Pumpkin,Pumpkin,Local,26/07/2026,2000,2400,2200
"Tamil Nadu",Salem,"Hasthampatti(Uzhavar Sandhai )",Tapioca,Tapioca,Local,26/07/2026,2500,3000,2750
"Tamil Nadu",Salem,"Hasthampatti(Uzhavar Sandhai )",Coconut,Coconut,Local,26/07/2026,5000,5500,5250
"Tamil Nadu",Salem,"Hasthampatti(Uzhavar Sandhai )",Cabbage,Cabbage,Local,26/07/2026,3500,4000,3750
"Tamil Nadu",Salem,"Hasthampatti(Uzhavar Sandhai )","Chow Chow","Chow Chow",Local,26/07/2026,3500,4000,3750
"Tamil Nadu",Salem,"Hasthampatti(Uzhavar Sandhai )","Knool Khol","Knool Khol",Local,26/07/2026,4500,5000,4750
"Tamil Nadu",Salem,"Hasthampatti(Uzhavar Sandhai )",Colacasia,Colacasia,Local,26/07/2026,4500,5000,4750
"Tamil Nadu",Salem,"Hasthampatti(Uzhavar Sandhai )",Pear(Marasebu),Pears,Local,26/07/2026,10000,11000,10500
"Tamil Nadu",Salem,"Hasthampatti(Uzhavar Sandhai )","Amla(Nelli Kai)",Amla,Local,26/07/2026,7000,7500,7250
"Tamil Nadu",Salem,"Hasthampatti(Uzhavar Sandhai )","Onion Green","Onion Green",Local,26/07/2026,4500,5000,4750
"Tamil Nadu",Salem,"Hasthampatti(Uzhavar Sandhai )","Sweet Corn ","Sweet Corn ",Local,26/07/2026,3000,3500,3250
"Tamil Nadu",Salem,"Jalagandapuram(Uzhavar Sandhai )",Groundnut,"Big (With Shell)",Local,26/07/2026,6000,6500,6250
"Tamil Nadu",Salem,"Jalagandapuram(Uzhavar Sandhai )",Brinjal,Round,Local,26/07/2026,4000,4600,4300
"Tamil Nadu",Salem,"Jalagandapuram(Uzhavar Sandhai )",Tapioca,Tapioca,Local,26/07/2026,2500,3000,2750
"Tamil Nadu",Salem,"Jalagandapuram(Uzhavar Sandhai )",Beetroot,Beetroot,Local,26/07/2026,5000,6000,5500
"Tamil Nadu",Salem,"Jalagandapuram(Uzhavar Sandhai )","Chow Chow","Chow Chow",Local,26/07/2026,3600,4000,3800
"Tamil Nadu",Salem,"Jalagandapuram(Uzhavar Sandhai )",Guava,"Guava Allahabad",Local,26/07/2026,5000,6000,5500
"Tamil Nadu",Salem,"Jalagandapuram(Uzhavar Sandhai )","Tender Coconut","Tender Coconut",Local,26/07/2026,3000,3500,3250
"Tamil Nadu",Salem,"Jalagandapuram(Uzhavar Sandhai )","Amla(Nelli Kai)",Amla,Local,26/07/2026,6000,7000,6500
"Tamil Nadu",Salem,"Jalagandapuram(Uzhavar Sandhai )",Mint(Pudina),Mint(Pudina),Local,26/07/2026,4000,4500,4250
"Tamil Nadu",Sivaganga,"Singampunari(Uzhavar Sandhai )",Papaya,Papaya,Local,26/07/2026,4200,4600,4400
"Tamil Nadu",Sivaganga,"Singampunari(Uzhavar Sandhai )",Tomato,Other,Local,26/07/2026,2200,2400,2300
"Tamil Nadu",Sivaganga,"Singampunari(Uzhavar Sandhai )",Beans,"Beans (Whole)",Local,26/07/2026,8400,9200,8800
"Tamil Nadu",Sivaganga,"Singampunari(Uzhavar Sandhai )",Lemon,Lemon,Local,26/07/2026,5000,6000,5500
"Tamil Nadu",Sivaganga,"Karaikudi(Uzhavar Sandhai )",Coriander(Leaves),"I Sort",Local,26/07/2026,6800,7400,7100
"Tamil Nadu",Sivaganga,"Karaikudi(Uzhavar Sandhai )","Cluster beans","Cluster Beans",Local,26/07/2026,3400,4000,3700
"Tamil Nadu",Sivaganga,"Karaikudi(Uzhavar Sandhai )",Beans,"Beans (Whole)",Local,26/07/2026,8500,9500,9000
"Tamil Nadu",Sivaganga,"Karaikudi(Uzhavar Sandhai )",Raddish,Raddish,Local,26/07/2026,3500,4000,3750
"Tamil Nadu",Sivaganga,"Karaikudi(Uzhavar Sandhai )",Capsicum,Capsicum,Local,26/07/2026,9500,10500,10000
"Tamil Nadu",Sivaganga,"Karaikudi(Uzhavar Sandhai )","Chow Chow","Chow Chow",Local,26/07/2026,2800,3500,3150
"Tamil Nadu",Sivaganga,"Karaikudi(Uzhavar Sandhai )",Mango(Raw-Ripe),"Mango - Raw-Ripe",Local,26/07/2026,3000,4000,3500
"Tamil Nadu",Sivaganga,"Karaikudi(Uzhavar Sandhai )",Yam(Ratalu),"Yam (Ratalu)",Local,26/07/2026,7500,8500,8000
"Tamil Nadu",Sivaganga,"Tirupatthur(Uzhavar Sandhai )",Potato,"Red Nanital",Local,26/07/2026,6000,6500,6250
"Tamil Nadu",Sivaganga,"Tirupatthur(Uzhavar Sandhai )",Chikoos(Sapota),Sapota,Local,26/07/2026,4400,6500,5450
"Tamil Nadu",Sivaganga,"Tirupatthur(Uzhavar Sandhai )","Bitter gourd",Other,Local,26/07/2026,6000,6500,6250
"Tamil Nadu",Sivaganga,"Tirupatthur(Uzhavar Sandhai )","Bottle gourd","Bottle Gourd",Local,26/07/2026,3200,3500,3350
"Tamil Nadu",Sivaganga,"Tirupatthur(Uzhavar Sandhai )",Amaranthus,Amaranthus,Local,26/07/2026,3500,4000,3750
"Tamil Nadu",Sivaganga,"Tirupatthur(Uzhavar Sandhai )",Beans,"Beans (Whole)",Local,26/07/2026,8400,9500,8950
"Tamil Nadu",Sivaganga,"Tirupatthur(Uzhavar Sandhai )",Carrot,Pusakesar,Local,26/07/2026,7400,10500,8950
"Tamil Nadu",Sivaganga,"Tirupatthur(Uzhavar Sandhai )",Ridgeguard(Tori),Ridgeguard(Tori),Local,26/07/2026,4000,4500,4250
"Tamil Nadu",Sivaganga,"Tirupatthur(Uzhavar Sandhai )",Raddish,Raddish,Local,26/07/2026,3500,4000,3750
"Tamil Nadu",Sivaganga,"Tirupatthur(Uzhavar Sandhai )",Drumstick,Drumstick,Local,26/07/2026,3800,4500,4150
"Tamil Nadu",Sivaganga,"Tirupatthur(Uzhavar Sandhai )",Mint(Pudina),Mint(Pudina),Local,26/07/2026,6000,6500,6250
"Tamil Nadu",Thanjavur,"Pattukottai(Uzhavar Sandhai )","Bitter gourd","Bitter Gourd",Local,26/07/2026,6000,6000,6000
"Tamil Nadu",Thanjavur,"Pattukottai(Uzhavar Sandhai )",Amaranthus,Amaranthus,Local,26/07/2026,2000,2000,2000
"Tamil Nadu",Thanjavur,"Pattukottai(Uzhavar Sandhai )",Beetroot,Beetroot,Local,26/07/2026,5800,5800,5800
"Tamil Nadu",Thanjavur,"Pattukottai(Uzhavar Sandhai )",Capsicum,Capsicum,Local,26/07/2026,6000,6000,6000
"Tamil Nadu",Thanjavur,"Pattukottai(Uzhavar Sandhai )",Mango(Raw-Ripe),"Mango - Raw-Ripe",Local,26/07/2026,2000,3000,2500
"Tamil Nadu",Thanjavur,"Pattukottai(Uzhavar Sandhai )",Lime,Lime,Local,26/07/2026,4000,4000,4000
"Tamil Nadu",Thanjavur,"Thanjavur(Uzhavar Sandhai )",Grapes,Annabesahai,Local,26/07/2026,12000,12000,12000
"Tamil Nadu",Thanjavur,"Thanjavur(Uzhavar Sandhai )",Mango,Other,Local,26/07/2026,7000,7000,7000
"Tamil Nadu",Thanjavur,"Thanjavur(Uzhavar Sandhai )",Chikoos(Sapota),Sapota,Local,26/07/2026,5000,5000,5000
"Tamil Nadu",Thanjavur,"Thanjavur(Uzhavar Sandhai )",Pumpkin,Pumpkin,Local,26/07/2026,2400,2400,2400
"Tamil Nadu",Thanjavur,"Thanjavur(Uzhavar Sandhai )",Ridgeguard(Tori),Ridgeguard(Tori),Local,26/07/2026,6000,6000,6000
"Tamil Nadu",Thanjavur,"Thanjavur(Uzhavar Sandhai )",Colacasia,Colacasia,Local,26/07/2026,5400,5400,5400
"Tamil Nadu",Thanjavur,"Thanjavur(Uzhavar Sandhai )",Mashrooms,Mashrooms,Local,26/07/2026,25000,25000,25000
"Tamil Nadu",Thanjavur,"Thanjavur(Uzhavar Sandhai )","Onion Green","Onion Green",Local,26/07/2026,6000,6000,6000
"Tamil Nadu",Thiruchirappalli,"KKNagar(Uzhavar Sandhai )",Onion,Bellary,Local,26/07/2026,3400,4400,3900
"Tamil Nadu",Thiruchirappalli,"KKNagar(Uzhavar Sandhai )",Potato,"Red Nanital",Local,26/07/2026,3000,3400,3200
"Tamil Nadu",Thiruchirappalli,"KKNagar(Uzhavar Sandhai )",Garlic,Garlic,Local,26/07/2026,32000,32000,32000
"Tamil Nadu",Thiruchirappalli,"KKNagar(Uzhavar Sandhai )",Orange,Darjeeling,Local,26/07/2026,17000,17000,17000
"Tamil Nadu",Thiruchirappalli,"KKNagar(Uzhavar Sandhai )",Coriander(Leaves),"I Sort",Local,26/07/2026,4500,4500,4500
"Tamil Nadu",Thiruchirappalli,"KKNagar(Uzhavar Sandhai )","Green Peas","Green Peas",Local,26/07/2026,19000,19000,19000
"Tamil Nadu",Thiruchirappalli,"KKNagar(Uzhavar Sandhai )","Bitter gourd",Other,Local,26/07/2026,7000,7000,7000
"Tamil Nadu",Thiruchirappalli,"KKNagar(Uzhavar Sandhai )","Bottle gourd","Bottle Gourd",Local,26/07/2026,3000,3000,3000
"Tamil Nadu",Thiruchirappalli,"KKNagar(Uzhavar Sandhai )","Bhindi(Ladies Finger)",Bhindi,Local,26/07/2026,3600,3600,3600
"Tamil Nadu",Thiruchirappalli,"KKNagar(Uzhavar Sandhai )",Ginger(Green),"Green Ginger",Local,26/07/2026,20000,20000,20000
"Tamil Nadu",Thiruchirappalli,"KKNagar(Uzhavar Sandhai )",Mango(Raw-Ripe),"Mango - Raw-Ripe",Local,26/07/2026,4000,4000,4000
"Tamil Nadu",Thiruchirappalli,"KKNagar(Uzhavar Sandhai )","Knool Khol","Knool Khol",Local,26/07/2026,5000,5000,5000
"Tamil Nadu",Thiruchirappalli,"KKNagar(Uzhavar Sandhai )",Lime,Lime,Local,26/07/2026,4000,5000,4500
"Tamil Nadu",Thiruchirappalli,"KKNagar(Uzhavar Sandhai )",Guava,"Guava Allahabad",Local,26/07/2026,8000,10000,9000
"Tamil Nadu",Thiruchirappalli,"KKNagar(Uzhavar Sandhai )","Tender Coconut","Tender Coconut",Local,26/07/2026,5000,5000,5000
"Tamil Nadu",Thiruchirappalli,"KKNagar(Uzhavar Sandhai )","Elephant Yam(Suran)/Amorphophallus","Elephant Yam (Suran)",Local,26/07/2026,5600,5600,5600
"Tamil Nadu",Thiruchirappalli,"KKNagar(Uzhavar Sandhai )",Yam(Ratalu),"Yam (Ratalu)",Local,26/07/2026,10000,10000,10000
"Tamil Nadu",Thiruchirappalli,"KKNagar(Uzhavar Sandhai )","Onion Green","Onion Green",Local,26/07/2026,7000,7000,7000
"Tamil Nadu",Thiruchirappalli,"Lalgudi(Uzhavar Sandhai )","Bhindi(Ladies Finger)",Bhindi,Local,26/07/2026,3600,3600,3600
"Tamil Nadu",Thiruchirappalli,"Lalgudi(Uzhavar Sandhai )",Cowpea(Veg),"Cowpea (Veg)",Local,26/07/2026,4600,4600,4600
"Tamil Nadu",Thiruchirappalli,"Lalgudi(Uzhavar Sandhai )",Beans,"Beans (Whole)",Local,26/07/2026,8000,8000,8000
"Tamil Nadu",Thiruchirappalli,"Lalgudi(Uzhavar Sandhai )",Raddish,Raddish,Local,26/07/2026,4000,4000,4000
"Tamil Nadu",Thiruchirappalli,"Lalgudi(Uzhavar Sandhai )","Chow Chow","Chow Chow",Local,26/07/2026,4400,4400,4400
"Tamil Nadu",Thiruchirappalli,"Lalgudi(Uzhavar Sandhai )",Lemon,Lemon,Local,26/07/2026,6000,6000,6000
"Tamil Nadu",Thiruchirappalli,"Manachanallur(Uzhavar Sandhai )",Onion,Bellary,Local,26/07/2026,3500,4000,3750
"Tamil Nadu",Thiruchirappalli,"Manachanallur(Uzhavar Sandhai )",Potato,Other,Local,26/07/2026,2500,3000,2750
"Tamil Nadu",Thiruchirappalli,"Manachanallur(Uzhavar Sandhai )",Cauliflower,Ranchi,Local,26/07/2026,4500,4500,4500
"Tamil Nadu",Thiruchirappalli,"Manachanallur(Uzhavar Sandhai )","Cluster beans","Cluster Beans",Local,26/07/2026,4000,4000,4000
"Tamil Nadu",Thiruchirappalli,"Manachanallur(Uzhavar Sandhai )","Bottle gourd","Bottle Gourd",Local,26/07/2026,2000,2500,2250
"Tamil Nadu",Thiruchirappalli,"Manachanallur(Uzhavar Sandhai )",Pumpkin,Pumpkin,Local,26/07/2026,2000,2000,2000
"Tamil Nadu",Thiruchirappalli,"Manachanallur(Uzhavar Sandhai )",Amaranthus,Amaranthus,Local,26/07/2026,1500,2000,1750
"Tamil Nadu",Thiruchirappalli,"Manachanallur(Uzhavar Sandhai )",Snakeguard,Snakeguard,Local,26/07/2026,4000,4000,4000
"Tamil Nadu",Thiruchirappalli,"Manachanallur(Uzhavar Sandhai )",Raddish,Raddish,Local,26/07/2026,3600,3600,3600
"Tamil Nadu",Thiruchirappalli,"Manachanallur(Uzhavar Sandhai )","Green Avare(W)",Other,Local,26/07/2026,5500,6500,6000
"Tamil Nadu",Thiruchirappalli,"Manachanallur(Uzhavar Sandhai )",Mint(Pudina),Mint(Pudina),Local,26/07/2026,6600,6600,6600
"Tamil Nadu",Thiruchirappalli,"Manapparai(Uzhavar Sandhai )",Grapes,Annabesahai,Local,26/07/2026,8000,8000,8000
"Tamil Nadu",Thiruchirappalli,"Manapparai(Uzhavar Sandhai )",Potato,Other,Local,26/07/2026,3000,3000,3000
"Tamil Nadu",Thiruchirappalli,"Manapparai(Uzhavar Sandhai )",Banana,Poovan,Local,26/07/2026,4000,5000,4500
"Tamil Nadu",Thiruchirappalli,"Manapparai(Uzhavar Sandhai )",Brinjal,Other,Local,26/07/2026,4000,4000,4000
"Tamil Nadu",Thiruchirappalli,"Manapparai(Uzhavar Sandhai )",Tomato,Other,Local,26/07/2026,2000,2000,2000
"Tamil Nadu",Thiruchirappalli,"Manapparai(Uzhavar Sandhai )","Bitter gourd",Other,Local,26/07/2026,6600,6600,6600
"Tamil Nadu",Thiruchirappalli,"Manapparai(Uzhavar Sandhai )",Pumpkin,Pumpkin,Local,26/07/2026,2000,2000,2000
"Tamil Nadu",Thiruchirappalli,"Manapparai(Uzhavar Sandhai )",Amaranthus,Amaranthus,Local,26/07/2026,2000,2000,2000
"Tamil Nadu",Thiruchirappalli,"Manapparai(Uzhavar Sandhai )",Snakeguard,Snakeguard,Local,26/07/2026,4600,4600,4600
"Tamil Nadu",Thiruchirappalli,"Musiri(Uzhavar Sandhai )",Coriander(Leaves),"I Sort",Local,26/07/2026,4000,4600,4300
"Tamil Nadu",Thiruchirappalli,"Musiri(Uzhavar Sandhai )","Bottle gourd","Bottle Gourd",Local,26/07/2026,2000,2500,2250
"Tamil Nadu",Thiruchirappalli,"Musiri(Uzhavar Sandhai )",Ashgourd,Gouard,Local,26/07/2026,2000,2500,2250
"Tamil Nadu",Thiruchirappalli,"Musiri(Uzhavar Sandhai )","Banana - Green","Banana - Green",Local,26/07/2026,2500,2500,2500
"Tamil Nadu",Thiruchirappalli,"Musiri(Uzhavar Sandhai )",Lime,Lime,Local,26/07/2026,4000,4000,4000
"Tamil Nadu",Thiruchirappalli,"Musiri(Uzhavar Sandhai )",Lemon,Lemon,Local,26/07/2026,4000,5000,4500
"Tamil Nadu",Thiruchirappalli,"Musiri(Uzhavar Sandhai )","Amla(Nelli Kai)",Amla,Local,26/07/2026,6000,7000,6500
"Tamil Nadu",Thiruchirappalli,"Thiruverumbur(Uzhavar Sandhai )",Onion,Bellary,Local,26/07/2026,3000,4200,3600
"Tamil Nadu",Thiruchirappalli,"Thiruverumbur(Uzhavar Sandhai )",Coriander(Leaves),"I Sort",Local,26/07/2026,4800,4800,4800
"Tamil Nadu",Thiruchirappalli,"Thiruverumbur(Uzhavar Sandhai )",Amaranthus,Amaranthus,Local,26/07/2026,2000,2000,2000
"Tamil Nadu",Thiruchirappalli,"Thiruverumbur(Uzhavar Sandhai )",Cowpea(Veg),"Cowpea (Veg)",Local,26/07/2026,4000,4000,4000
"Tamil Nadu",Thiruchirappalli,"Thiruverumbur(Uzhavar Sandhai )",Ginger(Green),"Green Ginger",Local,26/07/2026,20000,20000,20000
"Tamil Nadu",Thiruchirappalli,"Thiruverumbur(Uzhavar Sandhai )",Cabbage,Cabbage,Local,26/07/2026,4200,4200,4200
"Tamil Nadu",Virudhunagar,"Rajapalayam(Uzhavar Sandhai )","Cluster beans","Cluster Beans",Local,26/07/2026,2500,3000,2750
"Tamil Nadu",Virudhunagar,"Rajapalayam(Uzhavar Sandhai )",Ashgourd,Gouard,Local,26/07/2026,3500,4000,3750
"Tamil Nadu",Virudhunagar,"Rajapalayam(Uzhavar Sandhai )","Green Chilli","Green Chilly",Local,26/07/2026,5000,6000,5500
"Tamil Nadu",Virudhunagar,"Rajapalayam(Uzhavar Sandhai )",Beans,"Beans (Whole)",Local,26/07/2026,7000,8000,7500
"Tamil Nadu",Virudhunagar,"Rajapalayam(Uzhavar Sandhai )",Ginger(Green),"Green Ginger",Local,26/07/2026,18000,20000,19000
"Tamil Nadu",Virudhunagar,"Rajapalayam(Uzhavar Sandhai )",Ridgeguard(Tori),Ridgeguard(Tori),Local,26/07/2026,5000,6000,5500
"Tamil Nadu",Virudhunagar,"Rajapalayam(Uzhavar Sandhai )",Yam(Ratalu),"Yam (Ratalu)",Local,26/07/2026,8000,9000,8500
"Tamil Nadu",Virudhunagar,"Rajapalayam(Uzhavar Sandhai )","Onion Green","Onion Green",Local,26/07/2026,5000,6000,5500
"Tamil Nadu",Virudhunagar,"Sathur(Uzhavar Sandhai )",Onion,Bellary,Local,26/07/2026,3500,4000,3750
"Tamil Nadu",Virudhunagar,"Sathur(Uzhavar Sandhai )",Banana,Besrai,Local,26/07/2026,3500,4000,3750
"Tamil Nadu",Virudhunagar,"Sathur(Uzhavar Sandhai )","Bitter gourd","Bitter Gourd",Local,26/07/2026,5500,6000,5750
"Tamil Nadu",Virudhunagar,"Sathur(Uzhavar Sandhai )","Green Chilli","Green Chilly",Local,26/07/2026,5500,6000,5750
"Tamil Nadu",Virudhunagar,"Sathur(Uzhavar Sandhai )",Coconut,Coconut,Local,26/07/2026,5500,6000,5750
"Tamil Nadu",Virudhunagar,"Sathur(Uzhavar Sandhai )",Beetroot,Beetroot,Local,26/07/2026,4500,5000,4750
"Tamil Nadu",Virudhunagar,"Sathur(Uzhavar Sandhai )","Onion Green","Onion Green",Local,26/07/2026,6500,7000,6750
"Tamil Nadu",Virudhunagar,"Sivakasi(Uzhavar Sandhai )",Potato,"Red Nanital",Local,26/07/2026,2500,3000,2750
"Tamil Nadu",Virudhunagar,"Sivakasi(Uzhavar Sandhai )",Cauliflower,Ranchi,Local,26/07/2026,3500,4000,3750
"Tamil Nadu",Virudhunagar,"Sivakasi(Uzhavar Sandhai )",Drumstick,Drumstick,Local,26/07/2026,4000,5000,4500
"Tamil Nadu",Virudhunagar,"Sivakasi(Uzhavar Sandhai )",Guava,"Guava Allahabad",Local,26/07/2026,4000,5000,4500
"Tamil Nadu",Virudhunagar,"Sivakasi(Uzhavar Sandhai )","Elephant Yam(Suran)/Amorphophallus","Elephant Yam (Suran)",Local,26/07/2026,3500,4000,3750
"Tamil Nadu",Virudhunagar,"Sivakasi(Uzhavar Sandhai )",Lemon,Lemon,Local,26/07/2026,7000,8000,7500
"Tamil Nadu",Virudhunagar,"Sivakasi(Uzhavar Sandhai )","Onion Green","Onion Green",Local,26/07/2026,5000,6000,5500
"Tamil Nadu",Virudhunagar,"Thalavaipuram(Uzhavar Sandhai )",Cauliflower,Ranchi,Local,26/07/2026,2500,3000,2750
"Tamil Nadu",Virudhunagar,"Thalavaipuram(Uzhavar Sandhai )",Coriander(Leaves),"I Sort",Local,26/07/2026,5500,7000,6250
"Tamil Nadu",Virudhunagar,"Thalavaipuram(Uzhavar Sandhai )",Tomato,Deshi,Local,26/07/2026,1600,2000,1800
"Tamil Nadu",Virudhunagar,"Thalavaipuram(Uzhavar Sandhai )","Green Chilli","Green Chilly",Local,26/07/2026,5000,6000,5500
"Tamil Nadu",Virudhunagar,"Thalavaipuram(Uzhavar Sandhai )",Ginger(Green),"Green Ginger",Local,26/07/2026,16000,20000,18000
"Tamil Nadu",Virudhunagar,"Thalavaipuram(Uzhavar Sandhai )",Coconut,Coconut,Local,26/07/2026,4500,5500,5000
"Tamil Nadu",Virudhunagar,"Virudhunagar(Uzhavar Sandhai )",Onion,Bellary,Local,26/07/2026,3400,3500,3450
"Tamil Nadu",Virudhunagar,"Virudhunagar(Uzhavar Sandhai )",Cauliflower,Ranchi,Local,26/07/2026,3300,3400,3350
"Tamil Nadu",Virudhunagar,"Virudhunagar(Uzhavar Sandhai )",Tomato,Deshi,Local,26/07/2026,1800,1900,1850
"Tamil Nadu",Virudhunagar,"Virudhunagar(Uzhavar Sandhai )",Ashgourd,Gouard,Local,26/07/2026,2100,2200,2150
"Tamil Nadu",Virudhunagar,"Virudhunagar(Uzhavar Sandhai )","Onion Green","Onion Green",Local,26/07/2026,4900,5100,5000
"Tamil Nadu",Chengalpattu,"Madhuranthagam(Uzhavar Sandhai )",Banana,Poovan,Local,26/07/2026,3000,4000,3500
"Tamil Nadu",Chengalpattu,"Madhuranthagam(Uzhavar Sandhai )",Amaranthus,Amaranthus,Local,26/07/2026,3000,3000,3000
"Tamil Nadu",Chengalpattu,"Nanganallur(Uzhavar Sandhai )",Grapes,Annabesahai,Local,26/07/2026,11000,12000,11500
"Tamil Nadu",Chengalpattu,"Nanganallur(Uzhavar Sandhai )",Coriander(Leaves),"I Sort",Local,26/07/2026,6500,7000,6750
"Tamil Nadu",Chengalpattu,"Nanganallur(Uzhavar Sandhai )","Water Melon","Water Melon",Local,26/07/2026,2000,2500,2250
"Tamil Nadu",Chengalpattu,"Nanganallur(Uzhavar Sandhai )",Tomato,Deshi,Local,26/07/2026,1800,2000,1900
"Tamil Nadu",Chengalpattu,"Nanganallur(Uzhavar Sandhai )","Bitter gourd","Bitter Gourd",Local,26/07/2026,6500,7000,6750
"Tamil Nadu",Chengalpattu,"Nanganallur(Uzhavar Sandhai )",Ginger(Green),"Green Ginger",Local,26/07/2026,14000,15000,14500
"Tamil Nadu",Chengalpattu,"Nanganallur(Uzhavar Sandhai )",Cabbage,Cabbage,Local,26/07/2026,4500,5000,4750
"Tamil Nadu",Chengalpattu,"Nanganallur(Uzhavar Sandhai )",Capsicum,Capsicum,Local,26/07/2026,6500,7000,6750
"Tamil Nadu",Chengalpattu,"Nanganallur(Uzhavar Sandhai )","Green Avare(W)","Green Avare (W)",Local,26/07/2026,5500,6000,5750
"Tamil Nadu",Chengalpattu,"Nanganallur(Uzhavar Sandhai )","Karbuja(Musk Melon)",Karbhuja,Local,26/07/2026,4500,5000,4750
"Tamil Nadu",Chengalpattu,"Nanganallur(Uzhavar Sandhai )",Jasmine,Jasmine,Local,26/07/2026,37000,38000,37500
"Tamil Nadu",Chengalpattu,"Nanganallur(Uzhavar Sandhai )",Marigold(Calcutta),Marigold(Calcutta),Local,26/07/2026,35000,36000,35500
"Tamil Nadu",Chengalpattu,"Nanganallur(Uzhavar Sandhai )",Mint(Pudina),Mint(Pudina),Local,26/07/2026,4500,5000,4750
"Tamil Nadu",Chengalpattu,"Nanganallur(Uzhavar Sandhai )",Rose(Local),"Rose (Local)",Local,26/07/2026,16000,17000,16500
"Tamil Nadu",Chengalpattu,"Pallavaram(Uzhavar Sandhai )",Onion,Bellary,Local,26/07/2026,3500,4000,3750
"Tamil Nadu",Chengalpattu,"Pallavaram(Uzhavar Sandhai )",Brinjal,Round,Local,26/07/2026,4000,5000,4500
"Tamil Nadu",Chengalpattu,"Pallavaram(Uzhavar Sandhai )","Water Melon","Water Melon",Local,26/07/2026,2000,2500,2250
"Tamil Nadu",Chengalpattu,"Pallavaram(Uzhavar Sandhai )","Bitter gourd",Other,Local,26/07/2026,6000,7000,6500
"Tamil Nadu",Chengalpattu,"Pallavaram(Uzhavar Sandhai )",Amaranthus,Amaranthus,Local,26/07/2026,2500,3000,2750
"Tamil Nadu",Chengalpattu,"Pallavaram(Uzhavar Sandhai )",Cowpea(Veg),"Cowpea (Veg)",Local,26/07/2026,6000,7000,6500
"Tamil Nadu",Chengalpattu,"Pallavaram(Uzhavar Sandhai )",Capsicum,Capsicum,Local,26/07/2026,6000,7000,6500
"Tamil Nadu",Chengalpattu,"Pallavaram(Uzhavar Sandhai )",Drumstick,Drumstick,Local,26/07/2026,6000,7000,6500
"Tamil Nadu",Chengalpattu,"Pallavaram(Uzhavar Sandhai )",Mango(Raw-Ripe),"Mango - Raw-Ripe",Local,26/07/2026,4000,5000,4500
"Tamil Nadu",Chengalpattu,"Pallavaram(Uzhavar Sandhai )",Mint(Pudina),Mint(Pudina),Local,26/07/2026,4000,5000,4500
"Tamil Nadu","Nagercoil (Kannyiakumari)","Myladi(Uzhavar Sandhai )","Bhindi(Ladies Finger)",Bhindi,Local,26/07/2026,4500,5000,4750
"Tamil Nadu","Nagercoil (Kannyiakumari)","Myladi(Uzhavar Sandhai )",Beans,"Beans (Whole)",Local,26/07/2026,8500,9000,8750
"Tamil Nadu","Nagercoil (Kannyiakumari)","Myladi(Uzhavar Sandhai )",Carrot,Pusakesar,Local,26/07/2026,8500,9000,8750
"Tamil Nadu","Nagercoil (Kannyiakumari)","Myladi(Uzhavar Sandhai )",Mango(Raw-Ripe),"Mango - Raw-Ripe",Local,26/07/2026,4000,4500,4250
"Tamil Nadu","Nagercoil (Kannyiakumari)","Myladi(Uzhavar Sandhai )","Elephant Yam(Suran)/Amorphophallus","Elephant Yam (Suran)",Local,26/07/2026,4500,5000,4750
"Tamil Nadu","Nagercoil (Kannyiakumari)","Myladi(Uzhavar Sandhai )",Mint(Pudina),Mint(Pudina),Local,26/07/2026,8500,9000,8750
"Tamil Nadu",Chengalpattu,"Jameenrayapettai(Uzhavar Sandhai )",Potato,Other,Local,26/07/2026,2500,3000,2750
"Tamil Nadu",Chengalpattu,"Jameenrayapettai(Uzhavar Sandhai )",Apple,American,Local,26/07/2026,24000,25000,24500
"Tamil Nadu",Chengalpattu,"Jameenrayapettai(Uzhavar Sandhai )",Brinjal,Round,Local,26/07/2026,3500,4000,3750
"Tamil Nadu",Chengalpattu,"Jameenrayapettai(Uzhavar Sandhai )",Coriander(Leaves),"I Sort",Local,26/07/2026,7000,8000,7500
"Tamil Nadu",Chengalpattu,"Jameenrayapettai(Uzhavar Sandhai )","Bottle gourd","Bottle Gourd",Local,26/07/2026,3500,4000,3750
"Tamil Nadu",Chengalpattu,"Jameenrayapettai(Uzhavar Sandhai )",Pumpkin,Pumpkin,Local,26/07/2026,2500,3000,2750
"Tamil Nadu",Chengalpattu,"Jameenrayapettai(Uzhavar Sandhai )",Capsicum,Capsicum,Local,26/07/2026,8000,9000,8500
"Tamil Nadu",Chengalpattu,"Jameenrayapettai(Uzhavar Sandhai )",Yam(Ratalu),"Yam (Ratalu)",Local,26/07/2026,6000,7000,6500
"Tamil Nadu",Chengalpattu,"Jameenrayapettai(Uzhavar Sandhai )",Colacasia,Colacasia,Local,26/07/2026,4000,5000,4500
"Tamil Nadu",Chengalpattu,"Guduvancheri(Uzhavar Sandhai )",Orange,Darjeeling,Local,26/07/2026,12000,13000,12500
"Tamil Nadu",Chengalpattu,"Guduvancheri(Uzhavar Sandhai )",Brinjal,Round,Local,26/07/2026,3500,4000,3750
"Tamil Nadu",Chengalpattu,"Guduvancheri(Uzhavar Sandhai )",Papaya,Papaya,Local,26/07/2026,4000,5000,4500
"Tamil Nadu",Chengalpattu,"Guduvancheri(Uzhavar Sandhai )","Bitter gourd",Other,Local,26/07/2026,6000,7000,6500
"Tamil Nadu",Chengalpattu,"Guduvancheri(Uzhavar Sandhai )",Ashgourd,Gouard,Local,26/07/2026,2000,2500,2250
"Tamil Nadu",Chengalpattu,"Guduvancheri(Uzhavar Sandhai )","Green Chilli","Green Chilly",Local,26/07/2026,5000,6000,5500
"Tamil Nadu",Chengalpattu,"Guduvancheri(Uzhavar Sandhai )",Cabbage,Cabbage,Local,26/07/2026,3000,3500,3250
"Tamil Nadu",Chengalpattu,"Guduvancheri(Uzhavar Sandhai )",Snakeguard,Snakeguard,Local,26/07/2026,4000,5000,4500
"Tamil Nadu",Chengalpattu,"Guduvancheri(Uzhavar Sandhai )",Guava,"Guava Allahabad",Local,26/07/2026,5000,6000,5500
"Tamil Nadu",Chengalpattu,"Guduvancheri(Uzhavar Sandhai )",Pomegranate,Pomogranate,Local,26/07/2026,20000,22000,21000
"Tamil Nadu",Chengalpattu,"Guduvancheri(Uzhavar Sandhai )","Sweet Corn ","Sweet Corn ",Local,26/07/2026,4000,5000,4500
"Tamil Nadu",Thirupur,"Dharapuram(Uzhavar Sandhai )",Onion,Bellary,Local,26/07/2026,3500,4000,3750
"Tamil Nadu",Thirupur,"Dharapuram(Uzhavar Sandhai )",Mango,Safeda,Local,26/07/2026,5500,6000,5750
"Tamil Nadu",Thirupur,"Dharapuram(Uzhavar Sandhai )",Tomato,Local,Local,26/07/2026,1000,1500,1250
"Tamil Nadu",Thirupur,"Dharapuram(Uzhavar Sandhai )","Cluster beans","Cluster Beans",Local,26/07/2026,4000,4500,4250
"Tamil Nadu",Thirupur,"Dharapuram(Uzhavar Sandhai )",Lemon,Lemon,Local,26/07/2026,7500,8000,7750
"Tamil Nadu",Thirupur,"Palladam(Uzhavar Sandhai )",Banana,Karpura,Local,26/07/2026,3000,4000,3500
"Tamil Nadu",Thirupur,"Palladam(Uzhavar Sandhai )",Cauliflower,Ranchi,Local,26/07/2026,3000,3500,3250
"Tamil Nadu",Thirupur,"Palladam(Uzhavar Sandhai )",Brinjal,Other,Local,26/07/2026,3500,4000,3750
"Tamil Nadu",Thirupur,"Palladam(Uzhavar Sandhai )","Bottle gourd","Bottle Gourd",Local,26/07/2026,1500,2000,1750
"Tamil Nadu",Thirupur,"Palladam(Uzhavar Sandhai )",Cowpea(Veg),"Cowpea (Veg)",Local,26/07/2026,3500,4000,3750
"Tamil Nadu",Thirupur,"Palladam(Uzhavar Sandhai )",Beans,"Beans (Whole)",Local,26/07/2026,8500,9000,8750
"Tamil Nadu",Thirupur,"Palladam(Uzhavar Sandhai )",Beetroot,Beetroot,Local,26/07/2026,3500,4000,3750
"Tamil Nadu",Thirupur,"Palladam(Uzhavar Sandhai )",Ridgeguard(Tori),Ridgeguard(Tori),Local,26/07/2026,4000,5000,4500
"Tamil Nadu",Thirupur,"Palladam(Uzhavar Sandhai )","Green Avare(W)",Other,Local,26/07/2026,6000,7000,6500
Telangana,"Ranga Reddy","Saroornagar,RBZ",Carrot,Other,Medium,26/07/2026,4100,4100,4100
Telangana,"Ranga Reddy","Saroornagar,RBZ","Bhindi(Ladies Finger)",Other,Medium,26/07/2026,4000,4000,4000
Telangana,"Ranga Reddy","Saroornagar,RBZ",Cauliflower,Cauliflower,Medium,26/07/2026,1800,1800,1800
Telangana,"Ranga Reddy","Saroornagar,RBZ",Yam(Ratalu),"Yam (Ratalu)",Medium,26/07/2026,4500,4500,4500
Telangana,"Ranga Reddy","Saroornagar,RBZ",Snakeguard,Snakeguard,Medium,26/07/2026,2300,2300,2300
"Uttar Pradesh",Ghaziabad,"Hapur APMC",Firewood,Firewood,FAQ,26/07/2026,500,505,502.07
"Uttar Pradesh",Sitapur,"Hargaon (Laharpur) APMC",Gur(Jaggery),Other,FAQ,26/07/2026,3700,3700,3700
"Uttar Pradesh","Jalaun (Orai)","Konch APMC","Bottle gourd","Bottle Gourd",FAQ,26/07/2026,850,1000,900
"Uttar Pradesh",Lalitpur,"Mehrauni APMC","Green Gram(Moong)(Whole)",Other,FAQ,26/07/2026,8768,8768,8768
"Uttar Pradesh",Mathura,"Mathura APMC",Mahua,Other,FAQ,26/07/2026,8000,8000,8000
"Uttar Pradesh",Mathura,"Mathura APMC","Green Chilli",Other,FAQ,26/07/2026,1600,3000,2000
"Tamil Nadu",Kallakuruchi,"Kallakurichi(Uzhavar Sandhai )",Potato,"Red Nanital",Local,26/07/2026,3500,3500,3500
"Tamil Nadu",Kallakuruchi,"Kallakurichi(Uzhavar Sandhai )",Cauliflower,Ranchi,Local,26/07/2026,3000,3000,3000
"Tamil Nadu",Kallakuruchi,"Kallakurichi(Uzhavar Sandhai )",Coriander(Leaves),"I Sort",Local,26/07/2026,6000,6000,6000
"Tamil Nadu",Kallakuruchi,"Kallakurichi(Uzhavar Sandhai )",Ashgourd,Gouard,Local,26/07/2026,3000,3000,3000
"Tamil Nadu",Kallakuruchi,"Kallakurichi(Uzhavar Sandhai )","Bhindi(Ladies Finger)",Bhindi,Local,26/07/2026,4000,4000,4000
"Tamil Nadu",Kallakuruchi,"Kallakurichi(Uzhavar Sandhai )",Mango(Raw-Ripe),"Mango - Raw-Ripe",Local,26/07/2026,2000,2000,2000
"Tamil Nadu",Kallakuruchi,"Kallakurichi(Uzhavar Sandhai )",Guava,"Guava Allahabad",Local,26/07/2026,5000,5000,5000
"Tamil Nadu",Kallakuruchi,"Kallakurichi(Uzhavar Sandhai )","Tender Coconut","Tender Coconut",Local,26/07/2026,3000,3000,3000
"Tamil Nadu",Kallakuruchi,"Kallakurichi(Uzhavar Sandhai )",Marigold(Calcutta),Marigold(Calcutta),Local,26/07/2026,35000,35000,35000
"Tamil Nadu",Kallakuruchi,"Kallakurichi(Uzhavar Sandhai )","Elephant Yam(Suran)/Amorphophallus","Elephant Yam (Suran)",Local,26/07/2026,4000,4000,4000
"Tamil Nadu",Kallakuruchi,"Kallakurichi(Uzhavar Sandhai )","Amla(Nelli Kai)",Amla,Local,26/07/2026,7000,7000,7000
"Tamil Nadu",Kallakuruchi,"Kallakurichi(Uzhavar Sandhai )","Onion Green","Onion Green",Local,26/07/2026,6000,6000,6000
"Tamil Nadu",Kallakuruchi,"Kallakurichi(Uzhavar Sandhai )",Mint(Pudina),Mint(Pudina),Local,26/07/2026,3000,3000,3000
"Uttar Pradesh",Farukhabad,"Mohamadabad APMC",Maize,Other,FAQ,26/07/2026,2050,2050,2050
"Uttar Pradesh",Farukhabad,"Mohamadabad APMC",Potato,Other,FAQ,26/07/2026,600,600,600
"Tamil Nadu",Thirupathur,"Natrampalli(Uzhavar Sandhai )",Mango,Safeda,Local,26/07/2026,2000,3000,2500
"Tamil Nadu",Thirupathur,"Natrampalli(Uzhavar Sandhai )","Bitter gourd","Bitter Gourd",Local,26/07/2026,4000,5000,4500
"Tamil Nadu",Thirupathur,"Natrampalli(Uzhavar Sandhai )",Coconut,Coconut,Local,26/07/2026,2500,3000,2750
"Tamil Nadu",Thirupathur,"Natrampalli(Uzhavar Sandhai )",Mint(Pudina),Mint(Pudina),Local,26/07/2026,4000,5000,4500
Punjab,Jalandhar,"Phillaur APMC",Coriander(Leaves),Other,FAQ,26/07/2026,2151,2151,2151
"Uttar Pradesh",Muzaffarnagar,"Muzzafarnagar APMC",Potato,Other,FAQ,26/07/2026,700,700,700
Telangana,Nagarkurnool,"Kalwakurthy APMC","Bitter gourd","Bitter Gourd",Local,26/07/2026,2250,2250,2250
Telangana,Nagarkurnool,"Kalwakurthy APMC","Green Chilli","Green Chilly",Local,26/07/2026,3150,3150,3150
"Andhra Pradesh",Anakapally,"Payakaraopeta APMC","Green Gram(Moong)(Whole)",Local,Local,26/07/2026,8748,8768,8758
"Andhra Pradesh",Anakapally,"Payakaraopeta APMC",Paddy(Common),1001,Local,26/07/2026,2349,2369,2359
"Andhra Pradesh",Anakapally,"Payakaraopeta APMC",Cashewnuts,Local(Raw),Local,26/07/2026,11500,12500,12000
"Uttar Pradesh",Pratapgarh,"Pratapgarh APMC",Potato,Other,FAQ,26/07/2026,600,600,600
"Tamil Nadu",Salem,"Athur(Uzhavar Sandhai )",Groundnut,"Big (With Shell)",Local,26/07/2026,6000,7000,6500
"Tamil Nadu",Salem,"Athur(Uzhavar Sandhai )",Mango,Safeda,Local,26/07/2026,4000,5000,4500
"Tamil Nadu",Salem,"Athur(Uzhavar Sandhai )",Papaya,Papaya,Local,26/07/2026,2500,3000,2750
"Tamil Nadu",Salem,"Athur(Uzhavar Sandhai )","Cluster beans","Cluster Beans",Local,26/07/2026,3500,4000,3750
"Tamil Nadu",Salem,"Athur(Uzhavar Sandhai )","Bottle gourd","Bottle Gourd",Local,26/07/2026,2000,2200,2100
"Tamil Nadu",Salem,"Athur(Uzhavar Sandhai )",Pumpkin,Pumpkin,Local,26/07/2026,2200,2600,2400
"Tamil Nadu",Salem,"Athur(Uzhavar Sandhai )","Bhindi(Ladies Finger)",Bhindi,Local,26/07/2026,3000,3500,3250
"Tamil Nadu",Salem,"Athur(Uzhavar Sandhai )",Beans,"Beans (Whole)",Local,26/07/2026,5000,6000,5500
"Tamil Nadu",Salem,"Athur(Uzhavar Sandhai )",Cabbage,Cabbage,Local,26/07/2026,3500,4000,3750
"Tamil Nadu",Salem,"Athur(Uzhavar Sandhai )","Green Avare(W)","Green Avare (W)",Local,26/07/2026,7000,7500,7250
"Tamil Nadu",Salem,"Athur(Uzhavar Sandhai )",Drumstick,Drumstick,Local,26/07/2026,5000,6000,5500
"Tamil Nadu",Salem,"Athur(Uzhavar Sandhai )",Guava,"Guava Allahabad",Local,26/07/2026,5000,6000,5500
"Tamil Nadu",Salem,"Athur(Uzhavar Sandhai )",Marigold(Calcutta),Marigold(Calcutta),Local,26/07/2026,28000,30000,29000
"Tamil Nadu",Salem,"Athur(Uzhavar Sandhai )","Custard Apple(Sharifa)","Custard Apple(Sharifa)",Local,26/07/2026,3500,4000,3750
"Tamil Nadu",Salem,"Athur(Uzhavar Sandhai )",Rose(Local),"Rose (Local)",Local,26/07/2026,16000,18000,17000
"Tamil Nadu",Theni,"Periyakulam(Uzhavar Sandhai )","Bottle gourd","Bottle Gourd",Local,26/07/2026,1600,1800,1700
"Tamil Nadu",Theni,"Periyakulam(Uzhavar Sandhai )",Amaranthus,Amaranthus,Local,26/07/2026,2000,2500,2250
"Tamil Nadu",Theni,"Periyakulam(Uzhavar Sandhai )",Ginger(Green),"Green Ginger",Local,26/07/2026,9000,17000,13000
"Tamil Nadu",Theni,"Periyakulam(Uzhavar Sandhai )",Carrot,Pusakesar,Local,26/07/2026,8000,8400,8200
"Tamil Nadu",Theni,"Periyakulam(Uzhavar Sandhai )",Snakeguard,Snakeguard,Local,26/07/2026,3500,4000,3750
"Tamil Nadu",Theni,"Periyakulam(Uzhavar Sandhai )","Chow Chow","Chow Chow",Local,26/07/2026,2600,2800,2700
"Tamil Nadu",Theni,"Periyakulam(Uzhavar Sandhai )",Mango(Raw-Ripe),"Mango - Raw-Ripe",Local,26/07/2026,3000,3500,3250
"Tamil Nadu",Theni,"Periyakulam(Uzhavar Sandhai )","Onion Green","Onion Green",Local,26/07/2026,5500,6000,5750
"Tamil Nadu",Theni,"Periyakulam(Uzhavar Sandhai )",Mint(Pudina),Mint(Pudina),Local,26/07/2026,5500,5500,5500
"Tamil Nadu",Virudhunagar,"Srivilliputhur(Uzhavar Sandhai )",Cauliflower,Ranchi,Local,26/07/2026,2500,3000,2750
"Tamil Nadu",Virudhunagar,"Srivilliputhur(Uzhavar Sandhai )",Brinjal,Round,Local,26/07/2026,3500,4000,3750
"Tamil Nadu",Virudhunagar,"Srivilliputhur(Uzhavar Sandhai )",Tomato,Deshi,Local,26/07/2026,1700,2000,1850
"Tamil Nadu",Virudhunagar,"Srivilliputhur(Uzhavar Sandhai )","Cluster beans","Cluster Beans",Local,26/07/2026,2500,3000,2750
"Tamil Nadu",Virudhunagar,"Srivilliputhur(Uzhavar Sandhai )",Ashgourd,Gouard,Local,26/07/2026,2500,3000,2750
"Tamil Nadu",Virudhunagar,"Srivilliputhur(Uzhavar Sandhai )","Bhindi(Ladies Finger)",Bhindi,Local,26/07/2026,2500,3000,2750
"Tamil Nadu",Virudhunagar,"Srivilliputhur(Uzhavar Sandhai )",Amaranthus,Amaranthus,Local,26/07/2026,2500,3000,2750
"Tamil Nadu",Virudhunagar,"Srivilliputhur(Uzhavar Sandhai )",Beetroot,Beetroot,Local,26/07/2026,4500,5000,4750
"Tamil Nadu",Virudhunagar,"Srivilliputhur(Uzhavar Sandhai )",Ridgeguard(Tori),Ridgeguard(Tori),Local,26/07/2026,4500,5000,4750
"Tamil Nadu",Virudhunagar,"Srivilliputhur(Uzhavar Sandhai )","Green Avare(W)","Green Avare (W)",Local,26/07/2026,6000,7000,6500
"Tamil Nadu",Virudhunagar,"Srivilliputhur(Uzhavar Sandhai )","Tender Coconut","Tender Coconut",Local,26/07/2026,2000,2500,2250
"Tamil Nadu",Virudhunagar,"Srivilliputhur(Uzhavar Sandhai )",Yam(Ratalu),"Yam (Ratalu)",Local,26/07/2026,9000,10000,9500
"Uttar Pradesh",Prayagraj,"Prayagraj APMC",Paddy(Common),"Paddy fine",FAQ,26/07/2026,2250,2400,2329.99
"Uttar Pradesh",Rampur,"Rampur APMC",Firewood,Firewood,FAQ,26/07/2026,400,450,411.86
"Uttar Pradesh",Shamli,"Shamli APMC",Lemon,Other,FAQ,26/07/2026,5000,5000,5000
"Uttar Pradesh",Bulandshahar,"Sikarpur APMC",Paddy(Common),Basmati,FAQ,26/07/2026,3001,3001,3001
Punjab,Sangrur,"Ahmedgarh APMC","Squash(Chappal Kadoo)",Other,Local,26/07/2026,1600,1800,1800
Punjab,Sangrur,"Ahmedgarh APMC",Banana,Other,Medium,26/07/2026,4000,4200,4200
"West Bengal","North 24 Parganas","Habra APMC","Masur Dal","Masur Dal",FAQ,26/07/2026,11000,11000,11000
Punjab,Amritsar,"Chogawan APMC","Bitter gourd","Bitter Gourd","Grade A",26/07/2026,1350,1350,1350
Punjab,Tarntaran,"Naushera Pannuan APMC",Cabbage,Cabbage,Local,26/07/2026,1400,1400,1400
"Tamil Nadu",Coimbatore,"Vadavalli(Uzhavar Sandhai )",Orange,Darjeeling,Local,26/07/2026,13000,14000,13500
"Tamil Nadu",Coimbatore,"Vadavalli(Uzhavar Sandhai )",Cauliflower,Ranchi,Local,26/07/2026,4200,4800,4500
"Tamil Nadu",Coimbatore,"Vadavalli(Uzhavar Sandhai )",Brinjal,Other,Local,26/07/2026,4800,6200,5500
"Tamil Nadu",Coimbatore,"Vadavalli(Uzhavar Sandhai )",Coriander(Leaves),"I Sort",Local,26/07/2026,5800,6500,6150
"Tamil Nadu",Coimbatore,"Vadavalli(Uzhavar Sandhai )",Ginger(Green),"Green Ginger",Local,26/07/2026,12000,16000,14000
"Tamil Nadu",Coimbatore,"Vadavalli(Uzhavar Sandhai )",Coconut,Coconut,Local,26/07/2026,4800,5500,5150
"Tamil Nadu",Coimbatore,"Vadavalli(Uzhavar Sandhai )","Sweet Potato","Hosur Red",Local,26/07/2026,3500,4000,3750
"Tamil Nadu",Coimbatore,"Vadavalli(Uzhavar Sandhai )",Cucumbar(Kheera),Cucumbar,Local,26/07/2026,3800,4200,4000
"Tamil Nadu",Coimbatore,"Vadavalli(Uzhavar Sandhai )","Chow Chow","Chow Chow",Local,26/07/2026,3200,3800,3500
"Tamil Nadu",Coimbatore,"Vadavalli(Uzhavar Sandhai )",Mint(Pudina),Mint(Pudina),Local,26/07/2026,5500,6000,5750
Tripura,Gomati,"Nutanbazar APMC",Rice,Fine,FAQ,26/07/2026,3850,4000,3950
Tripura,Gomati,"Nutanbazar APMC",Brinjal,Brinjal,FAQ,26/07/2026,7850,8000,7950
Tripura,Gomati,"Nutanbazar APMC","Pointed gourd(Parval)","Pointed gourd (Parval)",FAQ,26/07/2026,7850,8000,7950
"West Bengal",Darjeeling,"Karsiyang(Matigara) APMC",Carrot,Other,FAQ,26/07/2026,3200,3400,3300
"West Bengal",Darjeeling,"Karsiyang(Matigara) APMC",Tomato,Other,FAQ,26/07/2026,3600,3800,3700
"West Bengal",Darjeeling,"Darjeeling APMC",Potato,Red,FAQ,26/07/2026,1400,1600,1500
"West Bengal",Darjeeling,"Darjeeling APMC","Squash(Chappal Kadoo)",Other,FAQ,26/07/2026,2600,2800,2700
"Tamil Nadu",Dindigul,"Vedasanthur(Uzhavar Sandhai )",Raddish,Raddish,Local,26/07/2026,3000,3600,3300
Tripura,"South Tripura","Barpathari APMC","Spiny Gourd / Kartali(Kantola)
","Kartali (Kantola)",Local,26/07/2026,4900,5100,5000
Tripura,"South Tripura","Barpathari APMC",Cucumbar(Kheera),Cucumbar,Local,26/07/2026,4900,5100,5000
Tripura,"South Tripura","Barpathari APMC","Pointed gourd(Parval)","Pointed gourd (Parval)",Local,26/07/2026,5900,6100,6000
"Tamil Nadu",Coimbatore,"Udumalpet APMC","Bitter gourd","Bitter Gourd",Local,26/07/2026,5500,6500,6000
"Tamil Nadu",Coimbatore,"Udumalpet APMC","Bottle gourd","Bottle Gourd",Local,26/07/2026,1800,2200,2000
"Tamil Nadu",Coimbatore,"Udumalpet APMC",Pumpkin,Pumpkin,Local,26/07/2026,1500,2200,1850
"Tamil Nadu",Coimbatore,"Udumalpet APMC",Amaranthus,Amaranthus,Local,26/07/2026,2500,3000,2750
"Tamil Nadu",Coimbatore,"Udumalpet APMC",Carrot,Pusakesar,Local,26/07/2026,9000,10500,9750
"Tamil Nadu",Coimbatore,"Udumalpet APMC",Snakeguard,Snakeguard,Local,26/07/2026,3000,3400,3200
"Tamil Nadu",Coimbatore,"Udumalpet APMC","Sweet Corn ","Sweet Corn ",Local,26/07/2026,4000,4500,4250
"Himachal Pradesh",Kullu,"SMY Chauri Bihal","Peas Wet",Other,"Grade Range-1",26/07/2026,3000,6000,5000
"Himachal Pradesh",Kullu,"SMY Patli Kulh",Pear(Marasebu),Other,"Grade Range-1",26/07/2026,1000,14000,9000
"West Bengal",Darjeeling,"Siliguri APMC",Banana,"Banana - Ripe","Grade A",26/07/2026,2100,2300,2200
Punjab,Tarntaran,"Bhikhiwind APMC",Ridgeguard(Tori),Ridgeguard(Tori),Local,26/07/2026,800,800,800
"Tamil Nadu",Erode,"Gobichettipalayam(Uzhavar Sandhai )",Cauliflower,Ranchi,Local,26/07/2026,4000,4500,4250
"Tamil Nadu",Erode,"Gobichettipalayam(Uzhavar Sandhai )","Cluster beans","Cluster Beans",Local,26/07/2026,3800,4000,3900
"Tamil Nadu",Erode,"Gobichettipalayam(Uzhavar Sandhai )",Pumpkin,Pumpkin,Local,26/07/2026,2500,3000,2750
"Tamil Nadu",Erode,"Gobichettipalayam(Uzhavar Sandhai )",Carrot,Pusakesar,Local,26/07/2026,9600,9800,9700
"Tamil Nadu",Erode,"Gobichettipalayam(Uzhavar Sandhai )",Ridgeguard(Tori),Ridgeguard(Tori),Local,26/07/2026,5000,5200,5100
"Tamil Nadu",Erode,"Gobichettipalayam(Uzhavar Sandhai )","Chow Chow","Chow Chow",Local,26/07/2026,3500,4000,3750
"Tamil Nadu",Erode,"Gobichettipalayam(Uzhavar Sandhai )","Tender Coconut","Tender Coconut",Local,26/07/2026,2500,3000,2750
"Tamil Nadu",Erode,"Sampath Nagar(Uzhavar Sandhai )",Onion,Bellary,Local,26/07/2026,4000,4200,4100
"Tamil Nadu",Erode,"Sampath Nagar(Uzhavar Sandhai )",Banana,Besrai,Local,26/07/2026,2200,2600,2400
"Tamil Nadu",Erode,"Sampath Nagar(Uzhavar Sandhai )",Mango,Safeda,Local,26/07/2026,3500,8000,5750
"Tamil Nadu",Erode,"Sampath Nagar(Uzhavar Sandhai )","Green Peas","Green Peas",Local,26/07/2026,22000,23000,22500
"Tamil Nadu",Erode,"Sampath Nagar(Uzhavar Sandhai )",Chikoos(Sapota),Sapota,Local,26/07/2026,3000,3500,3250
"Tamil Nadu",Erode,"Sampath Nagar(Uzhavar Sandhai )",Papaya,Papaya,Local,26/07/2026,2600,3000,2800
"Tamil Nadu",Erode,"Sampath Nagar(Uzhavar Sandhai )","Bitter gourd",Other,Local,26/07/2026,5000,6000,5500
"Tamil Nadu",Erode,"Sampath Nagar(Uzhavar Sandhai )","Bhindi(Ladies Finger)",Bhindi,Local,26/07/2026,2600,3000,2800
"Tamil Nadu",Erode,"Sampath Nagar(Uzhavar Sandhai )",Carrot,Pusakesar,Local,26/07/2026,8500,8800,8650
"Tamil Nadu",Erode,"Sampath Nagar(Uzhavar Sandhai )",Cucumbar(Kheera),Cucumbar,Local,26/07/2026,4500,5000,4750
"Tamil Nadu",Erode,"Sampath Nagar(Uzhavar Sandhai )","Green Avare(W)",Other,Local,26/07/2026,6000,6400,6200
"Tamil Nadu",Erode,"Sampath Nagar(Uzhavar Sandhai )","Chow Chow","Chow Chow",Local,26/07/2026,2600,3000,2800
"Tamil Nadu",Erode,"Sampath Nagar(Uzhavar Sandhai )","Jamun(Narale Hannu)",Jamun,Local,26/07/2026,9000,10000,9500
"Tamil Nadu",Erode,"Sampath Nagar(Uzhavar Sandhai )","Amla(Nelli Kai)",Amla,Local,26/07/2026,3000,7500,5250
"Andhra Pradesh",Srikakulam,"Ponduru APMC",Maize,Local,FAQ,26/07/2026,2300,2300,2300
Tripura,Khowai,"Kalyanpur APMC",Fish,Katla(Big),FAQ,26/07/2026,28000,30000,29000
Tripura,Khowai,"Kalyanpur APMC",Brinjal,Round/Long,FAQ,26/07/2026,5000,5200,5100
Tripura,Khowai,"Kalyanpur APMC",Ginger(Green),"Green Ginger",FAQ,26/07/2026,9500,9900,9600
"Tamil Nadu",Vellore,"Pallikonda(Uzhavar Sandhai)",Potato,"Red Nanital",Local,26/07/2026,3200,3200,3200
"Tamil Nadu",Vellore,"Pallikonda(Uzhavar Sandhai)",Cucumbar(Kheera),Cucumbar,Local,26/07/2026,4000,4000,4000
"Tamil Nadu",Vellore,"Pallikonda(Uzhavar Sandhai)",Colacasia,Colacasia,Local,26/07/2026,4000,4000,4000
"Tamil Nadu",Pudukkottai,"Ponnamaravathi(Uzhavar Sandhai)",Amaranthus,Amaranthus,Local,26/07/2026,1500,2000,1750
"Tamil Nadu",Pudukkottai,"Ponnamaravathi(Uzhavar Sandhai)","Green Chilli","Green Chilly",Local,26/07/2026,4500,5000,4750
"Tamil Nadu",Pudukkottai,"Ponnamaravathi(Uzhavar Sandhai)",Raddish,Raddish,Local,26/07/2026,3500,4000,3750
"Tamil Nadu",Nagapattinam,"Mayiladuthurai(Uzhavar Sandhai )",Cauliflower,Ranchi,Local,26/07/2026,5000,5000,5000
"Tamil Nadu",Nagapattinam,"Mayiladuthurai(Uzhavar Sandhai )",Coriander(Leaves),"I Sort",Local,26/07/2026,3500,4000,3750
"Tamil Nadu",Nagapattinam,"Mayiladuthurai(Uzhavar Sandhai )",Tomato,Deshi,Local,26/07/2026,2000,2500,2250
"Tamil Nadu",Nagapattinam,"Mayiladuthurai(Uzhavar Sandhai )",Pumpkin,Pumpkin,Local,26/07/2026,1500,2000,1750
"Tamil Nadu",Nagapattinam,"Mayiladuthurai(Uzhavar Sandhai )","Banana - Green","Banana - Green",Local,26/07/2026,3000,3500,3250
"Tamil Nadu",Nagapattinam,"Mayiladuthurai(Uzhavar Sandhai )",Mango(Raw-Ripe),"Mango - Raw-Ripe",Local,26/07/2026,1500,2000,1750
"Uttar Pradesh",Hardoi,"Hardoi APMC",Paddy(Common),Common,FAQ,26/07/2026,1950,1950,1950
"Tamil Nadu",Pudukkottai,"Viralimalai(Uzhavar Sandhai )",Brinjal,Other,Local,26/07/2026,5000,6000,5500
"Tamil Nadu",Pudukkottai,"Viralimalai(Uzhavar Sandhai )",Coriander(Leaves),"I Sort",Local,26/07/2026,4000,5000,4500
"Tamil Nadu",Pudukkottai,"Viralimalai(Uzhavar Sandhai )","Cluster beans","Cluster Beans",Local,26/07/2026,4500,5000,4750
"Tamil Nadu",Pudukkottai,"Viralimalai(Uzhavar Sandhai )",Mango(Raw-Ripe),"Mango - Raw-Ripe",Local,26/07/2026,2500,3000,2750
"Tamil Nadu",Ramanathapuram,"Kamuthi(Uzhavar Sandhai )","Cluster beans","Cluster Beans",Local,26/07/2026,4000,4500,4250
"Tamil Nadu",Ramanathapuram,"Paramakudi(Uzhavar Sandhai )",Coriander(Leaves),"I Sort",Local,26/07/2026,5500,6000,5750
"Tamil Nadu",Ramanathapuram,"Paramakudi(Uzhavar Sandhai )",Tomato,Deshi,Local,26/07/2026,2000,2500,2250
"Tamil Nadu",Ramanathapuram,"Paramakudi(Uzhavar Sandhai )",Beans,"Beans (Whole)",Local,26/07/2026,9000,10000,9500
"Tamil Nadu",Ramanathapuram,"Paramakudi(Uzhavar Sandhai )",Coconut,Coconut,Local,26/07/2026,6000,6500,6250
"Tamil Nadu",Ramanathapuram,"Paramakudi(Uzhavar Sandhai )",Cabbage,Cabbage,Local,26/07/2026,4000,4200,4100
"Tamil Nadu",Ramanathapuram,"Paramakudi(Uzhavar Sandhai )",Raddish,Raddish,Local,26/07/2026,4500,4800,4650
"Tamil Nadu",Ramanathapuram,"Paramakudi(Uzhavar Sandhai )","Knool Khol","Knool Khol",Local,26/07/2026,4500,5000,4750
"Tamil Nadu",Ramanathapuram,"Paramakudi(Uzhavar Sandhai )",Marigold(Calcutta),Marigold(Calcutta),Local,26/07/2026,9000,10000,9500
"Tamil Nadu",Ramanathapuram,"Paramakudi(Uzhavar Sandhai )",Lemon,Lemon,Local,26/07/2026,8000,9000,8500
"Tamil Nadu",Pudukkottai,"Alangudi(Uzhavar Sandhai )",Onion,Bellary,Local,26/07/2026,4000,5000,4500
"Tamil Nadu",Pudukkottai,"Alangudi(Uzhavar Sandhai )",Banana,Poovan,Local,26/07/2026,4500,5000,4750
"Tamil Nadu",Pudukkottai,"Alangudi(Uzhavar Sandhai )","Cluster beans","Cluster Beans",Local,26/07/2026,4500,5000,4750
"Tamil Nadu",Pudukkottai,"Alangudi(Uzhavar Sandhai )",Amaranthus,Amaranthus,Local,26/07/2026,1500,2000,1750
"Tamil Nadu",Pudukkottai,"Alangudi(Uzhavar Sandhai )",Drumstick,Drumstick,Local,26/07/2026,6000,7000,6500
"Tamil Nadu",Pudukkottai,"Alangudi(Uzhavar Sandhai )","Onion Green","Onion Green",Local,26/07/2026,6000,7000,6500
"Tamil Nadu",Thiruvannamalai,"Arani(Uzhavar Sandhai )",Mango,Safeda,Local,26/07/2026,4000,5000,4500
"Tamil Nadu",Thiruvannamalai,"Arani(Uzhavar Sandhai )",Papaya,Papaya,Local,26/07/2026,4000,5000,4500
"Tamil Nadu",Thiruvannamalai,"Arani(Uzhavar Sandhai )",Tomato,Deshi,Local,26/07/2026,1500,2000,1750
"Tamil Nadu",Thiruvannamalai,"Arani(Uzhavar Sandhai )","Bitter gourd","Bitter Gourd",Local,26/07/2026,4000,4800,4400
"Tamil Nadu",Thiruvannamalai,"Arani(Uzhavar Sandhai )","Bottle gourd","Bottle Gourd",Local,26/07/2026,2000,2400,2200
"Tamil Nadu",Thiruvannamalai,"Arani(Uzhavar Sandhai )","Banana - Green","Banana - Green",Local,26/07/2026,1500,2000,1750
"Tamil Nadu",Thiruvannamalai,"Arani(Uzhavar Sandhai )",Beans,"Beans (Whole)",Local,26/07/2026,4800,6000,5400
"Tamil Nadu",Thiruvannamalai,"Arani(Uzhavar Sandhai )",Cabbage,Cabbage,Local,26/07/2026,2500,3000,2750
"Tamil Nadu",Thiruvannamalai,"Polur(Uzhavar Sandhai )",Mango,Safeda,Local,26/07/2026,4200,5000,4600
"Tamil Nadu",Thiruvannamalai,"Polur(Uzhavar Sandhai )",Coriander(Leaves),"I Sort",Local,26/07/2026,4200,5000,4600
"Tamil Nadu",Thiruvannamalai,"Polur(Uzhavar Sandhai )",Carrot,Pusakesar,Local,26/07/2026,6000,7000,6500
"Tamil Nadu",Thiruvannamalai,"Polur(Uzhavar Sandhai )",Cucumbar(Kheera),Cucumbar,Local,26/07/2026,3300,4000,3650
"Tamil Nadu",Thiruvannamalai,"Polur(Uzhavar Sandhai )",Mango(Raw-Ripe),"Mango - Raw-Ripe",Local,26/07/2026,1600,2000,1800
"Tamil Nadu",Thiruvannamalai,"Tiruvannamalai(Uzhavar Sandhai )",Orange,Darjeeling,Local,26/07/2026,13000,15000,14000
"Tamil Nadu",Thiruvannamalai,"Tiruvannamalai(Uzhavar Sandhai )",Cauliflower,Ranchi,Local,26/07/2026,3500,4000,3750
"Tamil Nadu",Thiruvannamalai,"Tiruvannamalai(Uzhavar Sandhai )",Brinjal,Round,Local,26/07/2026,7200,8000,7600
"Tamil Nadu",Thiruvannamalai,"Tiruvannamalai(Uzhavar Sandhai )",Papaya,Papaya,Local,26/07/2026,2500,3000,2750
"Tamil Nadu",Thiruvannamalai,"Tiruvannamalai(Uzhavar Sandhai )","Cluster beans","Cluster Beans",Local,26/07/2026,4000,4800,4400
"Tamil Nadu",Thiruvannamalai,"Tiruvannamalai(Uzhavar Sandhai )","Bitter gourd","Bitter Gourd",Local,26/07/2026,5000,6000,5500
"Tamil Nadu",Thiruvannamalai,"Tiruvannamalai(Uzhavar Sandhai )",Ashgourd,Gouard,Local,26/07/2026,2500,3000,2750
"Tamil Nadu",Thiruvannamalai,"Tiruvannamalai(Uzhavar Sandhai )","Green Chilli","Green Chilly",Local,26/07/2026,5000,6000,5500
"Tamil Nadu",Thiruvannamalai,"Tiruvannamalai(Uzhavar Sandhai )","Banana - Green","Banana - Green",Local,26/07/2026,2500,3000,2750
"Tamil Nadu",Thiruvannamalai,"Tiruvannamalai(Uzhavar Sandhai )",Snakeguard,Snakeguard,Local,26/07/2026,3500,4000,3750
"Tamil Nadu",Thiruvannamalai,"Tiruvannamalai(Uzhavar Sandhai )",Marigold(Calcutta),Marigold(Calcutta),Local,26/07/2026,40000,45000,42500
"Tamil Nadu",Thiruvannamalai,"Tiruvannamalai(Uzhavar Sandhai )","Elephant Yam(Suran)/Amorphophallus","Elephant Yam (Suran)",Local,26/07/2026,5000,6000,5500
"Tamil Nadu",Thiruvannamalai,"Tiruvannamalai(Uzhavar Sandhai )",Lemon,Lemon,Local,26/07/2026,8000,10000,9000
"Tamil Nadu",Thiruvarur,"Mannargudi I(Uzhavar Sandhai )",Grapes,Annabesahai,Local,26/07/2026,10000,10000,10000
"Tamil Nadu",Thiruvarur,"Mannargudi I(Uzhavar Sandhai )",Mango,Safeda,Local,26/07/2026,5000,5000,5000
"Tamil Nadu",Thiruvarur,"Mannargudi I(Uzhavar Sandhai )",Tomato,Deshi,Local,26/07/2026,2200,2200,2200
"Tamil Nadu",Thiruvarur,"Mannargudi I(Uzhavar Sandhai )","Green Chilli","Green Chilly",Local,26/07/2026,4800,4800,4800
"Tamil Nadu",Thiruvarur,"Mannargudi I(Uzhavar Sandhai )",Coconut,Coconut,Local,26/07/2026,4000,4000,4000
"Tamil Nadu",Thiruvarur,"Mannargudi I(Uzhavar Sandhai )",Carrot,Pusakesar,Local,26/07/2026,9400,9400,9400
"Tamil Nadu",Thiruvarur,"Mannargudi I(Uzhavar Sandhai )",Cabbage,Cabbage,Local,26/07/2026,5000,5000,5000
"Tamil Nadu",Thiruvarur,"Mannargudi II(Uzhavar Sandhai )",Potato,"Red Nanital",Local,26/07/2026,3000,3000,3000
"Tamil Nadu",Thiruvarur,"Mannargudi II(Uzhavar Sandhai )",Amaranthus,Amaranthus,Local,26/07/2026,2000,2000,2000
"Tamil Nadu",Thiruvarur,"Mannargudi II(Uzhavar Sandhai )","Green Avare(W)","Green Avare (W)",Local,26/07/2026,5600,5600,5600
"Tamil Nadu",Thiruvarur,"Mannargudi II(Uzhavar Sandhai )",Lemon,Lemon,Local,26/07/2026,6000,6000,6000
"Tamil Nadu",Thiruvarur,"Tiruthuraipoondi(Uzhavar Sandhai )",Groundnut,"Big (With Shell)",Local,26/07/2026,6000,6000,6000
"Tamil Nadu",Thiruvarur,"Tiruthuraipoondi(Uzhavar Sandhai )","Cluster beans","Cluster Beans",Local,26/07/2026,4000,4000,4000
"Tamil Nadu",Thiruvarur,"Tiruthuraipoondi(Uzhavar Sandhai )","Bottle gourd","Bottle Gourd",Local,26/07/2026,3000,3000,3000
"Tamil Nadu",Thiruvarur,"Tiruthuraipoondi(Uzhavar Sandhai )",Ashgourd,Gouard,Local,26/07/2026,2500,2500,2500
"Tamil Nadu",Thiruvarur,"Tiruthuraipoondi(Uzhavar Sandhai )","Sweet Potato","Hosur Red",Local,26/07/2026,5000,5000,5000
"Tamil Nadu",Thiruvellore,"Ambattur(Uzhavar Sandhai )",Coconut,Coconut,Local,26/07/2026,6000,6000,6000
"Tamil Nadu",Thiruvellore,"Naravarikuppam(Uzhavar Sandhai )",Thondekai,Thondekai,Local,26/07/2026,5000,5000,5000
"Tamil Nadu",Thiruvellore,"Naravarikuppam(Uzhavar Sandhai )",Lemon,Lemon,Local,26/07/2026,10000,10000,10000
"Tamil Nadu",Thiruvellore,"Naravarikuppam(Uzhavar Sandhai )",Rose(Local),"Rose (Local)",Local,26/07/2026,10000,10000,10000
"Tamil Nadu",Thiruvellore,"Paruthipattu(Uzhavar Sandhai )","Cluster beans","Cluster Beans",Local,26/07/2026,5000,5000,5000
"Tamil Nadu",Thiruvellore,"Paruthipattu(Uzhavar Sandhai )","Bitter gourd","Bitter Gourd",Local,26/07/2026,5000,5000,5000
"Tamil Nadu",Thiruvellore,"Paruthipattu(Uzhavar Sandhai )",Capsicum,Capsicum,Local,26/07/2026,5000,5000,5000
"Tamil Nadu",Thiruvellore,"Paruthipattu(Uzhavar Sandhai )","Green Avare(W)","Green Avare (W)",Local,26/07/2026,6000,6000,6000
"Tamil Nadu",Tuticorin,"Kovilpatti(Uzhavar Sandhai )",Cauliflower,Ranchi,Local,26/07/2026,5000,5500,5250
"Tamil Nadu",Tuticorin,"Kovilpatti(Uzhavar Sandhai )",Coriander(Leaves),"I Sort",Local,26/07/2026,6500,7000,6750
"Tamil Nadu",Tuticorin,"Kovilpatti(Uzhavar Sandhai )",Chikoos(Sapota),Sapota,Local,26/07/2026,4500,5000,4750
"Tamil Nadu",Tuticorin,"Kovilpatti(Uzhavar Sandhai )","Bottle gourd","Bottle Gourd",Local,26/07/2026,3000,3500,3250
"Tamil Nadu",Tuticorin,"Kovilpatti(Uzhavar Sandhai )",Ashgourd,Gouard,Local,26/07/2026,4000,4500,4250
"Tamil Nadu",Tuticorin,"Kovilpatti(Uzhavar Sandhai )",Amaranthus,Amaranthus,Local,26/07/2026,1800,2000,1900
"Tamil Nadu",Tuticorin,"Kovilpatti(Uzhavar Sandhai )",Ginger(Green),"Green Ginger",Local,26/07/2026,20000,20500,20250
"Tamil Nadu",Tuticorin,"Kovilpatti(Uzhavar Sandhai )",Coconut,Coconut,Local,26/07/2026,6500,7000,6750
"Tamil Nadu",Tuticorin,"Kovilpatti(Uzhavar Sandhai )",Raddish,Raddish,Local,26/07/2026,4000,4500,4250
"Tamil Nadu",Tuticorin,"Kovilpatti(Uzhavar Sandhai )","Green Avare(W)",Other,Local,26/07/2026,6000,6500,6250
"Tamil Nadu",Tuticorin,"Kovilpatti(Uzhavar Sandhai )","Chow Chow","Chow Chow",Local,26/07/2026,4500,5000,4750
"Tamil Nadu",Tuticorin,"Kovilpatti(Uzhavar Sandhai )","Elephant Yam(Suran)/Amorphophallus","Elephant Yam (Suran)",Local,26/07/2026,4500,5000,4750
"Tamil Nadu",Vellore,"Gudiyatham(Uzhavar Sandhai )",Tomato,Deshi,Local,26/07/2026,1600,1800,1700
"Tamil Nadu",Vellore,"Gudiyatham(Uzhavar Sandhai )",Tapioca,Tapioca,Local,26/07/2026,3000,3000,3000
"Tamil Nadu",Vellore,"Gudiyatham(Uzhavar Sandhai )","Sweet Potato","Hosur Red",Local,26/07/2026,3600,3600,3600
"Tamil Nadu",Vellore,"Gudiyatham(Uzhavar Sandhai )","Tender Coconut","Tender Coconut",Local,26/07/2026,3000,3000,3000
"Tamil Nadu",Vellore,"Gudiyatham(Uzhavar Sandhai )",Yam(Ratalu),"Yam (Ratalu)",Local,26/07/2026,6600,6600,6600
"Tamil Nadu",Vellore,"Gudiyatham(Uzhavar Sandhai )","Indian Beans(Seam)","Indian Beans (Seam)",Local,26/07/2026,6600,6600,6600
"Tamil Nadu",Vellore,"Gudiyatham(Uzhavar Sandhai )",Mint(Pudina),Mint(Pudina),Local,26/07/2026,4000,4000,4000
"Tamil Nadu",Vellore,"Gudiyatham(Uzhavar Sandhai )","Sweet Corn ","Sweet Corn ",Local,26/07/2026,3000,3000,3000
"Tamil Nadu",Vellore,"Kahithapattarai(Uzhavar Sandhai )",Groundnut,"Big (With Shell)",Local,26/07/2026,7000,7000,7000
"Tamil Nadu",Vellore,"Kahithapattarai(Uzhavar Sandhai )",Mango,Neelam,Local,26/07/2026,4000,5000,4500
"Tamil Nadu",Vellore,"Kahithapattarai(Uzhavar Sandhai )",Brinjal,Other,Local,26/07/2026,7000,7000,7000
"Tamil Nadu",Vellore,"Kahithapattarai(Uzhavar Sandhai )",Papaya,Papaya,Local,26/07/2026,3500,3500,3500
"Tamil Nadu",Vellore,"Kahithapattarai(Uzhavar Sandhai )",Tomato,Deshi,Local,26/07/2026,1500,1500,1500
"Tamil Nadu",Vellore,"Kahithapattarai(Uzhavar Sandhai )","Cluster beans","Cluster Beans",Local,26/07/2026,4500,4500,4500
"Tamil Nadu",Vellore,"Kahithapattarai(Uzhavar Sandhai )",Cowpea(Veg),"Cowpea (Veg)",Local,26/07/2026,2500,2500,2500
"Tamil Nadu",Vellore,"Kahithapattarai(Uzhavar Sandhai )",Ginger(Green),"Green Ginger",Local,26/07/2026,17000,17000,17000
"Tamil Nadu",Vellore,"Kahithapattarai(Uzhavar Sandhai )",Coconut,Coconut,Local,26/07/2026,2500,2500,2500
"Tamil Nadu",Vellore,"Kahithapattarai(Uzhavar Sandhai )",Ridgeguard(Tori),Ridgeguard(Tori),Local,26/07/2026,3500,4500,4000
"Tamil Nadu",Vellore,"Kahithapattarai(Uzhavar Sandhai )","Green Avare(W)",Other,Local,26/07/2026,4800,4800,4800
"Tamil Nadu",Vellore,"Kahithapattarai(Uzhavar Sandhai )",Mango(Raw-Ripe),"Mango - Raw-Ripe",Local,26/07/2026,2500,2500,2500
"Tamil Nadu",Vellore,"Kahithapattarai(Uzhavar Sandhai )","Tender Coconut","Tender Coconut",Local,26/07/2026,3000,3000,3000
"Tamil Nadu",Vellore,"Kahithapattarai(Uzhavar Sandhai )",Yam(Ratalu),"Yam (Ratalu)",Local,26/07/2026,5000,5000,5000
"Tamil Nadu",Vellore,"Kahithapattarai(Uzhavar Sandhai )",Colacasia,Colacasia,Local,26/07/2026,4000,4000,4000
"Tamil Nadu",Vellore,"Kahithapattarai(Uzhavar Sandhai )",Mashrooms,Mashrooms,Local,26/07/2026,24000,24000,24000
"Tamil Nadu",Villupuram,"Villupuram(Uzhavar Sandhai )","Banana - Green","Banana - Green",Local,26/07/2026,3000,3000,3000
"Tamil Nadu",Villupuram,"Villupuram(Uzhavar Sandhai )",Tapioca,Tapioca,Local,26/07/2026,5000,5000,5000
"Tamil Nadu",Villupuram,"Villupuram(Uzhavar Sandhai )",Ginger(Green),"Green Ginger",Local,26/07/2026,20000,20000,20000
"Tamil Nadu",Villupuram,"Villupuram(Uzhavar Sandhai )",Carrot,Pusakesar,Local,26/07/2026,9000,9000,9000
"Tamil Nadu",Villupuram,"Villupuram(Uzhavar Sandhai )",Cucumbar(Kheera),Cucumbar,Local,26/07/2026,4000,4000,4000
"Tamil Nadu",Villupuram,"Villupuram(Uzhavar Sandhai )",Colacasia,Colacasia,Local,26/07/2026,5000,5000,5000
"Andhra Pradesh",Prakasam,"Darsi APMC",Cotton,Desi,Local,26/07/2026,8200,8200,8200
"Andhra Pradesh",Prakasam,"Darsi APMC",Paddy(Common),"B P T",Local,26/07/2026,2350,2350,2350
"Uttar Pradesh",Badaun,"Badayoun APMC",Maize,Other,FAQ,26/07/2026,1900,1900,1900
Odisha,Dhenkanal,"Hindol APMC",Brinjal,Brinjal,"Grade B",26/07/2026,5000,6000,5500
Odisha,Dhenkanal,"Hindol APMC",Cucumbar(Kheera),Cucumbar,"Grade B",26/07/2026,5000,5500,5200
Odisha,Dhenkanal,"Hindol APMC",Drumstick,Drumstick,"Grade B",26/07/2026,6800,7500,7000
"Tamil Nadu",Thiruvannamalai,"Cheyyar(Uzhavar Sandhai )",Onion,Bellary,Local,26/07/2026,3000,3500,3250
"Tamil Nadu",Thiruvannamalai,"Cheyyar(Uzhavar Sandhai )",Brinjal,Other,Local,26/07/2026,4000,5000,4500
"Tamil Nadu",Thiruvannamalai,"Cheyyar(Uzhavar Sandhai )",Ashgourd,Gouard,Local,26/07/2026,2000,2500,2250
"Tamil Nadu",Thiruvannamalai,"Cheyyar(Uzhavar Sandhai )",Pumpkin,Pumpkin,Local,26/07/2026,2500,3000,2750
"Tamil Nadu",Thiruvannamalai,"Cheyyar(Uzhavar Sandhai )","Green Chilli","Green Chilly",Local,26/07/2026,4800,6000,5400
"Tamil Nadu",Thiruvannamalai,"Cheyyar(Uzhavar Sandhai )",Coconut,Coconut,Local,26/07/2026,4000,5000,4500
"Tamil Nadu",Thiruvannamalai,"Cheyyar(Uzhavar Sandhai )",Cabbage,Cabbage,Local,26/07/2026,2500,3000,2750
"Tamil Nadu",Thiruvannamalai,"Cheyyar(Uzhavar Sandhai )",Colacasia,Colacasia,Local,26/07/2026,3500,4200,3850
"Andhra Pradesh",Dr.B.R.A.Konaseema,"Mummidivaram APMC",Coconut,Medium,FAQ,26/07/2026,15400,15500,15400
"Andhra Pradesh",Dr.B.R.A.Konaseema,"Mummidivaram APMC",Fish,"Katla (Small)",FAQ,26/07/2026,9900,10000,9900
"Uttar Pradesh",Kushinagar,"Kushinagar APMC",Wood,Other,FAQ,26/07/2026,500,500,500
"Tamil Nadu",Ariyalur,"Ariyalur(Uzhavar Sandhai)","Bhindi(Ladies Finger)",Bhindi,Local,26/07/2026,3500,4000,3750
"Tamil Nadu",Ariyalur,"Ariyalur(Uzhavar Sandhai)","Green Avare(W)","Green Avare (W)",Local,26/07/2026,6000,7000,6500
"Tamil Nadu",Ariyalur,"Ariyalur(Uzhavar Sandhai)",Drumstick,Drumstick,Local,26/07/2026,5000,5500,5250
"Tamil Nadu",Ariyalur,"Ariyalur(Uzhavar Sandhai)",Lemon,Lemon,Local,26/07/2026,7000,8000,7500
"Tamil Nadu",Ariyalur,"Ariyalur(Uzhavar Sandhai)",Mint(Pudina),Mint(Pudina),Local,26/07/2026,6000,7000,6500
Uttarakhand,Udhamsinghnagar,"Gadarpur APMC",Paddy(Common),Other,Local,26/07/2026,2100,2100,2100
"Andhra Pradesh",Palnadu,"Rompicherla APMC",Maize,Hybrid/Local,FAQ,26/07/2026,2300,2400,2350
"Uttar Pradesh",Gorakhpur,"Sehjanwa APMC",Wheat,Dara,FAQ,26/07/2026,2500,2500,2500
"Uttar Pradesh",Amroha,"Amroha APMC",Gur(Jaggery),Other,FAQ,26/07/2026,3450,4000,3592.05
Punjab,Gurdaspur,"Dinanagar APMC","Bottle gourd","Bottle Gourd",Medium,26/07/2026,3000,3500,3300
Odisha,Sundergarh,"Sargipali APMC",Potato,Other,FAQ,26/07/2026,1000,1200,1100
Odisha,Sundergarh,"Sargipali APMC",Pumpkin,Pumpkin,FAQ,26/07/2026,1100,1400,1200
"Tamil Nadu",Coimbatore,"Sundarapuram(Uzhavar Sandhai )",Potato,Other,Local,26/07/2026,7400,7800,7600
"Tamil Nadu",Coimbatore,"Sundarapuram(Uzhavar Sandhai )",Garlic,Garlic,Local,26/07/2026,21000,22000,21500
"Tamil Nadu",Coimbatore,"Sundarapuram(Uzhavar Sandhai )",Mango,Other,Local,26/07/2026,7500,8000,7750
"Tamil Nadu",Coimbatore,"Sundarapuram(Uzhavar Sandhai )",Papaya,Papaya,Local,26/07/2026,3800,4200,4000
"Tamil Nadu",Coimbatore,"Sundarapuram(Uzhavar Sandhai )","Cluster beans","Cluster Beans",Local,26/07/2026,3500,4000,3750
"Tamil Nadu",Coimbatore,"Sundarapuram(Uzhavar Sandhai )",Beans,"Beans (Whole)",Local,26/07/2026,8000,8500,8250
"Tamil Nadu",Coimbatore,"Sundarapuram(Uzhavar Sandhai )",Ginger(Green),"Green Ginger",Local,26/07/2026,16000,17000,16500
"Tamil Nadu",Coimbatore,"Sundarapuram(Uzhavar Sandhai )",Snakeguard,Snakeguard,Local,26/07/2026,3000,3500,3250
"Tamil Nadu",Coimbatore,"Sundarapuram(Uzhavar Sandhai )",Guava,"Guava Allahabad",Local,26/07/2026,5500,6000,5750
"Tamil Nadu",Coimbatore,"Sundarapuram(Uzhavar Sandhai )","Elephant Yam(Suran)/Amorphophallus","Elephant Yam (Suran)",Local,26/07/2026,3800,4200,4000
"West Bengal","Sounth 24 Parganas","Baruipur(Canning) APMC",Guava,Guava,Medium,26/07/2026,330,3800,3500
"West Bengal","Sounth 24 Parganas","Baruipur(Canning) APMC","Bitter gourd","Bitter Gourd",FAQ,26/07/2026,3500,4000,3800
"Uttar Pradesh",Banda,"Atarra APMC",Wheat,Deshi,FAQ,26/07/2026,2550,2550,2550
"Uttar Pradesh","Khiri (Lakhimpur)","Maigalganj APMC",Wheat,Dara,FAQ,26/07/2026,2500,2650,2553.56
Telangana,Hanumakonda,"Excise Colony,RBZ ",Carrot,Other,"Grade A",26/07/2026,6000,6000,6000
"Uttar Pradesh",Rampur,"Milak APMC",Wood,Other,FAQ,26/07/2026,500,500,500
"Uttar Pradesh",Unnao,"Purwa APMC",Wood,Other,FAQ,26/07/2026,450,450,450
"Tamil Nadu",Coimbatore,"Mettupalayam(Uzhavar Sandhai )",Groundnut,"Big (With Shell)",Local,26/07/2026,7000,8000,7500
"Tamil Nadu",Coimbatore,"Mettupalayam(Uzhavar Sandhai )","Bottle gourd","Bottle Gourd",Local,26/07/2026,2000,2500,2250
"Tamil Nadu",Coimbatore,"Mettupalayam(Uzhavar Sandhai )",Ashgourd,Gouard,Local,26/07/2026,1200,1500,1350
"Tamil Nadu",Coimbatore,"Mettupalayam(Uzhavar Sandhai )","Green Chilli","Green Chilly",Local,26/07/2026,4500,5000,4750
"Tamil Nadu",Coimbatore,"Mettupalayam(Uzhavar Sandhai )",Beans,"Beans (Whole)",Local,26/07/2026,5000,6000,5500
"Tamil Nadu",Coimbatore,"Mettupalayam(Uzhavar Sandhai )",Cucumbar(Kheera),Cucumbar,Local,26/07/2026,4000,4500,4250
"Tamil Nadu",Coimbatore,"Mettupalayam(Uzhavar Sandhai )","Chow Chow","Chow Chow",Local,26/07/2026,3000,3500,3250
"Tamil Nadu",Coimbatore,"Mettupalayam(Uzhavar Sandhai )","Tender Coconut","Tender Coconut",Local,26/07/2026,3500,4000,3750
"Tamil Nadu",Erode,"Sathiyamagalam(Uzhavar Sandhai )",Banana,"Red Banana",Local,26/07/2026,5500,6000,5750
"Tamil Nadu",Erode,"Sathiyamagalam(Uzhavar Sandhai )",Coriander(Leaves),"I Sort",Local,26/07/2026,4500,5000,4750
"Tamil Nadu",Erode,"Sathiyamagalam(Uzhavar Sandhai )",Pumpkin,Pumpkin,Local,26/07/2026,2000,2400,2200
"Tamil Nadu",Erode,"Sathiyamagalam(Uzhavar Sandhai )","Bhindi(Ladies Finger)",Bhindi,Local,26/07/2026,3000,3400,3200
"Tamil Nadu",Erode,"Sathiyamagalam(Uzhavar Sandhai )",Raddish,Raddish,Local,26/07/2026,2500,3000,2750
"Tamil Nadu",Erode,"Sathiyamagalam(Uzhavar Sandhai )","Green Avare(W)",Other,Local,26/07/2026,6000,6500,6250
"Tamil Nadu",Erode,"Sathiyamagalam(Uzhavar Sandhai )","Elephant Yam(Suran)/Amorphophallus","Elephant Yam (Suran)",Local,26/07/2026,3000,3400,3200
Telangana,Hyderabad,"RYTHU BAZAR MEHDIPATNAM",Beetroot,Beetroot,"Grade A",26/07/2026,3300,3300,3300
Telangana,Hyderabad,"RYTHU BAZAR MEHDIPATNAM",Ridgeguard(Tori),Other,"Grade A",26/07/2026,4000,4000,4000
Telangana,Hyderabad,"RYTHU BAZAR MEHDIPATNAM",Onion,"1st Sort","Grade A",26/07/2026,3000,3000,3000
Telangana,Hyderabad,"RYTHU BAZAR MEHDIPATNAM",Snakeguard,Other,"Grade A",26/07/2026,2300,2300,2300
"Uttar Pradesh","Kanpur Dehat","Pukharayan APMC",Wheat,Dara,FAQ,26/07/2026,2400,2520,2443.96
"Tamil Nadu",Namakkal,"Tiruchengode APMC",Banana,"Red Banana",Local,26/07/2026,5800,6500,6150
"Tamil Nadu",Namakkal,"Tiruchengode APMC",Papaya,Papaya,Local,26/07/2026,2600,3000,2800
"Tamil Nadu",Namakkal,"Tiruchengode APMC",Ridgeguard(Tori),Ridgeguard(Tori),Local,26/07/2026,5400,6000,5700
"Tamil Nadu",Namakkal,"Tiruchengode APMC","Green Avare(W)",Other,Local,26/07/2026,6200,7000,6600
"Tamil Nadu",Namakkal,"Tiruchengode APMC",Yam(Ratalu),"Yam (Ratalu)",Local,26/07/2026,6200,7000,6600
"Tamil Nadu",Namakkal,"Tiruchengode APMC","Amla(Nelli Kai)",Amla,Local,26/07/2026,7000,8000,7500
"Tamil Nadu",Namakkal,"Tiruchengode APMC","Sweet Corn ","Sweet Corn ",Local,26/07/2026,4500,5000,4750
"Uttar Pradesh","Siddharth Nagar","Naugarh APMC",Rice,Common,FAQ,26/07/2026,2635,2650,2642.67
"Tamil Nadu",Ariyalur,"Jeyankondam (Uzhavar Sandhai )",Onion,Bellary,Local,26/07/2026,3500,4000,3750
"Tamil Nadu",Ariyalur,"Jeyankondam (Uzhavar Sandhai )",Brinjal,Round,Local,26/07/2026,5000,5600,5300
"Tamil Nadu",Ariyalur,"Jeyankondam (Uzhavar Sandhai )",Coriander(Leaves),"I Sort",Local,26/07/2026,6000,6000,6000
"Tamil Nadu",Ariyalur,"Jeyankondam (Uzhavar Sandhai )",Coconut,Coconut,Local,26/07/2026,5500,6000,5750
"Tamil Nadu",Ariyalur,"Jeyankondam (Uzhavar Sandhai )",Mint(Pudina),Mint(Pudina),Local,26/07/2026,5000,5000,5000
"Tamil Nadu",Coimbatore,"RSPuram(Uzhavar Sandhai )",Grapes,Annabesahai,Local,26/07/2026,8000,8500,8250
"Tamil Nadu",Coimbatore,"RSPuram(Uzhavar Sandhai )",Onion,Bellary,Local,26/07/2026,3000,3400,3200
"Tamil Nadu",Coimbatore,"RSPuram(Uzhavar Sandhai )",Mango,Neelam,Local,26/07/2026,7000,8000,7500
"Tamil Nadu",Coimbatore,"RSPuram(Uzhavar Sandhai )",Cauliflower,Ranchi,Local,26/07/2026,3800,4200,4000
"Tamil Nadu",Coimbatore,"RSPuram(Uzhavar Sandhai )",Amaranthus,Amaranthus,Local,26/07/2026,5600,6500,6050
"Tamil Nadu",Coimbatore,"RSPuram(Uzhavar Sandhai )",Snakeguard,Snakeguard,Local,26/07/2026,3000,3500,3250
"Tamil Nadu",Coimbatore,"RSPuram(Uzhavar Sandhai )","Chow Chow","Chow Chow",Local,26/07/2026,3000,3600,3300
"Tamil Nadu",Coimbatore,"RSPuram(Uzhavar Sandhai )",Mango(Raw-Ripe),"Mango - Raw-Ripe",Local,26/07/2026,3400,4000,3700
"Tamil Nadu",Coimbatore,"RSPuram(Uzhavar Sandhai )",Guava,"Guava Allahabad",Local,26/07/2026,4500,5500,5000
"Tamil Nadu",Coimbatore,"RSPuram(Uzhavar Sandhai )","Elephant Yam(Suran)/Amorphophallus","Elephant Yam (Suran)",Local,26/07/2026,3800,4200,4000
"Tamil Nadu",Coimbatore,"RSPuram(Uzhavar Sandhai )","Indian Beans(Seam)","Indian Beans (Seam)",Local,26/07/2026,5000,6000,5500
"Tamil Nadu",Coimbatore,"RSPuram(Uzhavar Sandhai )",Mashrooms,Mashrooms,Local,26/07/2026,21500,25000,23250
"Tamil Nadu",Coimbatore,"RSPuram(Uzhavar Sandhai )","Baby Corn","Baby Corn","Grade A",26/07/2026,2200,2800,2500
"Tamil Nadu",Coimbatore,"Singanallur(Uzhavar Sandhai )",Apple,American,Local,26/07/2026,23000,24000,23500
"Tamil Nadu",Coimbatore,"Singanallur(Uzhavar Sandhai )",Orange,Darjeeling,Local,26/07/2026,13000,14000,13500
"Tamil Nadu",Coimbatore,"Singanallur(Uzhavar Sandhai )",Cauliflower,Ranchi,Local,26/07/2026,4000,4500,4250
"Tamil Nadu",Coimbatore,"Singanallur(Uzhavar Sandhai )",Ashgourd,Gouard,Local,26/07/2026,1800,2000,1900
"Tamil Nadu",Coimbatore,"Singanallur(Uzhavar Sandhai )",Pumpkin,Pumpkin,Local,26/07/2026,1800,2000,1900
"Tamil Nadu",Coimbatore,"Singanallur(Uzhavar Sandhai )",Coconut,Coconut,Local,26/07/2026,5000,5600,5300
"Tamil Nadu",Coimbatore,"Singanallur(Uzhavar Sandhai )",Thondekai,Thondekai,Local,26/07/2026,4800,5200,5000
"Tamil Nadu",Coimbatore,"Singanallur(Uzhavar Sandhai )",Guava,"Guava Allahabad",Local,26/07/2026,5500,6000,5750
"Tamil Nadu",Coimbatore,"Singanallur(Uzhavar Sandhai )","Onion Green","Onion Green",Local,26/07/2026,5500,5800,5650
"Tamil Nadu",Coimbatore,"Pollachi(Uzhavar Sandhai )",Potato,"Red Nanital",Local,26/07/2026,4000,6500,5250
"Tamil Nadu",Coimbatore,"Pollachi(Uzhavar Sandhai )",Chikoos(Sapota),Sapota,Local,26/07/2026,4000,4500,4250
"Tamil Nadu",Coimbatore,"Pollachi(Uzhavar Sandhai )","Bitter gourd","Bitter Gourd",Local,26/07/2026,6000,6500,6250
"Tamil Nadu",Coimbatore,"Pollachi(Uzhavar Sandhai )",Pumpkin,Pumpkin,Local,26/07/2026,2000,2500,2250
"Tamil Nadu",Coimbatore,"Pollachi(Uzhavar Sandhai )",Coconut,Coconut,Local,26/07/2026,5500,6000,5750
"Tamil Nadu",Coimbatore,"Pollachi(Uzhavar Sandhai )",Snakeguard,Snakeguard,Local,26/07/2026,3000,3500,3250
"Tamil Nadu",Coimbatore,"Pollachi(Uzhavar Sandhai )",Beetroot,Beetroot,Local,26/07/2026,5000,9000,7000
"Uttar Pradesh",Shahjahanpur,"Jalalabad APMC",Wheat,Dara,FAQ,26/07/2026,2430,2430,2430
"Uttar Pradesh",Lucknow,"Banthara APMC",Groundnut,Other,FAQ,26/07/2026,15776,18086,15891.91
Chandigarh,Chandigarh,"Chandigarh (Grain/F&V) APMC",Mango,Other,Medium,26/07/2026,1000,6000,5500
Chandigarh,Chandigarh,"Chandigarh (Grain/F&V) APMC",Pumpkin,Pumpkin,FAQ,26/07/2026,800,1200,1000
Chandigarh,Chandigarh,"Chandigarh (Grain/F&V) APMC","Bottle gourd","Bottle Gourd",Local,26/07/2026,1000,1500,1300
Telangana,"Ranga Reddy","Vanasthalipuram,RBZ ",Snakeguard,Snakeguard,Local,26/07/2026,2300,2300,2300
Telangana,"Ranga Reddy","Vanasthalipuram,RBZ ","Banana - Green","Banana - Green",Local,26/07/2026,4000,4000,4000
Telangana,"Ranga Reddy","Vanasthalipuram,RBZ ",Colacasia,Colacasia,Local,26/07/2026,2800,2800,2800
Telangana,"Ranga Reddy","Vanasthalipuram,RBZ ",Drumstick,Drumstick,Local,26/07/2026,4500,4500,4500
"Tamil Nadu",Karur,"Karur(Uzhavar Sandhai )",Mango,Neelam,Local,26/07/2026,7500,8000,7750
"Tamil Nadu",Karur,"Karur(Uzhavar Sandhai )",Papaya,Papaya,Local,26/07/2026,3000,3500,3250
"Tamil Nadu",Karur,"Karur(Uzhavar Sandhai )","Bitter gourd",Other,Local,26/07/2026,5500,6000,5750
"Tamil Nadu",Karur,"Karur(Uzhavar Sandhai )",Ashgourd,Gouard,Local,26/07/2026,2300,2800,2550
"Tamil Nadu",Karur,"Karur(Uzhavar Sandhai )",Cabbage,Cabbage,Local,26/07/2026,5500,6000,5750
"Tamil Nadu",Karur,"Karur(Uzhavar Sandhai )",Cucumbar(Kheera),Cucumbar,Local,26/07/2026,7500,8000,7750
"Tamil Nadu",Karur,"Karur(Uzhavar Sandhai )",Thondekai,Thondekai,Local,26/07/2026,5000,5500,5250
"Tamil Nadu",Karur,"Karur(Uzhavar Sandhai )","Elephant Yam(Suran)/Amorphophallus","Elephant Yam (Suran)",Local,26/07/2026,4500,5000,4750
"Tamil Nadu",Coimbatore,"Kurichi(Uzhavar Sandhai )","Cluster beans","Cluster Beans",Local,26/07/2026,3500,4000,3750
"Tamil Nadu",Coimbatore,"Kurichi(Uzhavar Sandhai )","Green Chilli","Green Chilly",Local,26/07/2026,4500,5000,4750
"Tamil Nadu",Coimbatore,"Kurichi(Uzhavar Sandhai )","Sweet Potato","Hosur Red",Local,26/07/2026,3500,4000,3750
"Tamil Nadu",Coimbatore,"Kurichi(Uzhavar Sandhai )",Cucumbar(Kheera),Cucumbar,Local,26/07/2026,3500,4000,3750
"Tamil Nadu",Coimbatore,"Kurichi(Uzhavar Sandhai )",Lemon,Lemon,Local,26/07/2026,7500,8000,7750
"Tamil Nadu",Coimbatore,"Kurichi(Uzhavar Sandhai )",Mint(Pudina),Mint(Pudina),Local,26/07/2026,6500,7000,6750
"Tamil Nadu",Cuddalore,"Chidambaram(Uzhavar Sandhai )","Banana - Green","Banana - Green",Local,26/07/2026,2500,3000,2750
"Tamil Nadu",Cuddalore,"Cuddalore(Uzhavar Sandhai )",Banana,Besrai,Local,26/07/2026,4000,8000,6000
"Tamil Nadu",Cuddalore,"Cuddalore(Uzhavar Sandhai )",Coriander(Leaves),"I Sort",Local,26/07/2026,6000,6000,6000
"Tamil Nadu",Cuddalore,"Cuddalore(Uzhavar Sandhai )",Tomato,Deshi,Local,26/07/2026,1800,1800,1800
"Tamil Nadu",Cuddalore,"Cuddalore(Uzhavar Sandhai )","Cluster beans","Cluster Beans",Local,26/07/2026,5000,5000,5000
"Tamil Nadu",Cuddalore,"Cuddalore(Uzhavar Sandhai )",Tapioca,Tapioca,Local,26/07/2026,4000,5000,4500
"Tamil Nadu",Cuddalore,"Cuddalore(Uzhavar Sandhai )",Beetroot,Beetroot,Local,26/07/2026,4000,4000,4000
"Tamil Nadu",Cuddalore,"Cuddalore(Uzhavar Sandhai )",Ridgeguard(Tori),Ridgeguard(Tori),Local,26/07/2026,7000,8000,7500
"Tamil Nadu",Chengalpattu,"Thirukalukundram(Uzhavar Sandhai )","Bottle gourd","Bottle Gourd",Local,26/07/2026,2900,3200,3050
"Tamil Nadu",Chengalpattu,"Thirukalukundram(Uzhavar Sandhai )","Bhindi(Ladies Finger)",Bhindi,Local,26/07/2026,3500,4000,3750
"Tamil Nadu",Chengalpattu,"Thirukalukundram(Uzhavar Sandhai )",Beetroot,Beetroot,Local,26/07/2026,4500,5000,4750
"Tamil Nadu",Chengalpattu,"Thirukalukundram(Uzhavar Sandhai )",Raddish,Raddish,Local,26/07/2026,3700,4400,4050
"Tamil Nadu",Tuticorin,"Tuticorin(Uzhavar Sandhai )",Banana,Besrai,Local,26/07/2026,2500,3000,2750
"Tamil Nadu",Tuticorin,"Tuticorin(Uzhavar Sandhai )","Green Peas","Green Peas",Local,26/07/2026,19000,20000,19500
"Tamil Nadu",Tuticorin,"Tuticorin(Uzhavar Sandhai )",Chikoos(Sapota),Sapota,Local,26/07/2026,4500,5000,4750
"Tamil Nadu",Tuticorin,"Tuticorin(Uzhavar Sandhai )",Amaranthus,Amaranthus,Local,26/07/2026,800,1000,900
"Tamil Nadu",Tuticorin,"Tuticorin(Uzhavar Sandhai )",Coconut,Coconut,Local,26/07/2026,5000,6000,5500
"Tamil Nadu",Tuticorin,"Tuticorin(Uzhavar Sandhai )","Green Avare(W)",Other,Local,26/07/2026,9000,10000,9500
"Tamil Nadu",Tuticorin,"Tuticorin(Uzhavar Sandhai )","Chow Chow","Chow Chow",Local,26/07/2026,4000,4500,4250
"Tamil Nadu",Tuticorin,"Tuticorin(Uzhavar Sandhai )",Guava,"Guava Allahabad",Local,26/07/2026,5000,6000,5500
"Tamil Nadu",Tuticorin,"Tuticorin(Uzhavar Sandhai )","Amla(Nelli Kai)",Amla,Local,26/07/2026,7500,8000,7750
Chattisgarh,Dhamtari,"Kurud APMC",Paddy(Common),"I.R. 64",FAQ,26/07/2026,2150,2325,2210
Assam,Tinsukia,"Tinsukia Market","French Beans(Frasbean)",Other,FAQ,26/07/2026,7000,9000,8000
Assam,Tinsukia,"Tinsukia Market",Raddish,Other,FAQ,26/07/2026,2000,2600,2400
"Tamil Nadu","Nagercoil (Kannyiakumari)","Vadaseri APMC",Onion,Bellary,Local,26/07/2026,4300,4800,4550
"Tamil Nadu","Nagercoil (Kannyiakumari)","Vadaseri APMC",Potato,"Red Nanital",Local,26/07/2026,3000,3500,3250
"Tamil Nadu","Nagercoil (Kannyiakumari)","Vadaseri APMC",Coriander(Leaves),"I Sort",Local,26/07/2026,6500,7000,6750
"Tamil Nadu","Nagercoil (Kannyiakumari)","Vadaseri APMC","Bitter gourd","Bitter Gourd",Local,26/07/2026,7500,8000,7750
"Tamil Nadu","Nagercoil (Kannyiakumari)","Vadaseri APMC","Bottle gourd","Bottle Gourd",Local,26/07/2026,1900,2200,2050
"Tamil Nadu","Nagercoil (Kannyiakumari)","Vadaseri APMC",Ashgourd,Gouard,Local,26/07/2026,2700,3000,2850
"Tamil Nadu","Nagercoil (Kannyiakumari)","Vadaseri APMC",Pumpkin,Pumpkin,Local,26/07/2026,1700,2000,1850
"Tamil Nadu","Nagercoil (Kannyiakumari)","Vadaseri APMC",Raddish,Raddish,Local,26/07/2026,4500,5000,4750
"Tamil Nadu","Nagercoil (Kannyiakumari)","Vadaseri APMC",Lime,Lime,Local,26/07/2026,5500,6000,5750
"Tamil Nadu","Nagercoil (Kannyiakumari)","Vadaseri APMC",Jasmine,Jasmine,Local,26/07/2026,35000,40000,37500
"Tamil Nadu","Nagercoil (Kannyiakumari)","Vadaseri APMC",Kakada,Kakada,Local,26/07/2026,25000,30000,27500
"Tamil Nadu",Pudukkottai,"Karambakkudi(Uzhavar Sandhai )",Coriander(Leaves),"I Sort",Local,26/07/2026,4500,5000,4750
"Tamil Nadu",Pudukkottai,"Karambakkudi(Uzhavar Sandhai )",Papaya,Papaya,Local,26/07/2026,2500,3000,2750
"Tamil Nadu",Pudukkottai,"Karambakkudi(Uzhavar Sandhai )",Coconut,Coconut,Local,26/07/2026,3500,4000,3750
"Tamil Nadu",Pudukkottai,"Karambakkudi(Uzhavar Sandhai )",Mango(Raw-Ripe),"Mango - Raw-Ripe",Local,26/07/2026,2500,3000,2750
"Tamil Nadu",Pudukkottai,"Karambakkudi(Uzhavar Sandhai )","Onion Green","Onion Green",Local,26/07/2026,6000,7000,6500
"Tamil Nadu",Pudukkottai,"Karambakkudi(Uzhavar Sandhai )",Mint(Pudina),Mint(Pudina),Local,26/07/2026,4500,5000,4750
Maharashtra,Raigad,"Murud APMC",Rice,Other,Local,26/07/2026,4000,4500,4250
Maharashtra,Ahilyanagar,"Rahata APMC",Ginger(Green),Other,Local,26/07/2026,8000,12000,10000
Maharashtra,Ahilyanagar,"Rahata APMC",Potato,Other,Local,26/07/2026,1000,1300,1150
Maharashtra,Ahilyanagar,"Rahata APMC",Cabbage,Other,Local,26/07/2026,500,2000,1250
Maharashtra,Ahilyanagar,"Rahata APMC","Chilly Capsicum",Other,Local,26/07/2026,1000,4000,2500
Maharashtra,Ahilyanagar,"Rahata APMC",Ridgeguard(Tori),Other,Local,26/07/2026,1000,6000,3500
Maharashtra,Ahilyanagar,"Rahata APMC","Little gourd(Kundru)",Other,Local,26/07/2026,1000,2000,1500
Maharashtra,Ahilyanagar,"Rahata APMC","Green Chilli",Other,Local,26/07/2026,2000,4000,3000
"Tamil Nadu",Vellore,"Thirupathur APMC",Mango,Safeda,Local,26/07/2026,4000,4000,4000
"Tamil Nadu",Vellore,"Thirupathur APMC",Coriander(Leaves),"I Sort",Local,26/07/2026,8000,8000,8000
"Tamil Nadu",Vellore,"Thirupathur APMC","Bitter gourd","Bitter Gourd",Local,26/07/2026,5000,5000,5000
"Tamil Nadu",Vellore,"Thirupathur APMC",Amaranthus,Amaranthus,Local,26/07/2026,2000,2000,2000
"Tamil Nadu",Vellore,"Thirupathur APMC",Cowpea(Veg),"Cowpea (Veg)",Local,26/07/2026,6000,6000,6000
"Tamil Nadu",Vellore,"Thirupathur APMC","Banana - Green","Banana - Green",Local,26/07/2026,2500,2500,2500
"Tamil Nadu",Vellore,"Thirupathur APMC",Tapioca,Tapioca,Local,26/07/2026,3000,3000,3000
"Tamil Nadu",Vellore,"Thirupathur APMC",Cabbage,Cabbage,Local,26/07/2026,3600,3600,3600
"Tamil Nadu",Vellore,"Thirupathur APMC",Yam(Ratalu),"Yam (Ratalu)",Local,26/07/2026,4000,4000,4000
"Tamil Nadu",Vellore,"Thirupathur APMC","Amla(Nelli Kai)",Amla,Local,26/07/2026,8000,8000,8000
"Tamil Nadu",Vellore,"Thirupathur APMC",Mint(Pudina),Mint(Pudina),Local,26/07/2026,5000,5000,5000
"Tamil Nadu",Vellore,"Vellore APMC",Onion,Bellary,Local,26/07/2026,3600,3800,3700
"Tamil Nadu",Vellore,"Vellore APMC",Potato,"Red Nanital",Local,26/07/2026,2300,2600,2450
"Tamil Nadu",Vellore,"Vellore APMC",Garlic,Garlic,Local,26/07/2026,20000,21000,20500
"Tamil Nadu",Vellore,"Vellore APMC",Apple,American,Local,26/07/2026,24000,24000,24000
"Tamil Nadu",Vellore,"Vellore APMC",Mango,Neelam,Local,26/07/2026,3000,4000,3500
"Tamil Nadu",Vellore,"Vellore APMC",Brinjal,Round,Local,26/07/2026,7500,8500,8000
"Tamil Nadu",Vellore,"Vellore APMC","Cluster beans","Cluster Beans",Local,26/07/2026,4000,4500,4250
"Tamil Nadu",Vellore,"Vellore APMC","Bottle gourd","Bottle Gourd",Local,26/07/2026,2000,2500,2250
"Tamil Nadu",Vellore,"Vellore APMC",Coconut,Coconut,Local,26/07/2026,2500,3500,3000
"Tamil Nadu",Vellore,"Vellore APMC","Chow Chow","Chow Chow",Local,26/07/2026,2500,3000,2750
"Tamil Nadu",Vellore,"Vellore APMC","Indian Beans(Seam)","Indian Beans (Seam)",Local,26/07/2026,4500,5000,4750
"Tamil Nadu",Vellore,"Vellore APMC","Sweet Corn ","Sweet Corn ",Local,26/07/2026,2500,3000,2750
Bihar,Sheikhpura,"Shekhpura APMC",Brinjal,"Arkasheela Mattigulla",FAQ,26/07/2026,2925,3065,2985
"Tamil Nadu",Dharmapuri,"Harur(Uzhavar Sandhai )",Potato,Other,Local,26/07/2026,2500,3000,2750
"Tamil Nadu",Dharmapuri,"Harur(Uzhavar Sandhai )",Brinjal,Other,Local,26/07/2026,3500,4000,3750
"Tamil Nadu",Dharmapuri,"Harur(Uzhavar Sandhai )","Bitter gourd",Other,Local,26/07/2026,5000,5500,5250
"Tamil Nadu",Dharmapuri,"Harur(Uzhavar Sandhai )","Bhindi(Ladies Finger)",Bhindi,Local,26/07/2026,2000,2500,2250
"Tamil Nadu",Dharmapuri,"Harur(Uzhavar Sandhai )","Banana - Green","Banana - Green",Local,26/07/2026,2000,2500,2250
"Tamil Nadu",Dharmapuri,"Harur(Uzhavar Sandhai )","Sweet Potato","Hosur Red",Local,26/07/2026,3500,4000,3750
"Tamil Nadu",Dharmapuri,"Harur(Uzhavar Sandhai )",Cucumbar(Kheera),Cucumbar,Local,26/07/2026,4500,5000,4750
"Tamil Nadu",Dharmapuri,"Harur(Uzhavar Sandhai )",Raddish,Raddish,Local,26/07/2026,2500,3000,2750
"Tamil Nadu",Dharmapuri,"Harur(Uzhavar Sandhai )","Green Avare(W)",Other,Local,26/07/2026,5000,6000,5500
"Tamil Nadu",Dharmapuri,"Harur(Uzhavar Sandhai )",Drumstick,Drumstick,Local,26/07/2026,6000,7000,6500
"Tamil Nadu",Krishnagiri,"Kaveripattinam(Uzhavar Sandhai )",Potato,"Red Nanital",Local,26/07/2026,4000,4000,4000
"Tamil Nadu",Krishnagiri,"Kaveripattinam(Uzhavar Sandhai )",Coriander(Leaves),"I Sort",Local,26/07/2026,7000,7000,7000
"Tamil Nadu",Krishnagiri,"Kaveripattinam(Uzhavar Sandhai )",Tomato,Local,Local,26/07/2026,2000,2000,2000
"Tamil Nadu",Krishnagiri,"Kaveripattinam(Uzhavar Sandhai )",Coconut,Coconut,Local,26/07/2026,5000,6000,5500
"Tamil Nadu",Krishnagiri,"Kaveripattinam(Uzhavar Sandhai )",Raddish,Raddish,Local,26/07/2026,3000,3000,3000
"Tamil Nadu",Krishnagiri,"Kaveripattinam(Uzhavar Sandhai )","Green Avare(W)","Green Avare (W)",Local,26/07/2026,8000,8000,8000
"Tamil Nadu",Krishnagiri,"Kaveripattinam(Uzhavar Sandhai )",Drumstick,Drumstick,Local,26/07/2026,4000,4000,4000
"Tamil Nadu",Krishnagiri,"Kaveripattinam(Uzhavar Sandhai )",Mango(Raw-Ripe),"Mango - Raw-Ripe",Local,26/07/2026,3000,4000,3500
"Tamil Nadu",Krishnagiri,"Kaveripattinam(Uzhavar Sandhai )","Onion Green","Onion Green",Local,26/07/2026,6000,7000,6500
"Tamil Nadu","The Nilgiris","Coonoor(Uzhavar Sandhai )",Onion,Bellary,Local,26/07/2026,3800,4200,4000
"Tamil Nadu","The Nilgiris","Coonoor(Uzhavar Sandhai )",Pumpkin,Pumpkin,Local,26/07/2026,2000,2400,2200
"Tamil Nadu","The Nilgiris","Coonoor(Uzhavar Sandhai )",Amaranthus,Amaranthus,Local,26/07/2026,5500,6000,5750
"Tamil Nadu","The Nilgiris","Coonoor(Uzhavar Sandhai )",Ginger(Green),"Green Ginger",Local,26/07/2026,16000,17000,16500
"Tamil Nadu","The Nilgiris","Coonoor(Uzhavar Sandhai )",Coconut,Coconut,Local,26/07/2026,5000,5400,5200
"Tamil Nadu","The Nilgiris","Coonoor(Uzhavar Sandhai )",Carrot,Pusakesar,Local,26/07/2026,4500,5000,4750
"Tamil Nadu","The Nilgiris","Coonoor(Uzhavar Sandhai )",Beetroot,Beetroot,Local,26/07/2026,5600,6000,5800
"Tamil Nadu","The Nilgiris","Coonoor(Uzhavar Sandhai )",Ridgeguard(Tori),Ridgeguard(Tori),Local,26/07/2026,4500,5000,4750
"Tamil Nadu","The Nilgiris","Coonoor(Uzhavar Sandhai )",Thondekai,Thondekai,Local,26/07/2026,4500,5000,4750
"Tamil Nadu","The Nilgiris","Coonoor(Uzhavar Sandhai )",Lime,Lime,Local,26/07/2026,13000,14000,13500
"Tamil Nadu","The Nilgiris","Coonoor(Uzhavar Sandhai )","Elephant Yam(Suran)/Amorphophallus","Elephant Yam (Suran)",Local,26/07/2026,3500,4000,3750
"Tamil Nadu","The Nilgiris","Coonoor(Uzhavar Sandhai )",Mint(Pudina),Mint(Pudina),Local,26/07/2026,5500,6000,5750
"Tamil Nadu","The Nilgiris","Gudalur(Uzhavar Sandhai )",Garlic,Garlic,Local,26/07/2026,20000,21000,20500
"Tamil Nadu","The Nilgiris","Gudalur(Uzhavar Sandhai )",Thondekai,Thondekai,Local,26/07/2026,3500,4000,3750
"Tamil Nadu","The Nilgiris","Gudalur(Uzhavar Sandhai )","Green Avare(W)","Green Avare (W)",Local,26/07/2026,7000,7500,7250
"Tamil Nadu","The Nilgiris","Gudalur(Uzhavar Sandhai )","Elephant Yam(Suran)/Amorphophallus","Elephant Yam (Suran)",Local,26/07/2026,3500,4000,3750
"Himachal Pradesh",Kullu,"SMY Bhuntar","Green Chilli",Other,FAQ,26/07/2026,3000,3500,3200
"Himachal Pradesh",Kullu,"SMY Bhuntar",Carrot,Other,FAQ,26/07/2026,3200,3600,3400
"Himachal Pradesh",Kullu,"SMY Bhuntar","Bitter gourd","Bitter Gourd",FAQ,26/07/2026,2000,2500,2200
"Himachal Pradesh",Kullu,"SMY Bhuntar",Apple,Apple,Medium,26/07/2026,7000,22000,15000
"Himachal Pradesh",Kullu,"SMY Bhuntar",Banana,Other,Medium,26/07/2026,3800,4000,3900
"Himachal Pradesh",Kullu,"SMY Bhuntar",Pear(Marasebu),Other,Medium,26/07/2026,4000,12000,8000
"Himachal Pradesh",Kullu,"SMY Bhuntar","French Beans(Frasbean)",Other,FAQ,26/07/2026,5500,6000,5800
Uttarakhand,Dehradoon,"Vikasnagar APMC","Bhindi(Ladies Finger)",Other,Medium,26/07/2026,700,1200,1200
Haryana,Faridabad,"Ballabhgarh APMC",Pumpkin,Other,FAQ,26/07/2026,1000,1500,1200
Haryana,Faridabad,"Ballabhgarh APMC","Bottle gourd",Other,FAQ,26/07/2026,1400,1800,1600
Haryana,Hissar,"Hansi APMC",Beetroot,Other,FAQ,26/07/2026,1500,2000,1750
Haryana,Hissar,"Hansi APMC",Ginger(Dry),Other,FAQ,26/07/2026,12000,14000,13000
Haryana,Hissar,"Hansi APMC","Bottle gourd",Other,FAQ,26/07/2026,800,1200,1000
Haryana,Hissar,"Hansi APMC",Lemon,Other,FAQ,26/07/2026,6000,10000,8000
Haryana,Hissar,"Hansi APMC",Capsicum,Other,FAQ,26/07/2026,5000,6000,5500
Uttarakhand,Haridwar,"Lakshar APMC",Wheat,Other,Local,26/07/2026,2585,2600,2600
Uttarakhand,Udhamsinghnagar,"Jaspur(UC) APMC","Bitter gourd","Bitter Gourd",FAQ,26/07/2026,2800,2800,2800
"Andhra Pradesh",Annamayya,"Kalikiri APMC",Tomato,Hybrid,FAQ,26/07/2026,1000,1500,1250
"Himachal Pradesh",Kullu,"SMY Shatt",Apple,Apple,Medium,26/07/2026,5000,15000,10000
Keralam,Kozhikode(Calicut),"Mukkom Market",Tomato,Tomato,FAQ,26/07/2026,2800,3200,3000
Keralam,Kozhikode(Calicut),"Mukkom Market",Amaranthus,Amaranthus,FAQ,26/07/2026,3000,3300,3100
Keralam,Kozhikode(Calicut),"Mukkom Market",Cabbage,Cabbage,FAQ,26/07/2026,3200,3600,3400
Keralam,Kozhikode(Calicut),"Mukkom Market",Cucumbar(Kheera),Cucumbar,FAQ,26/07/2026,1900,2100,2000
Keralam,Kozhikode(Calicut),"Mukkom Market",Banana,Other,Large,26/07/2026,5200,5588,5300
Keralam,Kozhikode(Calicut),"Mukkom Market",Pineapple,Other,Large,26/07/2026,7000,8000,7500
Telangana,Hyderabad,"RYTHU BAZAR FALAKNUMA",Colacasia,Colacasia,"Grade B",26/07/2026,2800,2800,2800
Telangana,Hyderabad,"RYTHU BAZAR FALAKNUMA","Field Bean(Anumulu)","Field Bean(Anumulu)","Grade B",26/07/2026,7000,7000,7000
Telangana,Hyderabad,"RYTHU BAZAR FALAKNUMA","Cluster beans","Cluster Beans","Grade B",26/07/2026,3500,3500,3500
Keralam,Kollam,"Anchal Market",Banana,"Nendra Bale",Medium,26/07/2026,7300,7300,7300
Keralam,Kollam,"Anchal Market","Bhindi(Ladies Finger)",Bhindi,Local,26/07/2026,4700,4700,4700
Keralam,Kollam,"Anchal Market",Banana,Rasakathai,Medium,26/07/2026,6700,6700,6700
Keralam,Kollam,"Anchal Market",Pumpkin,Pumpkin,Local,26/07/2026,2700,2700,2700
Keralam,Kollam,"Anchal Market","Bottle gourd","Bottle Gourd",Local,26/07/2026,2700,2700,2700
Rajasthan,Jalore,"Jalore APMC",Cabbage,Cabbage,Local,26/07/2026,1000,1100,1050
Odisha,Bolangir,"Kantabaji APMC",Cauliflower,Other,"Grade B",26/07/2026,3500,4500,4000
Keralam,Kottayam,"Ettumanoor Market","Banana - Green","Banana - Green",FAQ,26/07/2026,5500,7000,6500
Keralam,Kottayam,"Ettumanoor Market",Onion,Big,FAQ,26/07/2026,3300,3700,3500
"Andhra Pradesh","East Godavari","Anaparthy APMC",Paddy(Common),Paddy,FAQ,26/07/2026,2369,2420,2369
Keralam,Thirssur,"Marottichal  VFPCK Market",Banana,Robusta,"Grade A",26/07/2026,2100,2500,2300
"Tamil Nadu",Thanjavur,"Tirukattupalli(Uzhavar Sandhai )",Onion,Bellary,Local,26/07/2026,3800,3800,3800
"Tamil Nadu",Thanjavur,"Tirukattupalli(Uzhavar Sandhai )",Potato,"Red Nanital",Local,26/07/2026,2800,2800,2800
"Tamil Nadu",Thanjavur,"Tirukattupalli(Uzhavar Sandhai )",Beans,"Beans (Whole)",Local,26/07/2026,6400,6400,6400
"Tamil Nadu",Thanjavur,"Tirukattupalli(Uzhavar Sandhai )",Coconut,Coconut,Local,26/07/2026,6000,6000,6000
"Tamil Nadu",Thanjavur,"Tirukattupalli(Uzhavar Sandhai )",Carrot,Pusakesar,Local,26/07/2026,9600,9600,9600
"Tamil Nadu",Thiruchirappalli,"Thuraiyur APMC",Potato,Other,Local,26/07/2026,2200,2500,2350
"Tamil Nadu",Thiruchirappalli,"Thuraiyur APMC",Tomato,Other,Local,26/07/2026,1600,2000,1800
"Tamil Nadu",Thiruchirappalli,"Thuraiyur APMC","Bottle gourd","Bottle Gourd",Local,26/07/2026,2500,3000,2750
"Tamil Nadu",Thiruchirappalli,"Thuraiyur APMC",Amaranthus,Amaranthus,Local,26/07/2026,1500,2000,1750
"Tamil Nadu",Thiruchirappalli,"Thuraiyur APMC","Green Chilli","Green Chilly",Local,26/07/2026,4600,5200,4900
"Tamil Nadu",Thiruchirappalli,"Thuraiyur APMC",Cowpea(Veg),"Cowpea (Veg)",Local,26/07/2026,4000,4500,4250
"Tamil Nadu",Thiruchirappalli,"Thuraiyur APMC",Ginger(Green),"Green Ginger",Local,26/07/2026,18000,20000,19000
"Tamil Nadu",Thiruchirappalli,"Thuraiyur APMC",Snakeguard,Snakeguard,Local,26/07/2026,4000,4500,4250
"Tamil Nadu",Thiruchirappalli,"Thuraiyur APMC",Beetroot,Beetroot,Local,26/07/2026,4200,4800,4500
"Tamil Nadu",Thiruchirappalli,"Thuraiyur APMC",Capsicum,Capsicum,Local,26/07/2026,5600,6500,6050
"Tamil Nadu",Thiruchirappalli,"Thuraiyur APMC",Yam(Ratalu),"Yam (Ratalu)",Local,26/07/2026,7000,8000,7500
Karnataka,Koppal,"Kustagi APMC","Neem Seed","Neem Seed",Medium,26/07/2026,800,1680,1571
"Tamil Nadu",Villupuram,"Tindivanam APMC",Banana,Besrai,Local,26/07/2026,6000,6000,6000
"Tamil Nadu",Villupuram,"Tindivanam APMC",Papaya,Papaya,Local,26/07/2026,4000,4000,4000
"Tamil Nadu",Villupuram,"Tindivanam APMC","Cluster beans","Cluster Beans",Local,26/07/2026,4500,4500,4500
"Tamil Nadu",Villupuram,"Tindivanam APMC",Beetroot,Beetroot,Local,26/07/2026,4000,4000,4000
"Tamil Nadu",Villupuram,"Tindivanam APMC",Cucumbar(Kheera),Cucumbar,Local,26/07/2026,4000,4000,4000
"Tamil Nadu",Villupuram,"Tindivanam APMC",Capsicum,Capsicum,Local,26/07/2026,8500,8500,8500
"Tamil Nadu",Villupuram,"Tindivanam APMC","Knool Khol","Knool Khol",Local,26/07/2026,7000,7000,7000
"Tamil Nadu",Villupuram,"Tindivanam APMC",Mint(Pudina),Mint(Pudina),Local,26/07/2026,6000,6000,6000
"Tamil Nadu",Villupuram,"Ulundurpettai APMC",Banana,Besrai,Local,26/07/2026,3000,4000,3500
"Tamil Nadu",Villupuram,"Ulundurpettai APMC",Brinjal,Round,Local,26/07/2026,8000,8000,8000
"Tamil Nadu",Villupuram,"Ulundurpettai APMC",Coriander(Leaves),"I Sort",Local,26/07/2026,6000,6000,6000
"Tamil Nadu",Villupuram,"Ulundurpettai APMC",Papaya,Papaya,Local,26/07/2026,2500,2500,2500
"Tamil Nadu",Villupuram,"Ulundurpettai APMC",Tomato,Deshi,Local,26/07/2026,2000,2000,2000
"Tamil Nadu",Villupuram,"Ulundurpettai APMC",Ashgourd,Gouard,Local,26/07/2026,2000,2000,2000
"Tamil Nadu",Villupuram,"Ulundurpettai APMC","Green Chilli","Green Chilly",Local,26/07/2026,6000,6000,6000
"Tamil Nadu",Villupuram,"Ulundurpettai APMC","Banana - Green","Banana - Green",Local,26/07/2026,3000,3000,3000
"Tamil Nadu",Villupuram,"Ulundurpettai APMC",Ginger(Green),"Green Ginger",Local,26/07/2026,13000,13000,13000
"Tamil Nadu",Villupuram,"Ulundurpettai APMC","Green Avare(W)","Green Avare (W)",Local,26/07/2026,8000,8000,8000
"Tamil Nadu",Villupuram,"Ulundurpettai APMC",Drumstick,Drumstick,Local,26/07/2026,6000,6000,6000
"Tamil Nadu",Villupuram,"Ulundurpettai APMC",Yam(Ratalu),"Yam (Ratalu)",Local,26/07/2026,3000,3000,3000
Maharashtra,"Chattrapati Sambhajinagar","Chattrapati Sambhajinagar APMC","Mousambi(Sweet Lime)",Other,Local,26/07/2026,2000,5500,3750
Maharashtra,"Chattrapati Sambhajinagar","Chattrapati Sambhajinagar APMC",Potato,Other,Local,26/07/2026,1000,1100,1050
Maharashtra,"Chattrapati Sambhajinagar","Chattrapati Sambhajinagar APMC",Carrot,Other,Local,26/07/2026,1200,2000,1600
Maharashtra,"Chattrapati Sambhajinagar","Chattrapati Sambhajinagar APMC",Mango(Raw-Ripe),Other,Local,26/07/2026,1600,2200,1900
Maharashtra,"Chattrapati Sambhajinagar","Chattrapati Sambhajinagar APMC",Cucumbar(Kheera),Other,Local,26/07/2026,1000,1500,1250
Maharashtra,"Chattrapati Sambhajinagar","Chattrapati Sambhajinagar APMC","Bitter gourd",Other,Local,26/07/2026,1200,3500,2350
Maharashtra,"Chattrapati Sambhajinagar","Chattrapati Sambhajinagar APMC",Ridgeguard(Tori),Other,Local,26/07/2026,3500,4000,3750
"Uttar Pradesh",Etah,"Etah APMC",Wheat,Dara,FAQ,26/07/2026,2500,2500,2500
Maharashtra,Pune,"Pune APMC","Mousambi(Sweet Lime)",Other,Local,26/07/2026,4000,8000,6000
Maharashtra,Pune,"Pune APMC","Jack Fruit(Ripe)",Other,Local,26/07/2026,1500,2000,1700
Maharashtra,Pune,"Pune APMC",Peach,Other,Local,26/07/2026,500,10000,7500
Maharashtra,Pune,"Pune APMC",Plum,Other,Local,26/07/2026,4000,10000,7000
Maharashtra,Pune,"Pune APMC",Beetroot,Other,Local,26/07/2026,1000,2000,1500
Maharashtra,Pune,"Pune APMC",Beans,Other,Local,26/07/2026,3000,10000,3500
Maharashtra,Pune,"Pune APMC",Snakeguard,Other,Local,26/07/2026,2000,3500,2750
Maharashtra,Pune,"Pune APMC","Pointed gourd(Parval)",Other,Local,26/07/2026,2500,4500,3500
Maharashtra,Pune,"Pune APMC",Drumstick,Other,Local,26/07/2026,1000,6000,3500
Maharashtra,Pune,"Pune(Moshi) APMC",Mango,Other,Local,26/07/2026,5000,10000,7500
Maharashtra,Pune,"Pune(Moshi) APMC",Lime,Other,Local,26/07/2026,2000,3000,2500
Maharashtra,Pune,"Pune(Moshi) APMC","Pointed gourd(Parval)",Other,Local,26/07/2026,3000,3000,3000
Maharashtra,Pune,"Pune(Moshi) APMC",Ridgeguard(Tori),Other,Local,26/07/2026,3000,4000,3500
Maharashtra,Pune,"Pune(Moshi) APMC","Bhindi(Ladies Finger)",Other,Local,26/07/2026,3000,4000,3500
Maharashtra,Pune,"Pune(Moshi) APMC","Bottle gourd",Other,Local,26/07/2026,2000,3000,2500
Maharashtra,Pune,"Pune(Moshi) APMC",Guar,Other,Local,26/07/2026,4000,5000,4500
Maharashtra,Pune,"Pune(Moshi) APMC",Cucumbar(Kheera),Other,Local,26/07/2026,1000,2000,1500
Maharashtra,Pune,"Pune(Moshi) APMC","Bitter gourd",Other,Local,26/07/2026,3000,4000,3500
"Uttar Pradesh",Azamgarh,"Azamgarh APMC",Wheat,Local,FAQ,26/07/2026,2425,2425,2425
"Uttar Pradesh",Badaun,"Babrala APMC",Wheat,Dara,Local,26/07/2026,2530,2550,2540
"Uttar Pradesh",Aligarh,"Khair APMC",Paddy(Common),Other,FAQ,26/07/2026,3771,3771,3771
Gujarat,Amreli,"Damnagar APMC",Brinjal,Other,Local,26/07/2026,1500,1500,1500
Gujarat,Amreli,"Damnagar APMC",Ginger(Green),"Green Ginger",Local,26/07/2026,8000,8000,8000
Gujarat,Amreli,"Damnagar APMC",Cabbage,Cabbage,Local,26/07/2026,3500,3500,3500
Gujarat,Rajkot,"Gondal(Veg.market Gondal) APMC","Mousambi(Sweet Lime)",Mousambi,Local,26/07/2026,2500,3000,2750
Gujarat,Rajkot,"Gondal(Veg.market Gondal) APMC",Orange,Orange,Local,26/07/2026,6650,12000,9325
Gujarat,Rajkot,"Gondal(Veg.market Gondal) APMC",Cucumbar(Kheera),Cucumbar,Local,26/07/2026,500,3000,1750
"Tamil Nadu",Madurai,"Chokkikulam(Uzhavar Sandhai )",Potato,"Red Nanital",Local,26/07/2026,4000,6000,5000
"Tamil Nadu",Madurai,"Chokkikulam(Uzhavar Sandhai )",Soyabean,Local,Local,26/07/2026,9000,10000,9500
"Tamil Nadu",Madurai,"Chokkikulam(Uzhavar Sandhai )",Brinjal,Round,Local,26/07/2026,5000,5500,5250
"Tamil Nadu",Madurai,"Chokkikulam(Uzhavar Sandhai )","Green Peas","Green Peas",Local,26/07/2026,14000,15000,14500
"Tamil Nadu",Madurai,"Chokkikulam(Uzhavar Sandhai )","Mousambi(Sweet Lime)",Mousambi,Local,26/07/2026,9000,10000,9500
"Tamil Nadu",Madurai,"Chokkikulam(Uzhavar Sandhai )","Cluster beans","Cluster Beans",Local,26/07/2026,3000,3600,3300
"Tamil Nadu",Madurai,"Chokkikulam(Uzhavar Sandhai )",Pumpkin,Pumpkin,Local,26/07/2026,2000,2400,2200
"Tamil Nadu",Madurai,"Chokkikulam(Uzhavar Sandhai )","Green Chilli","Green Chilly",Local,26/07/2026,3600,5600,4600
"Tamil Nadu",Madurai,"Chokkikulam(Uzhavar Sandhai )","Banana - Green","Banana - Green",Local,26/07/2026,2000,2400,2200
"Tamil Nadu",Madurai,"Chokkikulam(Uzhavar Sandhai )",Capsicum,Capsicum,Local,26/07/2026,9000,10000,9500
"Tamil Nadu",Madurai,"Chokkikulam(Uzhavar Sandhai )","Chow Chow","Chow Chow",Local,26/07/2026,2400,3000,2700
"Tamil Nadu",Madurai,"Chokkikulam(Uzhavar Sandhai )",Guava,"Guava Allahabad",Local,26/07/2026,7000,8000,7500
"Tamil Nadu",Madurai,"Chokkikulam(Uzhavar Sandhai )","Elephant Yam(Suran)/Amorphophallus","Elephant Yam (Suran)",Local,26/07/2026,5000,5500,5250
"Tamil Nadu",Madurai,"Chokkikulam(Uzhavar Sandhai )",Colacasia,Colacasia,Local,26/07/2026,4000,5000,4500
"Uttar Pradesh",Hardoi,"Shahabad(New Mandi) APMC",Wood,Other,FAQ,26/07/2026,400,400,400
"Uttar Pradesh",Hardoi,"Shahabad(New Mandi) APMC",Wheat,Other,FAQ,26/07/2026,2400,2400,2400
"Uttar Pradesh",Ghaziabad,"Noida APMC","Masur Dal",Other,FAQ,26/07/2026,8634,8634,8634
"Uttar Pradesh",Ghaziabad,"Noida APMC",Makhana(Foxnut),Other,FAQ,26/07/2026,99060,101880,100470
"Uttar Pradesh",Ghaziabad,"Noida APMC","Dal Mix",Other,FAQ,26/07/2026,9804.68,16236,10487.92
"Uttar Pradesh",Ambedkarnagar,"Akbarpur APMC",Wheat,Other,FAQ,26/07/2026,2500,2500,2500
"Andhra Pradesh",Tirupathi,"Pakala APMC",Gur(Jaggery),"NO 3",Local,26/07/2026,3000,3000,3000
Telangana,Warangal,"Warangal APMC",Beetroot,Beetroot,FAQ,26/07/2026,3200,3600,3400
Telangana,Warangal,"Warangal APMC","Cluster beans","Cluster Beans",FAQ,26/07/2026,2500,3000,2750
Telangana,Warangal,"Warangal APMC",Capsicum,Capsicum,FAQ,26/07/2026,4500,5000,4750
Telangana,Warangal,"Warangal APMC",Thondekai,Thondekai,FAQ,26/07/2026,1000,1200,1100
"Uttar Pradesh",Bulandshahar,"Sikanderabad APMC",Wheat,Dara,FAQ,26/07/2026,2500,2500,2500
"Andhra Pradesh",Prakasam,"Addanki APMC",Maize,Local,Local,26/07/2026,2400,2430,2420
"Andhra Pradesh",Prakasam,"Kandukur APMC",Paddy(Common),Other,Local,26/07/2026,2380,2450,2400
"Uttar Pradesh",Agra,"Fatehabad APMC","Green Gram(Moong)(Whole)",Other,FAQ,26/07/2026,5900,5900,5900
"Uttar Pradesh",Bareilly,"Anwala APMC",Maize,Other,FAQ,26/07/2026,1825,1825,1825
"Uttar Pradesh",Bareilly,"Anwala APMC",Wheat,Other,FAQ,26/07/2026,2550,2550,2550
"Uttar Pradesh",Varanasi,"Varanasi APMC",Fish,Other,FAQ,26/07/2026,4500,4500,4500
"Uttar Pradesh",Varanasi,"Varanasi APMC",Potato,Other,FAQ,26/07/2026,800,800,800
"Uttar Pradesh",Varanasi,"Varanasi APMC",Tomato,Other,FAQ,26/07/2026,1500,1500,1500
Uttarakhand,Haridwar,"Roorkee APMC",Onion,Other,Medium,26/07/2026,2000,4000,3000
Uttarakhand,Haridwar,"Roorkee APMC","Bottle gourd",Other,Local,26/07/2026,650,850,750
"Tamil Nadu",Cuddalore,"Viruthachalam(Uzhavar Sandhai )",Tomato,Deshi,Local,26/07/2026,2000,2000,2000
"Tamil Nadu",Cuddalore,"Viruthachalam(Uzhavar Sandhai )","Bitter gourd","Bitter Gourd",Local,26/07/2026,6000,6000,6000
"Tamil Nadu",Cuddalore,"Viruthachalam(Uzhavar Sandhai )","Bottle gourd","Bottle Gourd",Local,26/07/2026,3000,3000,3000
"Tamil Nadu",Cuddalore,"Viruthachalam(Uzhavar Sandhai )","Banana - Green","Banana - Green",Local,26/07/2026,2500,3000,2750
"Tamil Nadu",Cuddalore,"Viruthachalam(Uzhavar Sandhai )",Ginger(Green),"Green Ginger",Local,26/07/2026,7000,20000,13500
"Tamil Nadu",Cuddalore,"Viruthachalam(Uzhavar Sandhai )",Carrot,Pusakesar,Local,26/07/2026,8000,8000,8000
"Tamil Nadu",Cuddalore,"Viruthachalam(Uzhavar Sandhai )",Cabbage,Cabbage,Local,26/07/2026,4000,4000,4000
"Tamil Nadu",Cuddalore,"Viruthachalam(Uzhavar Sandhai )","Chow Chow","Chow Chow",Local,26/07/2026,4000,4000,4000
"Tamil Nadu",Cuddalore,"Viruthachalam(Uzhavar Sandhai )",Mango(Raw-Ripe),"Mango - Raw-Ripe",Local,26/07/2026,3000,3000,3000
"Tamil Nadu",Cuddalore,"Viruthachalam(Uzhavar Sandhai )","Onion Green","Onion Green",Local,26/07/2026,7000,7000,7000
"Tamil Nadu",Dharmapuri,"Dharmapuri(Uzhavar Sandhai )",Banana,Besrai,Local,26/07/2026,4600,5000,4800
"Tamil Nadu",Dharmapuri,"Dharmapuri(Uzhavar Sandhai )","Bottle gourd","Bottle Gourd",Local,26/07/2026,1300,1400,1350
"Tamil Nadu",Dharmapuri,"Dharmapuri(Uzhavar Sandhai )",Ashgourd,Gouard,Local,26/07/2026,1800,2000,1900
"Tamil Nadu",Dharmapuri,"Dharmapuri(Uzhavar Sandhai )",Pumpkin,Pumpkin,Local,26/07/2026,1700,1800,1750
"Tamil Nadu",Dharmapuri,"Dharmapuri(Uzhavar Sandhai )","Green Chilli","Green Chilly",Local,26/07/2026,4200,4500,4350
"Tamil Nadu",Dharmapuri,"Dharmapuri(Uzhavar Sandhai )",Carrot,Pusakesar,Local,26/07/2026,8800,9200,9000
"Tamil Nadu",Dharmapuri,"Dharmapuri(Uzhavar Sandhai )",Ridgeguard(Tori),Ridgeguard(Tori),Local,26/07/2026,3700,4000,3850
"Tamil Nadu",Dharmapuri,"Dharmapuri(Uzhavar Sandhai )",Drumstick,Drumstick,Local,26/07/2026,6600,7000,6800
"Tamil Nadu",Dharmapuri,"Dharmapuri(Uzhavar Sandhai )","Knool Khol","Knool Khol",Local,26/07/2026,5500,6000,5750
"Tamil Nadu",Dharmapuri,"Palacode(Uzhavar Sandhai )",Onion,Bellary,Local,26/07/2026,3600,3800,3700
"Tamil Nadu",Dharmapuri,"Palacode(Uzhavar Sandhai )",Coriander(Leaves),"I Sort",Local,26/07/2026,7500,8000,7750
"Tamil Nadu",Dharmapuri,"Palacode(Uzhavar Sandhai )","Cluster beans","Cluster Beans",Local,26/07/2026,3500,3800,3650
"Tamil Nadu",Dharmapuri,"Palacode(Uzhavar Sandhai )",Coconut,Coconut,Local,26/07/2026,6000,6500,6250
"Tamil Nadu",Dharmapuri,"Palacode(Uzhavar Sandhai )",Beetroot,Beetroot,Local,26/07/2026,4600,5000,4800
"Tamil Nadu",Dharmapuri,"Palacode(Uzhavar Sandhai )",Cucumbar(Kheera),Cucumbar,Local,26/07/2026,4200,4500,4350
"Tamil Nadu",Dharmapuri,"Palacode(Uzhavar Sandhai )",Thondekai,Thondekai,Local,26/07/2026,4600,4800,4700
"Tamil Nadu",Dharmapuri,"Palacode(Uzhavar Sandhai )",Capsicum,Capsicum,Local,26/07/2026,7800,8000,7900
"Tamil Nadu",Dharmapuri,"Palacode(Uzhavar Sandhai )","Knool Khol","Knool Khol",Local,26/07/2026,5800,6000,5900
"Tamil Nadu",Dharmapuri,"Palacode(Uzhavar Sandhai )","Tamarind Fruit","Tamarind Fruit",Local,26/07/2026,10000,10500,10250
"Tamil Nadu",Dharmapuri,"Palacode(Uzhavar Sandhai )","Elephant Yam(Suran)/Amorphophallus","Elephant Yam (Suran)",Local,26/07/2026,4200,4500,4350
"Tamil Nadu",Dharmapuri,"Pennagaram(Uzhavar Sandhai )",Groundnut,"Big (With Shell)",Local,26/07/2026,6600,7000,6800
"Tamil Nadu",Dharmapuri,"Pennagaram(Uzhavar Sandhai )",Mango,Safeda,Local,26/07/2026,3600,4000,3800
"Tamil Nadu",Dharmapuri,"Pennagaram(Uzhavar Sandhai )",Cauliflower,Ranchi,Local,26/07/2026,3600,4000,3800
"Tamil Nadu",Dharmapuri,"Pennagaram(Uzhavar Sandhai )",Coriander(Leaves),"I Sort",Local,26/07/2026,7500,8000,7750
"Tamil Nadu",Dharmapuri,"Pennagaram(Uzhavar Sandhai )","Bhindi(Ladies Finger)",Bhindi,Local,26/07/2026,2600,2800,2700
"Tamil Nadu",Dharmapuri,"Pennagaram(Uzhavar Sandhai )",Amaranthus,Amaranthus,Local,26/07/2026,2400,2500,2450
"Tamil Nadu",Dharmapuri,"Pennagaram(Uzhavar Sandhai )",Raddish,Raddish,Local,26/07/2026,3200,3400,3300
"Tamil Nadu",Dharmapuri,"Pennagaram(Uzhavar Sandhai )",Drumstick,Drumstick,Local,26/07/2026,8500,9000,8750
"Tamil Nadu",Dharmapuri,"Pennagaram(Uzhavar Sandhai )",Lemon,Lemon,Local,26/07/2026,7500,8000,7750
"Tamil Nadu",Dindigul,"Chinnalapatti(Uzhavar Sandhai )",Beetroot,Beetroot,Local,26/07/2026,4000,8000,6000
"Tamil Nadu",Dindigul,"Chinnalapatti(Uzhavar Sandhai )",Ridgeguard(Tori),Ridgeguard(Tori),Local,26/07/2026,7000,8000,7500
"Tamil Nadu",Dindigul,"Chinnalapatti(Uzhavar Sandhai )","Green Avare(W)",Other,Local,26/07/2026,7000,9000,8000
"Tamil Nadu",Dindigul,"Chinnalapatti(Uzhavar Sandhai )","Chow Chow","Chow Chow",Local,26/07/2026,3000,3400,3200
"Tamil Nadu",Dindigul,"Chinnalapatti(Uzhavar Sandhai )","Indian Beans(Seam)","Indian Beans (Seam)",Local,26/07/2026,5600,6000,5800
"Tamil Nadu",Dindigul,"Chinnalapatti(Uzhavar Sandhai )",Lemon,Lemon,Local,26/07/2026,4000,5000,4500
"Tamil Nadu",Dindigul,"Dindigul(Uzhavar Sandhai )",Brinjal,Other,Local,26/07/2026,7000,10000,8500
"Tamil Nadu",Dindigul,"Dindigul(Uzhavar Sandhai )",Ashgourd,Gouard,Local,26/07/2026,3000,4000,3500
"Tamil Nadu",Dindigul,"Dindigul(Uzhavar Sandhai )",Amaranthus,Amaranthus,Local,26/07/2026,2500,3000,2750
"Tamil Nadu",Dindigul,"Dindigul(Uzhavar Sandhai )",Carrot,Pusakesar,Local,26/07/2026,8000,10000,9000
"Tamil Nadu",Dindigul,"Dindigul(Uzhavar Sandhai )",Cabbage,Cabbage,Local,26/07/2026,4000,4500,4250
"Tamil Nadu",Dindigul,"Dindigul(Uzhavar Sandhai )",Snakeguard,Snakeguard,Local,26/07/2026,4000,5000,4500
"Tamil Nadu",Dindigul,"Dindigul(Uzhavar Sandhai )",Ridgeguard(Tori),Ridgeguard(Tori),Local,26/07/2026,7000,8000,7500
"Tamil Nadu",Dindigul,"Dindigul(Uzhavar Sandhai )",Capsicum,Capsicum,Local,26/07/2026,8000,10000,9000
"Tamil Nadu",Dindigul,"Dindigul(Uzhavar Sandhai )",Drumstick,Drumstick,Local,26/07/2026,5000,6600,5800
"Tamil Nadu",Dindigul,"Dindigul(Uzhavar Sandhai )",Mango(Raw-Ripe),"Mango - Raw-Ripe",Local,26/07/2026,4000,5000,4500
"Tamil Nadu",Dindigul,"Dindigul(Uzhavar Sandhai )","Knool Khol","Knool Khol",Local,26/07/2026,6000,7000,6500
"Tamil Nadu",Dindigul,"Dindigul(Uzhavar Sandhai )",Mashrooms,Mashrooms,Local,26/07/2026,18000,25000,21500
"Tamil Nadu",Erode,"Periyar Nagar(Uzhavar Sandhai )",Brinjal,Other,Local,26/07/2026,4000,4400,4200
"Tamil Nadu",Erode,"Periyar Nagar(Uzhavar Sandhai )",Coriander(Leaves),"I Sort",Local,26/07/2026,4500,5000,4750
"Tamil Nadu",Erode,"Periyar Nagar(Uzhavar Sandhai )",Papaya,Papaya,Local,26/07/2026,2600,3000,2800
"Tamil Nadu",Erode,"Periyar Nagar(Uzhavar Sandhai )","Bitter gourd",Other,Local,26/07/2026,5600,6000,5800
"Tamil Nadu",Erode,"Periyar Nagar(Uzhavar Sandhai )","Green Chilli","Green Chilly",Local,26/07/2026,4000,4400,4200
"Tamil Nadu",Erode,"Periyar Nagar(Uzhavar Sandhai )",Ridgeguard(Tori),Ridgeguard(Tori),Local,26/07/2026,3600,4000,3800
"Tamil Nadu",Erode,"Periyar Nagar(Uzhavar Sandhai )",Mango(Raw-Ripe),"Mango - Raw-Ripe",Local,26/07/2026,2600,3000,2800
"Tamil Nadu",Erode,"Periyar Nagar(Uzhavar Sandhai )","Elephant Yam(Suran)/Amorphophallus","Elephant Yam (Suran)",Local,26/07/2026,2600,3000,2800
"Tamil Nadu",Erode,"Perundurai(Uzhavar Sandhai )",Onion,Bellary,Local,26/07/2026,3500,3800,3650
"Tamil Nadu",Erode,"Perundurai(Uzhavar Sandhai )",Coriander(Leaves),"I Sort",Local,26/07/2026,4500,5000,4750
"Tamil Nadu",Erode,"Perundurai(Uzhavar Sandhai )",Pumpkin,Pumpkin,Local,26/07/2026,2000,2500,2250
"Tamil Nadu",Erode,"Perundurai(Uzhavar Sandhai )","Green Chilli","Green Chilly",Local,26/07/2026,4000,4500,4250
"Tamil Nadu",Erode,"Perundurai(Uzhavar Sandhai )","Banana - Green","Banana - Green",Local,26/07/2026,2500,2800,2650
"Tamil Nadu",Erode,"Perundurai(Uzhavar Sandhai )",Snakeguard,Snakeguard,Local,26/07/2026,4000,4400,4200
"Tamil Nadu",Erode,"Perundurai(Uzhavar Sandhai )","Elephant Yam(Suran)/Amorphophallus","Elephant Yam (Suran)",Local,26/07/2026,2500,2800,2650
"Tamil Nadu",Erode,"Thalavadi(Uzhavar Sandhai )",Coriander(Leaves),"I Sort",Local,26/07/2026,4400,4800,4600
"Tamil Nadu",Erode,"Thalavadi(Uzhavar Sandhai )",Pumpkin,Pumpkin,Local,26/07/2026,1000,1400,1200
"Tamil Nadu",Erode,"Thalavadi(Uzhavar Sandhai )","Green Chilli","Green Chilly",Local,26/07/2026,3400,3800,3600
"Tamil Nadu",Erode,"Thalavadi(Uzhavar Sandhai )",Cucumbar(Kheera),Cucumbar,Local,26/07/2026,2500,3000,2750
"Tamil Nadu",Erode,"Thalavadi(Uzhavar Sandhai )",Raddish,Raddish,Local,26/07/2026,2600,3000,2800
"Tamil Nadu",Erode,"Thalavadi(Uzhavar Sandhai )",Lemon,Lemon,Local,26/07/2026,5500,6000,5750
"Tamil Nadu",Kallakuruchi,"Sankarapuram(Uzhavar Sandhai )",Mango,Neelam,Local,26/07/2026,5000,5000,5000
"Tamil Nadu",Kallakuruchi,"Sankarapuram(Uzhavar Sandhai )",Coriander(Leaves),"I Sort",Local,26/07/2026,6000,6000,6000
"Tamil Nadu",Kallakuruchi,"Sankarapuram(Uzhavar Sandhai )","Bottle gourd","Bottle Gourd",Local,26/07/2026,2500,2500,2500
"Tamil Nadu",Kallakuruchi,"Sankarapuram(Uzhavar Sandhai )",Thondekai,Thondekai,Local,26/07/2026,5000,5000,5000
"Tamil Nadu",Kallakuruchi,"Sankarapuram(Uzhavar Sandhai )",Guava,"Guava Allahabad",Local,26/07/2026,5000,5000,5000
"Tamil Nadu",Kallakuruchi,"Sankarapuram(Uzhavar Sandhai )",Lemon,Lemon,Local,26/07/2026,7000,7000,7000
"Tamil Nadu",Krishnagiri,"Avallapalli(Uzhavar Sandhai )",Onion,Bellary,Local,26/07/2026,3500,4000,3750
"Tamil Nadu",Krishnagiri,"Avallapalli(Uzhavar Sandhai )",Cauliflower,Ranchi,Local,26/07/2026,3500,4000,3750
"Tamil Nadu",Krishnagiri,"Avallapalli(Uzhavar Sandhai )",Papaya,Papaya,Local,26/07/2026,3000,3500,3250
"Tamil Nadu",Krishnagiri,"Avallapalli(Uzhavar Sandhai )",Tomato,Deshi,Local,26/07/2026,1500,1700,1600
"Tamil Nadu",Krishnagiri,"Avallapalli(Uzhavar Sandhai )","Cluster beans","Cluster Beans",Local,26/07/2026,4500,5000,4750
"Tamil Nadu",Krishnagiri,"Avallapalli(Uzhavar Sandhai )","Banana - Green","Banana - Green",Local,26/07/2026,3500,4000,3750
"Tamil Nadu",Krishnagiri,"Avallapalli(Uzhavar Sandhai )","Sweet Potato","Hosur Red",Local,26/07/2026,4500,5000,4750
"Tamil Nadu",Krishnagiri,"Avallapalli(Uzhavar Sandhai )",Beetroot,Beetroot,Local,26/07/2026,4500,5000,4750
"Tamil Nadu",Krishnagiri,"Avallapalli(Uzhavar Sandhai )",Ridgeguard(Tori),Ridgeguard(Tori),Local,26/07/2026,4500,5000,4750
"Tamil Nadu",Krishnagiri,"Avallapalli(Uzhavar Sandhai )","Green Avare(W)","Green Avare (W)",Local,26/07/2026,5500,6000,5750
"Tamil Nadu",Krishnagiri,"Avallapalli(Uzhavar Sandhai )","Tamarind Fruit","Tamarind Fruit",Local,26/07/2026,9000,10000,9500
"Tamil Nadu",Krishnagiri,"Avallapalli(Uzhavar Sandhai )",Yam(Ratalu),"Yam (Ratalu)",Local,26/07/2026,4500,5000,4750
"Tamil Nadu",Dharmapuri,"Karimangalam(Uzhavar Sandhai)",Garlic,Garlic,Local,26/07/2026,22000,24000,23000
"Tamil Nadu",Dharmapuri,"Karimangalam(Uzhavar Sandhai)","Green Peas","Green Peas",Local,26/07/2026,16000,17000,16500
"Tamil Nadu",Dharmapuri,"Karimangalam(Uzhavar Sandhai)",Pumpkin,Pumpkin,Local,26/07/2026,1800,2000,1900
"Tamil Nadu",Dharmapuri,"Karimangalam(Uzhavar Sandhai)","Custard Apple(Sharifa)","Custard Apple(Sharifa)",Local,26/07/2026,3800,4000,3900
"Tamil Nadu",Krishnagiri,"Denkanikottai(Uzhavar Sandhai )",Onion,Bellary,Local,26/07/2026,3500,4000,3750
"Tamil Nadu",Krishnagiri,"Denkanikottai(Uzhavar Sandhai )",Coriander(Leaves),"I Sort",Local,26/07/2026,5000,6000,5500
"Tamil Nadu",Krishnagiri,"Denkanikottai(Uzhavar Sandhai )","Bottle gourd","Bottle Gourd",Local,26/07/2026,2500,3000,2750
"Tamil Nadu",Krishnagiri,"Denkanikottai(Uzhavar Sandhai )",Amaranthus,Amaranthus,Local,26/07/2026,2500,3000,2750
"Tamil Nadu",Krishnagiri,"Denkanikottai(Uzhavar Sandhai )","Green Avare(W)","Green Avare (W)",Local,26/07/2026,5500,6000,5750
"Tamil Nadu",Krishnagiri,"Denkanikottai(Uzhavar Sandhai )","Chow Chow","Chow Chow",Local,26/07/2026,2500,3000,2750
"Tamil Nadu",Krishnagiri,"Denkanikottai(Uzhavar Sandhai )",Lemon,Lemon,Local,26/07/2026,7000,8000,7500
"Tamil Nadu",Krishnagiri,"Hosur(Uzhavar Sandhai )",Apple,American,Local,26/07/2026,24000,28000,26000
"Tamil Nadu",Krishnagiri,"Hosur(Uzhavar Sandhai )",Banana,"Red Banana",Local,26/07/2026,6000,7000,6500
"Tamil Nadu",Krishnagiri,"Hosur(Uzhavar Sandhai )","Green Peas","Green Peas",Local,26/07/2026,12000,14000,13000
"Tamil Nadu",Krishnagiri,"Hosur(Uzhavar Sandhai )","Water Melon","Water Melon",Local,26/07/2026,3000,3500,3250
"Tamil Nadu",Krishnagiri,"Hosur(Uzhavar Sandhai )","Bitter gourd","Bitter Gourd",Local,26/07/2026,5000,6000,5500
"Tamil Nadu",Krishnagiri,"Hosur(Uzhavar Sandhai )",Ashgourd,Gouard,Local,26/07/2026,2000,2500,2250
"Tamil Nadu",Krishnagiri,"Hosur(Uzhavar Sandhai )","Bhindi(Ladies Finger)",Bhindi,Local,26/07/2026,3000,3500,3250
"Tamil Nadu",Krishnagiri,"Hosur(Uzhavar Sandhai )",Tapioca,Tapioca,Local,26/07/2026,3500,4000,3750
"Tamil Nadu",Krishnagiri,"Hosur(Uzhavar Sandhai )",Coconut,Coconut,Local,26/07/2026,5000,5500,5250
"Tamil Nadu",Krishnagiri,"Hosur(Uzhavar Sandhai )",Cabbage,Cabbage,Local,26/07/2026,2500,3000,2750
"Tamil Nadu",Krishnagiri,"Hosur(Uzhavar Sandhai )","Jack Fruit(Ripe)","Jack Fruit",Local,26/07/2026,2000,2500,2250
"Tamil Nadu",Krishnagiri,"Hosur(Uzhavar Sandhai )","Tube Flower","Tube Flower",Local,26/07/2026,50000,60000,55000
"Tamil Nadu",Krishnagiri,"Krishnagiri(Uzhavar Sandhai )",Groundnut,"Big (With Shell)",Local,26/07/2026,6500,7000,6750
"Tamil Nadu",Krishnagiri,"Krishnagiri(Uzhavar Sandhai )",Coriander(Leaves),"I Sort",Local,26/07/2026,4500,5000,4750
"Tamil Nadu",Krishnagiri,"Krishnagiri(Uzhavar Sandhai )",Cowpea(Veg),"Cowpea (Veg)",Local,26/07/2026,5500,6000,5750
"Tamil Nadu",Krishnagiri,"Krishnagiri(Uzhavar Sandhai )","Banana - Green","Banana - Green",Local,26/07/2026,2500,3000,2750
"Tamil Nadu",Krishnagiri,"Krishnagiri(Uzhavar Sandhai )",Capsicum,Capsicum,Local,26/07/2026,6000,7000,6500
"Tamil Nadu",Krishnagiri,"Krishnagiri(Uzhavar Sandhai )",Drumstick,Drumstick,Local,26/07/2026,8000,9000,8500
"Tamil Nadu",Krishnagiri,"Krishnagiri(Uzhavar Sandhai )",Rose(Local),"Rose (Local)",Local,26/07/2026,20000,22000,21000
"Tamil Nadu",Madurai,"Anaiyur(Uzhavar Sandhai )",Potato,"Red Nanital",Local,26/07/2026,2800,6000,4400
"Tamil Nadu",Madurai,"Anaiyur(Uzhavar Sandhai )",Orange,Darjeeling,Local,26/07/2026,14000,16000,15000
"Tamil Nadu",Madurai,"Anaiyur(Uzhavar Sandhai )",Coriander(Leaves),"I Sort",Local,26/07/2026,6500,7000,6750
"Tamil Nadu",Madurai,"Anaiyur(Uzhavar Sandhai )",Chikoos(Sapota),Sapota,Local,26/07/2026,4000,6000,5000
"Tamil Nadu",Madurai,"Anaiyur(Uzhavar Sandhai )",Tomato,Deshi,Local,26/07/2026,2000,2400,2200
"Tamil Nadu",Madurai,"Anaiyur(Uzhavar Sandhai )","Bottle gourd","Bottle Gourd",Local,26/07/2026,2800,3200,3000
"Tamil Nadu",Madurai,"Anaiyur(Uzhavar Sandhai )",Ashgourd,Gouard,Local,26/07/2026,2400,2600,2500
"Tamil Nadu",Madurai,"Anaiyur(Uzhavar Sandhai )","Bhindi(Ladies Finger)",Bhindi,Local,26/07/2026,3000,3600,3300
"Tamil Nadu",Madurai,"Anaiyur(Uzhavar Sandhai )",Carrot,Pusakesar,Local,26/07/2026,6000,8500,7250
"Tamil Nadu",Madurai,"Anaiyur(Uzhavar Sandhai )",Ridgeguard(Tori),Ridgeguard(Tori),Local,26/07/2026,4000,6500,5250
"Tamil Nadu",Madurai,"Anaiyur(Uzhavar Sandhai )",Drumstick,Drumstick,Local,26/07/2026,4000,7000,5500
"Tamil Nadu",Madurai,"Anaiyur(Uzhavar Sandhai )","Knool Khol","Knool Khol",Local,26/07/2026,5500,6000,5750
"Tamil Nadu",Madurai,"Anaiyur(Uzhavar Sandhai )","Indian Beans(Seam)","Indian Beans (Seam)",Local,26/07/2026,5000,5500,5250
"Tamil Nadu",Madurai,"Anaiyur(Uzhavar Sandhai )",Mashrooms,Mashrooms,Local,26/07/2026,22500,25000,23750
"Tamil Nadu",Madurai,"Anaiyur(Uzhavar Sandhai )","Amla(Nelli Kai)",Amla,Local,26/07/2026,6000,6500,6250
"Tamil Nadu",Madurai,"Usilampatti(Uzhavar Sandhai )",Brinjal,Round,Local,26/07/2026,5000,5500,5250
"Tamil Nadu",Madurai,"Usilampatti(Uzhavar Sandhai )","Cluster beans","Cluster Beans",Local,26/07/2026,3000,3600,3300
"Tamil Nadu",Madurai,"Usilampatti(Uzhavar Sandhai )",Coconut,Coconut,Local,26/07/2026,5800,6000,5900
"Tamil Nadu",Nagapattinam,"Nagapattinam(Uzhavar Sandhai )",Onion,Bellary,Local,26/07/2026,2500,3500,3000
"Tamil Nadu",Nagapattinam,"Nagapattinam(Uzhavar Sandhai )",Potato,"Red Nanital",Local,26/07/2026,3600,4000,3800
"Tamil Nadu",Nagapattinam,"Nagapattinam(Uzhavar Sandhai )",Coriander(Leaves),"I Sort",Local,26/07/2026,3700,4500,4100
"Tamil Nadu",Nagapattinam,"Nagapattinam(Uzhavar Sandhai )","Bottle gourd","Bottle Gourd",Local,26/07/2026,3600,3600,3600
"Tamil Nadu",Nagapattinam,"Nagapattinam(Uzhavar Sandhai )","Green Chilli","Green Chilly",Local,26/07/2026,3500,4000,3750
"Tamil Nadu",Nagapattinam,"Nagapattinam(Uzhavar Sandhai )",Beans,"Beans (Whole)",Local,26/07/2026,10000,10000,10000
"Tamil Nadu",Nagapattinam,"Nagapattinam(Uzhavar Sandhai )",Ginger(Green),"Green Ginger",Local,26/07/2026,15200,15200,15200
"Tamil Nadu",Nagapattinam,"Nagapattinam(Uzhavar Sandhai )",Coconut,Coconut,Local,26/07/2026,4700,5500,5100
"Tamil Nadu",Nagapattinam,"Nagapattinam(Uzhavar Sandhai )",Cabbage,Cabbage,Local,26/07/2026,4000,4500,4250
"Tamil Nadu",Nagapattinam,"Nagapattinam(Uzhavar Sandhai )",Ridgeguard(Tori),Ridgeguard(Tori),Local,26/07/2026,4200,4200,4200
"Tamil Nadu",Nagapattinam,"Nagapattinam(Uzhavar Sandhai )","Elephant Yam(Suran)/Amorphophallus","Elephant Yam (Suran)",Local,26/07/2026,6500,7000,6750
"Tamil Nadu",Nagapattinam,"Sirkali(Uzhavar Sandhai )","Bitter gourd","Bitter Gourd",Local,26/07/2026,5500,6000,5750
"Tamil Nadu",Nagapattinam,"Sirkali(Uzhavar Sandhai )",Carrot,Pusakesar,Local,26/07/2026,7000,7000,7000
"Tamil Nadu",Namakkal,"Kumarapalayam(Uzhavar Sandhai )",Chikoos(Sapota),Sapota,Local,26/07/2026,3500,4000,3750
"Tamil Nadu",Namakkal,"Kumarapalayam(Uzhavar Sandhai )","Bitter gourd","Bitter Gourd",Local,26/07/2026,5500,6500,6000
"Tamil Nadu",Namakkal,"Kumarapalayam(Uzhavar Sandhai )",Ashgourd,Gouard,Local,26/07/2026,2400,2800,2600
"Tamil Nadu",Namakkal,"Kumarapalayam(Uzhavar Sandhai )",Pumpkin,Pumpkin,Local,26/07/2026,2500,3000,2750
"Tamil Nadu",Namakkal,"Kumarapalayam(Uzhavar Sandhai )","Green Chilli","Green Chilly",Local,26/07/2026,6000,6800,6400
"Tamil Nadu",Namakkal,"Kumarapalayam(Uzhavar Sandhai )",Tapioca,Tapioca,Local,26/07/2026,3400,3800,3600
"Tamil Nadu",Namakkal,"Kumarapalayam(Uzhavar Sandhai )",Raddish,Raddish,Local,26/07/2026,3000,3400,3200
"Tamil Nadu",Namakkal,"Kumarapalayam(Uzhavar Sandhai )",Drumstick,Drumstick,Local,26/07/2026,5500,6000,5750
"Tamil Nadu",Namakkal,"Kumarapalayam(Uzhavar Sandhai )","Tender Coconut","Tender Coconut",Local,26/07/2026,3000,3500,3250
"Tamil Nadu",Namakkal,"Kumarapalayam(Uzhavar Sandhai )","Elephant Yam(Suran)/Amorphophallus","Elephant Yam (Suran)",Local,26/07/2026,3500,4000,3750
"Tamil Nadu",Namakkal,"Kumarapalayam(Uzhavar Sandhai )","Baby Corn","Baby Corn","Grade A",26/07/2026,2500,3000,2750
"Tamil Nadu",Namakkal,"Mohanur(Uzhavar Sandhai )",Potato,Other,Local,26/07/2026,3000,3500,3250
"Tamil Nadu",Namakkal,"Mohanur(Uzhavar Sandhai )",Banana,"Red Banana",Local,26/07/2026,6500,7000,6750
"Tamil Nadu",Namakkal,"Mohanur(Uzhavar Sandhai )",Pumpkin,Pumpkin,Local,26/07/2026,2400,3000,2700
"Tamil Nadu",Namakkal,"Mohanur(Uzhavar Sandhai )","Green Chilli","Green Chilly",Local,26/07/2026,6600,7000,6800
"Tamil Nadu",Namakkal,"Mohanur(Uzhavar Sandhai )","Banana - Green","Banana - Green",Local,26/07/2026,3200,4000,3600
"Tamil Nadu",Namakkal,"Mohanur(Uzhavar Sandhai )",Raddish,Raddish,Local,26/07/2026,3400,4000,3700
"Tamil Nadu",Namakkal,"Mohanur(Uzhavar Sandhai )",Mint(Pudina),Mint(Pudina),Local,26/07/2026,5500,6000,5750
"Tamil Nadu",Namakkal,"Namakkal(Uzhavar Sandhai )",Banana,"Red Banana",Local,26/07/2026,6500,7000,6750
"Tamil Nadu",Namakkal,"Namakkal(Uzhavar Sandhai )","Green Chilli","Green Chilly",Local,26/07/2026,5000,6000,5500
"Tamil Nadu",Namakkal,"Namakkal(Uzhavar Sandhai )",Beans,"Beans (Whole)",Local,26/07/2026,6500,6800,6650
"Tamil Nadu",Namakkal,"Namakkal(Uzhavar Sandhai )",Tapioca,Tapioca,Local,26/07/2026,2500,3000,2750
"Tamil Nadu",Namakkal,"Namakkal(Uzhavar Sandhai )",Coconut,Coconut,Local,26/07/2026,5500,5800,5650
"Tamil Nadu",Namakkal,"Namakkal(Uzhavar Sandhai )",Guava,"Guava Allahabad",Local,26/07/2026,5000,6000,5500
"Tamil Nadu",Namakkal,"Namakkal(Uzhavar Sandhai )",Lemon,Lemon,Local,26/07/2026,4500,5000,4750
"Tamil Nadu",Namakkal,"Namakkal(Uzhavar Sandhai )",Mint(Pudina),Mint(Pudina),Local,26/07/2026,3500,4000,3750
"Tamil Nadu",Namakkal,"Namakkal(Uzhavar Sandhai )","Baby Corn","Baby Corn","Grade A",26/07/2026,2000,2500,2250
"Tamil Nadu",Namakkal,"Paramathivelur(Uzhavar Sandhai )","Green Chilli","Green Chilly",Local,26/07/2026,6000,6500,6250
"Tamil Nadu",Namakkal,"Paramathivelur(Uzhavar Sandhai )",Beans,"Beans (Whole)",Local,26/07/2026,7000,9000,8000
"Tamil Nadu",Namakkal,"Paramathivelur(Uzhavar Sandhai )",Cabbage,Cabbage,Local,26/07/2026,3000,3500,3250
"Tamil Nadu",Namakkal,"Rasipuram(Uzhavar Sandhai )","Water Melon","Water Melon",Local,26/07/2026,1500,2000,1750
"Tamil Nadu",Namakkal,"Rasipuram(Uzhavar Sandhai )","Mousambi(Sweet Lime)",Mousambi,Local,26/07/2026,3500,4000,3750
"Tamil Nadu",Namakkal,"Rasipuram(Uzhavar Sandhai )",Tomato,Other,Local,26/07/2026,1400,1800,1600
"Tamil Nadu",Namakkal,"Rasipuram(Uzhavar Sandhai )",Pumpkin,Pumpkin,Local,26/07/2026,2600,3000,2800
"Tamil Nadu",Namakkal,"Rasipuram(Uzhavar Sandhai )","Bhindi(Ladies Finger)",Bhindi,Local,26/07/2026,3400,4200,3800
"Tamil Nadu",Namakkal,"Rasipuram(Uzhavar Sandhai )",Ginger(Green),"Green Ginger",Local,26/07/2026,18000,19000,18500
"Tamil Nadu",Namakkal,"Rasipuram(Uzhavar Sandhai )",Raddish,Raddish,Local,26/07/2026,3000,3500,3250
"Tamil Nadu",Namakkal,"Rasipuram(Uzhavar Sandhai )",Thondekai,Thondekai,Local,26/07/2026,4500,5000,4750
"Tamil Nadu",Namakkal,"Rasipuram(Uzhavar Sandhai )",Drumstick,Drumstick,Local,26/07/2026,5500,6000,5750
"Tamil Nadu",Namakkal,"Rasipuram(Uzhavar Sandhai )",Guava,"Guava Allahabad",Local,26/07/2026,5500,6500,6000
"Tamil Nadu",Namakkal,"Rasipuram(Uzhavar Sandhai )","Onion Green","Onion Green",Local,26/07/2026,4400,6400,5400
"Tamil Nadu",Madurai,"Palanganatham(Uzhavar Sandhai )",Cauliflower,Ranchi,Local,26/07/2026,2500,2800,2650
"Tamil Nadu",Madurai,"Palanganatham(Uzhavar Sandhai )","Mousambi(Sweet Lime)",Mousambi,Local,26/07/2026,9000,10000,9500
"Tamil Nadu",Madurai,"Palanganatham(Uzhavar Sandhai )",Ashgourd,Gouard,Local,26/07/2026,2000,2600,2300
"Tamil Nadu",Madurai,"Palanganatham(Uzhavar Sandhai )",Beans,"Beans (Whole)",Local,26/07/2026,8000,9000,8500
"Tamil Nadu",Madurai,"Palanganatham(Uzhavar Sandhai )",Capsicum,Capsicum,Local,26/07/2026,9000,10000,9500
"Tamil Nadu",Madurai,"Palanganatham(Uzhavar Sandhai )","Knool Khol","Knool Khol",Local,26/07/2026,5000,6000,5500
"Tamil Nadu",Madurai,"Palanganatham(Uzhavar Sandhai )",Guava,"Guava Allahabad",Local,26/07/2026,7000,8000,7500
"Tamil Nadu",Madurai,"Palanganatham(Uzhavar Sandhai )",Pomegranate,Pomogranate,Local,26/07/2026,20000,28000,24000
"Tamil Nadu",Madurai,"Palanganatham(Uzhavar Sandhai )",Colacasia,Colacasia,Local,26/07/2026,4000,5000,4500
"Tamil Nadu",Madurai,"Palanganatham(Uzhavar Sandhai )","Onion Green","Onion Green",Local,26/07/2026,5500,6000,5750
"Tamil Nadu",Madurai,"Anna nagar(Uzhavar Sandhai )",Grapes,Annabesahai,Local,26/07/2026,9000,10000,9500
"Tamil Nadu",Madurai,"Anna nagar(Uzhavar Sandhai )",Apple,American,Local,26/07/2026,22000,22000,22000
"Tamil Nadu",Madurai,"Anna nagar(Uzhavar Sandhai )",Brinjal,Other,Local,26/07/2026,4000,4000,4000
"Tamil Nadu",Madurai,"Anna nagar(Uzhavar Sandhai )","Mousambi(Sweet Lime)",Mousambi,Local,26/07/2026,10000,10000,10000
"Tamil Nadu",Madurai,"Anna nagar(Uzhavar Sandhai )","Bitter gourd",Other,Local,26/07/2026,6000,6000,6000
"Tamil Nadu",Madurai,"Anna nagar(Uzhavar Sandhai )","Bhindi(Ladies Finger)",Bhindi,Local,26/07/2026,3600,3600,3600
"Tamil Nadu",Madurai,"Anna nagar(Uzhavar Sandhai )","Green Chilli","Green Chilly",Local,26/07/2026,5400,5400,5400
"Tamil Nadu",Madurai,"Anna nagar(Uzhavar Sandhai )",Thondekai,Thondekai,Local,26/07/2026,4600,4600,4600
"Tamil Nadu",Madurai,"Anna nagar(Uzhavar Sandhai )","Knool Khol","Knool Khol",Local,26/07/2026,3600,3600,3600
"Tamil Nadu",Madurai,"Anna nagar(Uzhavar Sandhai )","Elephant Yam(Suran)/Amorphophallus","Elephant Yam (Suran)",Local,26/07/2026,5000,5000,5000
"Tamil Nadu",Madurai,"Anna nagar(Uzhavar Sandhai )","Indian Beans(Seam)","Indian Beans (Seam)",Local,26/07/2026,6800,6800,6800
"Tamil Nadu",Madurai,"Anna nagar(Uzhavar Sandhai )",Colacasia,Colacasia,Local,26/07/2026,5000,5000,5000
"Tamil Nadu",Madurai,"Anna nagar(Uzhavar Sandhai )","Amla(Nelli Kai)",Amla,Local,26/07/2026,5500,6500,6000
"Tamil Nadu",Perambalur,"Perambalur(Uzhavar Sandhai )",Grapes,Annabesahai,Local,26/07/2026,9000,11000,10000
"Tamil Nadu",Perambalur,"Perambalur(Uzhavar Sandhai )",Groundnut,"Big (With Shell)",Local,26/07/2026,8000,8000,8000
"Tamil Nadu",Perambalur,"Perambalur(Uzhavar Sandhai )",Coriander(Leaves),"I Sort",Local,26/07/2026,5000,5200,5100
"Tamil Nadu",Perambalur,"Perambalur(Uzhavar Sandhai )",Tomato,Deshi,Local,26/07/2026,2500,3000,2750
"Tamil Nadu",Perambalur,"Perambalur(Uzhavar Sandhai )","Green Chilli","Green Chilly",Local,26/07/2026,5000,5600,5300
"Tamil Nadu",Perambalur,"Perambalur(Uzhavar Sandhai )",Coconut,Coconut,Local,26/07/2026,5000,6000,5500
"Tamil Nadu",Perambalur,"Perambalur(Uzhavar Sandhai )",Cabbage,Cabbage,Local,26/07/2026,4200,4200,4200
"Tamil Nadu",Perambalur,"Perambalur(Uzhavar Sandhai )",Cucumbar(Kheera),Cucumbar,Local,26/07/2026,6000,8000,7000
"Tamil Nadu",Perambalur,"Perambalur(Uzhavar Sandhai )",Ridgeguard(Tori),Ridgeguard(Tori),Local,26/07/2026,5600,6000,5800
"Tamil Nadu",Perambalur,"Perambalur(Uzhavar Sandhai )",Raddish,Raddish,Local,26/07/2026,3200,3600,3400
"Tamil Nadu",Perambalur,"Perambalur(Uzhavar Sandhai )",Mango(Raw-Ripe),"Mango - Raw-Ripe",Local,26/07/2026,3000,4200,3600
"Tamil Nadu",Perambalur,"Perambalur(Uzhavar Sandhai )",Guava,"Guava Allahabad",Local,26/07/2026,6000,7000,6500
"Tamil Nadu",Perambalur,"Perambalur(Uzhavar Sandhai )","Tender Coconut","Tender Coconut",Local,26/07/2026,3000,4000,3500
"Tamil Nadu",Perambalur,"Perambalur(Uzhavar Sandhai )",Yam(Ratalu),"Yam (Ratalu)",Local,26/07/2026,4000,4000,4000
"Tamil Nadu",Perambalur,"Perambalur(Uzhavar Sandhai )",Colacasia,Colacasia,Local,26/07/2026,5600,5600,5600
"Tamil Nadu",Perambalur,"Perambalur(Uzhavar Sandhai )",Mint(Pudina),Mint(Pudina),Local,26/07/2026,7000,7400,7200
"Tamil Nadu",Salem,"Mecheri(Uzhavar Sandhai)",Papaya,Papaya,Local,26/07/2026,2500,3000,2750
"Tamil Nadu",Salem,"Mecheri(Uzhavar Sandhai)",Raddish,Raddish,Local,26/07/2026,3000,3500,3250
"Tamil Nadu",Salem,"Mecheri(Uzhavar Sandhai)","Green Avare(W)",Other,Local,26/07/2026,7000,7500,7250
"Tamil Nadu",Salem,"Mecheri(Uzhavar Sandhai)",Lemon,Lemon,Local,26/07/2026,5000,6000,5500
"Tamil Nadu",Ranipet,"Arcot(Uzhavar Sandhai )",Papaya,Papaya,Local,26/07/2026,4000,4000,4000
"Tamil Nadu",Ranipet,"Arcot(Uzhavar Sandhai )","Bitter gourd","Bitter Gourd",Local,26/07/2026,5000,6000,5500
"Tamil Nadu",Ranipet,"Arcot(Uzhavar Sandhai )",Ashgourd,Gouard,Local,26/07/2026,3000,3000,3000
"Tamil Nadu",Ranipet,"Arcot(Uzhavar Sandhai )",Amaranthus,Amaranthus,Local,26/07/2026,2500,3000,2750
"Tamil Nadu",Ranipet,"Arcot(Uzhavar Sandhai )",Carrot,Pusakesar,Local,26/07/2026,7000,7000,7000
"Tamil Nadu",Ranipet,"Arcot(Uzhavar Sandhai )",Snakeguard,Snakeguard,Local,26/07/2026,4000,4000,4000
"Tamil Nadu",Ranipet,"Arcot(Uzhavar Sandhai )",Ridgeguard(Tori),Ridgeguard(Tori),Local,26/07/2026,5000,5000,5000
"Tamil Nadu",Ranipet,"Arcot(Uzhavar Sandhai )","Knool Khol","Knool Khol",Local,26/07/2026,5600,5600,5600
"Tamil Nadu",Ranipet,"Arcot(Uzhavar Sandhai )","Elephant Yam(Suran)/Amorphophallus","Elephant Yam (Suran)",Local,26/07/2026,7000,7000,7000
"Tamil Nadu",Ranipet,"Ranipettai(Uzhavar Sandhai )",Brinjal,Other,Local,26/07/2026,5000,6600,5800
"Tamil Nadu",Ranipet,"Ranipettai(Uzhavar Sandhai )",Coriander(Leaves),"I Sort",Local,26/07/2026,5000,5000,5000
"Tamil Nadu",Ranipet,"Ranipettai(Uzhavar Sandhai )",Chikoos(Sapota),Sapota,Local,26/07/2026,6000,8000,7000
"Tamil Nadu",Ranipet,"Ranipettai(Uzhavar Sandhai )","Bhindi(Ladies Finger)",Bhindi,Local,26/07/2026,3600,3600,3600
"Tamil Nadu",Ranipet,"Ranipettai(Uzhavar Sandhai )","Sweet Potato","Hosur Red",Local,26/07/2026,3600,4000,3800
"Tamil Nadu",Ranipet,"Ranipettai(Uzhavar Sandhai )",Beetroot,Beetroot,Local,26/07/2026,5000,5000,5000
"Tamil Nadu",Ranipet,"Ranipettai(Uzhavar Sandhai )",Capsicum,Capsicum,Local,26/07/2026,7000,7000,7000
"Tamil Nadu",Ranipet,"Ranipettai(Uzhavar Sandhai )",Drumstick,Drumstick,Local,26/07/2026,6000,7000,6500
"Tamil Nadu",Ranipet,"Ranipettai(Uzhavar Sandhai )",Guava,"Guava Allahabad",Local,26/07/2026,6000,8000,7000
"Tamil Nadu",Ranipet,"Ranipettai(Uzhavar Sandhai )",Jasmine,Jasmine,Local,26/07/2026,54000,54000,54000
"Tamil Nadu",Ranipet,"Ranipettai(Uzhavar Sandhai )",Marigold(Calcutta),Marigold(Calcutta),Local,26/07/2026,36000,48000,42000
"Tamil Nadu",Ranipet,"Ranipettai(Uzhavar Sandhai )",Mint(Pudina),Mint(Pudina),Local,26/07/2026,4000,4000,4000
"Tamil Nadu",Salem,"Ammapet(Uzhavar Sandhai )",Onion,Bellary,Local,26/07/2026,3800,4000,3900
"Tamil Nadu",Salem,"Ammapet(Uzhavar Sandhai )",Potato,Other,Local,26/07/2026,2600,2800,2700
"Tamil Nadu",Salem,"Ammapet(Uzhavar Sandhai )",Orange,Darjeeling,Local,26/07/2026,11000,12000,11500
"Tamil Nadu",Salem,"Ammapet(Uzhavar Sandhai )",Tomato,Deshi,Local,26/07/2026,1600,2000,1800
"Tamil Nadu",Salem,"Ammapet(Uzhavar Sandhai )","Bitter gourd","Bitter Gourd",Local,26/07/2026,4800,5000,4900
"Tamil Nadu",Salem,"Ammapet(Uzhavar Sandhai )","Bottle gourd","Bottle Gourd",Local,26/07/2026,1400,2000,1700
"Tamil Nadu",Salem,"Ammapet(Uzhavar Sandhai )",Ashgourd,Gouard,Local,26/07/2026,2000,2200,2100
"Tamil Nadu",Salem,"Ammapet(Uzhavar Sandhai )",Pumpkin,Pumpkin,Local,26/07/2026,2200,2400,2300
"Tamil Nadu",Salem,"Ammapet(Uzhavar Sandhai )",Cabbage,Cabbage,Local,26/07/2026,3600,4000,3800
"Tamil Nadu",Salem,"Ammapet(Uzhavar Sandhai )","Green Avare(W)",Other,Local,26/07/2026,5200,5500,5350
"Tamil Nadu",Salem,"Ammapet(Uzhavar Sandhai )","Knool Khol","Knool Khol",Local,26/07/2026,4600,5000,4800
"Tamil Nadu",Salem,"Ammapet(Uzhavar Sandhai )","Elephant Yam(Suran)/Amorphophallus","Elephant Yam (Suran)",Local,26/07/2026,3800,4000,3900
"Tamil Nadu",Salem,"Ammapet(Uzhavar Sandhai )",Lemon,Lemon,Local,26/07/2026,4500,5000,4750
"Tamil Nadu",Salem,"Mettur(Uzhavar Sandhai )",Onion,Bellary,Local,26/07/2026,3500,4000,3750
"Tamil Nadu",Salem,"Mettur(Uzhavar Sandhai )",Brinjal,Other,Local,26/07/2026,3500,4000,3750
"Tamil Nadu",Salem,"Mettur(Uzhavar Sandhai )",Tomato,Local,Local,26/07/2026,1500,1800,1650
"Tamil Nadu",Salem,"Mettur(Uzhavar Sandhai )",Pumpkin,Pumpkin,Local,26/07/2026,2000,2500,2250
"Tamil Nadu",Salem,"Mettur(Uzhavar Sandhai )",Amaranthus,Amaranthus,Local,26/07/2026,2000,2500,2250
"Tamil Nadu",Salem,"Mettur(Uzhavar Sandhai )",Cowpea(Veg),"Cowpea (Veg)",Local,26/07/2026,5500,6000,5750
"Tamil Nadu",Salem,"Mettur(Uzhavar Sandhai )",Ginger(Green),"Green Ginger",Local,26/07/2026,16000,17000,16500
"Tamil Nadu",Salem,"Mettur(Uzhavar Sandhai )",Coconut,Coconut,Local,26/07/2026,4500,5000,4750
"Tamil Nadu",Salem,"Mettur(Uzhavar Sandhai )",Beetroot,Beetroot,Local,26/07/2026,7500,8000,7750
"Tamil Nadu",Salem,"Mettur(Uzhavar Sandhai )","Tender Coconut","Tender Coconut",Local,26/07/2026,3500,4000,3750
"Tamil Nadu",Salem,"Sooramangalam(Uzhavar Sandhai )",Tomato,Local,Local,26/07/2026,1800,2000,1900
"Tamil Nadu",Salem,"Sooramangalam(Uzhavar Sandhai )","Banana - Green","Banana - Green",Local,26/07/2026,2000,2400,2200
"Tamil Nadu",Salem,"Sooramangalam(Uzhavar Sandhai )",Snakeguard,Snakeguard,Local,26/07/2026,3600,3800,3700
"Tamil Nadu",Salem,"Sooramangalam(Uzhavar Sandhai )",Cucumbar(Kheera),Cucumbar,Local,26/07/2026,4000,4500,4250
"Tamil Nadu",Salem,"Sooramangalam(Uzhavar Sandhai )",Capsicum,Capsicum,Local,26/07/2026,6500,7000,6750
"Tamil Nadu",Salem,"Sooramangalam(Uzhavar Sandhai )",Lime,Lime,Local,26/07/2026,3000,3500,3250
"Tamil Nadu",Salem,"Sooramangalam(Uzhavar Sandhai )",Guava,"Guava Allahabad",Local,26/07/2026,5000,6000,5500
"Tamil Nadu",Salem,"Sooramangalam(Uzhavar Sandhai )","Amla(Nelli Kai)",Amla,Local,26/07/2026,5000,6000,5500
"Tamil Nadu",Salem,"Sooramangalam(Uzhavar Sandhai )","Sweet Corn ","Sweet Corn ",Local,26/07/2026,3000,3500,3250
"Tamil Nadu",Salem,"Thammampatti (Uzhavar Sandhai )",Tomato,Deshi,Local,26/07/2026,1200,1800,1500
"Tamil Nadu",Salem,"Thammampatti (Uzhavar Sandhai )",Amaranthus,Amaranthus,Local,26/07/2026,2000,2500,2250
"Tamil Nadu",Salem,"Thammampatti (Uzhavar Sandhai )",Carrot,Pusakesar,Local,26/07/2026,9000,9500,9250
"Tamil Nadu",Salem,"Thammampatti (Uzhavar Sandhai )",Mango(Raw-Ripe),"Mango - Raw-Ripe",Local,26/07/2026,1500,2000,1750
"Tamil Nadu",Salem,"Thammampatti (Uzhavar Sandhai )","Knool Khol","Knool Khol",Local,26/07/2026,6000,6000,6000
"Tamil Nadu",Salem,"Thammampatti (Uzhavar Sandhai )",Yam(Ratalu),"Yam (Ratalu)",Local,26/07/2026,3000,4000,3500
"Tamil Nadu",Salem,"Thammampatti (Uzhavar Sandhai )",Lemon,Lemon,Local,26/07/2026,3000,4000,3500
"Tamil Nadu",Salem,"Thammampatti (Uzhavar Sandhai )","Amla(Nelli Kai)",Amla,Local,26/07/2026,6000,7000,6500
"Tamil Nadu",Salem,"Thammampatti (Uzhavar Sandhai )",Mint(Pudina),Mint(Pudina),Local,26/07/2026,3500,4000,3750
"Tamil Nadu",Salem,"Thathakapatti(Uzhavar Sandhai )",Orange,Darjeeling,Local,26/07/2026,12000,14000,13000
"Tamil Nadu",Salem,"Thathakapatti(Uzhavar Sandhai )",Mango,Safeda,Local,26/07/2026,4000,5000,4500
"Tamil Nadu",Salem,"Thathakapatti(Uzhavar Sandhai )",Cauliflower,Ranchi,Local,26/07/2026,2000,2500,2250
"Tamil Nadu",Salem,"Thathakapatti(Uzhavar Sandhai )",Amaranthus,Amaranthus,Local,26/07/2026,2000,2400,2200
"Tamil Nadu",Salem,"Thathakapatti(Uzhavar Sandhai )",Tapioca,Tapioca,Local,26/07/2026,2500,3000,2750
"Tamil Nadu",Salem,"Thathakapatti(Uzhavar Sandhai )",Thondekai,Thondekai,Local,26/07/2026,4500,5000,4750
"Tamil Nadu",Salem,"Thathakapatti(Uzhavar Sandhai )",Drumstick,Drumstick,Local,26/07/2026,4000,5000,4500
"Tamil Nadu",Salem,"Thathakapatti(Uzhavar Sandhai )","Jack Fruit(Ripe)","Jack Fruit",Local,26/07/2026,4000,5000,4500
"Tamil Nadu",Salem,"Thathakapatti(Uzhavar Sandhai )","Jamun(Narale Hannu)",Jamun,Local,26/07/2026,16000,18000,17000
"Tamil Nadu",Salem,"Thathakapatti(Uzhavar Sandhai )",Fig(Anjura/Anjeer),Anjura,Local,26/07/2026,10000,12000,11000
"Tamil Nadu",Salem,"Thathakapatti(Uzhavar Sandhai )",Jasmine,Jasmine,Local,26/07/2026,38000,40000,39000
"Uttar Pradesh",Balrampur,"Utraula APMC",Wheat,Dara,FAQ,26/07/2026,2450,2450,2450
"Uttar Pradesh",Etah,"Awagarh APMC",Onion,Other,FAQ,26/07/2026,1800,1800,1800
"Tamil Nadu",Tenkasi,"Sankarankoil(Uzhavar Sandhai )",Coriander(Leaves),"I Sort",Local,26/07/2026,8000,8000,8000
"Tamil Nadu",Tenkasi,"Sankarankoil(Uzhavar Sandhai )","Cluster beans","Cluster Beans",Local,26/07/2026,4000,4000,4000
"Tamil Nadu",Tenkasi,"Sankarankoil(Uzhavar Sandhai )","Bitter gourd",Other,Local,26/07/2026,12000,12000,12000
"Tamil Nadu",Tenkasi,"Sankarankoil(Uzhavar Sandhai )","Bhindi(Ladies Finger)",Bhindi,Local,26/07/2026,3500,3500,3500
"Tamil Nadu",Tenkasi,"Sankarankoil(Uzhavar Sandhai )",Snakeguard,Snakeguard,Local,26/07/2026,3500,3500,3500
"Tamil Nadu",Tenkasi,"Sankarankoil(Uzhavar Sandhai )",Ridgeguard(Tori),Ridgeguard(Tori),Local,26/07/2026,4000,4000,4000
"Tamil Nadu",Tenkasi,"Sankarankoil(Uzhavar Sandhai )",Thondekai,Thondekai,Local,26/07/2026,6000,6000,6000
"Tamil Nadu",Tenkasi,"Tenkasi(Uzhavar Sandhai )",Garlic,Garlic,Local,26/07/2026,15000,15000,15000
"Tamil Nadu",Tenkasi,"Tenkasi(Uzhavar Sandhai )",Coriander(Leaves),"I Sort",Local,26/07/2026,6000,6000,6000
"Tamil Nadu",Tenkasi,"Tenkasi(Uzhavar Sandhai )","Green Chilli","Green Chilly",Local,26/07/2026,4000,5000,4500
"Tamil Nadu",Tenkasi,"Tenkasi(Uzhavar Sandhai )",Cabbage,Cabbage,Local,26/07/2026,4000,4000,4000
"Tamil Nadu",Tenkasi,"Tenkasi(Uzhavar Sandhai )","Green Avare(W)",Other,Local,26/07/2026,6000,6000,6000
"Tamil Nadu",Tenkasi,"Tenkasi(Uzhavar Sandhai )",Mango(Raw-Ripe),"Mango - Raw-Ripe",Local,26/07/2026,4000,4000,4000
"Tamil Nadu",Tenkasi,"Tenkasi(Uzhavar Sandhai )","Elephant Yam(Suran)/Amorphophallus","Elephant Yam (Suran)",Local,26/07/2026,4000,4000,4000
"Tamil Nadu",Tenkasi,"Tenkasi(Uzhavar Sandhai )",Colacasia,Colacasia,Local,26/07/2026,4000,5000,4500
"Tamil Nadu",Pudukkottai,"Pudukottai(Uzhavar Sandhai )",Groundnut,"Big (With Shell)",Local,26/07/2026,6000,7000,6500
"Tamil Nadu",Pudukkottai,"Pudukottai(Uzhavar Sandhai )","Cluster beans","Cluster Beans",Local,26/07/2026,5000,5500,5250
"Tamil Nadu",Pudukkottai,"Pudukottai(Uzhavar Sandhai )","Bhindi(Ladies Finger)",Bhindi,Local,26/07/2026,3500,4000,3750
"Tamil Nadu",Pudukkottai,"Pudukottai(Uzhavar Sandhai )","Banana - Green","Banana - Green",Local,26/07/2026,2500,3000,2750
"Tamil Nadu",Pudukkottai,"Pudukottai(Uzhavar Sandhai )",Ginger(Green),"Green Ginger",Local,26/07/2026,20000,22000,21000
"Tamil Nadu",Pudukkottai,"Pudukottai(Uzhavar Sandhai )",Thondekai,Thondekai,Local,26/07/2026,5500,6000,5750
"Tamil Nadu",Pudukkottai,"Pudukottai(Uzhavar Sandhai )",Capsicum,Capsicum,Local,26/07/2026,6500,7000,6750
"Tamil Nadu",Pudukkottai,"Pudukottai(Uzhavar Sandhai )",Mashrooms,Mashrooms,Local,26/07/2026,25000,25000,25000
"Tamil Nadu",Thanjavur,"Kumbakonam (Uzhavar Sandhai )",Mango,Safeda,Local,26/07/2026,3000,9000,6000
"Tamil Nadu",Thanjavur,"Kumbakonam (Uzhavar Sandhai )","Bitter gourd","Bitter Gourd",Local,26/07/2026,7200,7200,7200
"Tamil Nadu",Thanjavur,"Kumbakonam (Uzhavar Sandhai )",Pumpkin,Pumpkin,Local,26/07/2026,2400,2400,2400
"Tamil Nadu",Thanjavur,"Kumbakonam (Uzhavar Sandhai )",Beans,"Beans (Whole)",Local,26/07/2026,7200,9600,8400
"Tamil Nadu",Thanjavur,"Kumbakonam (Uzhavar Sandhai )",Cabbage,Cabbage,Local,26/07/2026,4800,4800,4800
"Tamil Nadu",Thanjavur,"Kumbakonam (Uzhavar Sandhai )",Mint(Pudina),Mint(Pudina),Local,26/07/2026,6000,6000,6000
"Tamil Nadu","The Nilgiris","Udhagamandalam(Uzhavar Sandhai )",Cauliflower,Ranchi,Local,26/07/2026,4000,4500,4250
"Tamil Nadu","The Nilgiris","Udhagamandalam(Uzhavar Sandhai )",Papaya,Papaya,Local,26/07/2026,4000,4500,4250
"Tamil Nadu","The Nilgiris","Udhagamandalam(Uzhavar Sandhai )","Green Chilli","Green Chilly",Local,26/07/2026,4500,5000,4750
"Tamil Nadu","The Nilgiris","Udhagamandalam(Uzhavar Sandhai )",Cowpea(Veg),"Cowpea (Veg)",Local,26/07/2026,3000,3500,3250
"Tamil Nadu","The Nilgiris","Udhagamandalam(Uzhavar Sandhai )",Cabbage,Cabbage,Local,26/07/2026,2500,3000,2750
"Tamil Nadu","The Nilgiris","Udhagamandalam(Uzhavar Sandhai )",Thondekai,Thondekai,Local,26/07/2026,4000,4500,4250
"Tamil Nadu","The Nilgiris","Udhagamandalam(Uzhavar Sandhai )","Green Avare(W)","Green Avare (W)",Local,26/07/2026,8000,9000,8500
"Tamil Nadu","The Nilgiris","Udhagamandalam(Uzhavar Sandhai )",Mango(Raw-Ripe),"Mango - Raw-Ripe",Local,26/07/2026,3000,3500,3250
"Tamil Nadu","The Nilgiris","Udhagamandalam(Uzhavar Sandhai )","Onion Green","Onion Green",Local,26/07/2026,5800,6200,6000
"Tamil Nadu",Theni,"Andipatti(Uzhavar Sandhai )",Potato,Other,Local,26/07/2026,2400,2600,2500
"Tamil Nadu",Theni,"Andipatti(Uzhavar Sandhai )","Bhindi(Ladies Finger)",Bhindi,Local,26/07/2026,3600,3800,3700
"Tamil Nadu",Theni,"Andipatti(Uzhavar Sandhai )",Beans,"Beans (Whole)",Local,26/07/2026,7500,8000,7750
"Tamil Nadu",Theni,"Andipatti(Uzhavar Sandhai )",Ginger(Green),"Green Ginger",Local,26/07/2026,9000,17000,13000
"Tamil Nadu",Theni,"Andipatti(Uzhavar Sandhai )",Coconut,Coconut,Local,26/07/2026,4800,5000,4900
"Tamil Nadu",Theni,"Andipatti(Uzhavar Sandhai )",Ridgeguard(Tori),Ridgeguard(Tori),Local,26/07/2026,4500,5000,4750
"Tamil Nadu",Theni,"Andipatti(Uzhavar Sandhai )","Green Avare(W)",Other,Local,26/07/2026,6600,7000,6800
"Tamil Nadu",Theni,"Andipatti(Uzhavar Sandhai )","Knool Khol","Knool Khol",Local,26/07/2026,4600,4800,4700
"Tamil Nadu",Theni,"Andipatti(Uzhavar Sandhai )","Onion Green","Onion Green",Local,26/07/2026,5500,6000,5750
"Tamil Nadu",Theni,"Bodinayakanur(Uzhavar Sandhai )",Drumstick,Drumstick,Local,26/07/2026,4000,4000,4000
"Tamil Nadu",Theni,"Bodinayakanur(Uzhavar Sandhai )","Knool Khol","Knool Khol",Local,26/07/2026,4800,4800,4800
"Tamil Nadu",Theni,"Chinnamanur(Uzhavar Sandhai )",Onion,Bellary,Local,26/07/2026,3800,3800,3800
"Tamil Nadu",Theni,"Chinnamanur(Uzhavar Sandhai )",Potato,Other,Local,26/07/2026,2600,2600,2600
"Tamil Nadu",Theni,"Chinnamanur(Uzhavar Sandhai )",Garlic,Garlic,Local,26/07/2026,12000,24000,18000
"Tamil Nadu",Theni,"Chinnamanur(Uzhavar Sandhai )",Cauliflower,Ranchi,Local,26/07/2026,3000,4000,3500
"Tamil Nadu",Theni,"Chinnamanur(Uzhavar Sandhai )","Bitter gourd",Other,Local,26/07/2026,5400,5400,5400
"Tamil Nadu",Theni,"Chinnamanur(Uzhavar Sandhai )",Pumpkin,Pumpkin,Local,26/07/2026,1800,1800,1800
"Tamil Nadu",Theni,"Chinnamanur(Uzhavar Sandhai )",Ginger(Green),"Green Ginger",Local,26/07/2026,17000,17000,17000
"Tamil Nadu",Theni,"Chinnamanur(Uzhavar Sandhai )",Cabbage,Cabbage,Local,26/07/2026,4000,4000,4000
"Tamil Nadu",Theni,"Chinnamanur(Uzhavar Sandhai )",Raddish,Raddish,Local,26/07/2026,3000,3000,3000
"Tamil Nadu",Theni,"Chinnamanur(Uzhavar Sandhai )",Capsicum,Capsicum,Local,26/07/2026,6000,6000,6000
"Tamil Nadu",Theni,"Chinnamanur(Uzhavar Sandhai )","Onion Green","Onion Green",Local,26/07/2026,6000,6000,6000
"Tamil Nadu",Theni,"Kambam(Uzhavar Sandhai )",Onion,Bellary,Local,26/07/2026,3800,3800,3800
"Tamil Nadu",Theni,"Kambam(Uzhavar Sandhai )",Mango,Safeda,Local,26/07/2026,4000,5000,4500
"Tamil Nadu",Theni,"Kambam(Uzhavar Sandhai )",Cauliflower,Ranchi,Local,26/07/2026,2500,3500,3000
"Tamil Nadu",Theni,"Kambam(Uzhavar Sandhai )",Ashgourd,Gouard,Local,26/07/2026,1500,1500,1500
"Tamil Nadu",Theni,"Kambam(Uzhavar Sandhai )","Bhindi(Ladies Finger)",Bhindi,Local,26/07/2026,4000,4000,4000
"Tamil Nadu",Theni,"Kambam(Uzhavar Sandhai )",Cucumbar(Kheera),Cucumbar,Local,26/07/2026,1600,1600,1600
"Tamil Nadu",Theni,"Kambam(Uzhavar Sandhai )",Raddish,Raddish,Local,26/07/2026,2800,2800,2800
"Tamil Nadu",Theni,"Theni(Uzhavar Sandhai )",Grapes,Annabesahai,Local,26/07/2026,10000,10000,10000
"Tamil Nadu",Theni,"Theni(Uzhavar Sandhai )",Banana,"Red Banana",Local,26/07/2026,5000,6000,5500
"Tamil Nadu",Theni,"Theni(Uzhavar Sandhai )",Mango,Neelam,Local,26/07/2026,3000,6000,4500
"Tamil Nadu",Theni,"Theni(Uzhavar Sandhai )",Pineapple,"Pine Apple",Local,26/07/2026,8000,8000,8000
"Tamil Nadu",Theni,"Theni(Uzhavar Sandhai )","Cluster beans","Cluster Beans",Local,26/07/2026,3400,3400,3400
"Tamil Nadu",Theni,"Theni(Uzhavar Sandhai )","Betal Leaves",Mysore,Local,26/07/2026,22000,22000,22000
"Tamil Nadu",Theni,"Theni(Uzhavar Sandhai )",Ridgeguard(Tori),Ridgeguard(Tori),Local,26/07/2026,4500,5000,4750
"Tamil Nadu",Theni,"Theni(Uzhavar Sandhai )","Knool Khol","Knool Khol",Local,26/07/2026,4800,4800,4800
"Tamil Nadu",Theni,"Theni(Uzhavar Sandhai )",Yam(Ratalu),"Yam (Ratalu)",Local,26/07/2026,7500,7500,7500
"Tamil Nadu",Theni,"Theni(Uzhavar Sandhai )","Indian Beans(Seam)","Indian Beans (Seam)",Local,26/07/2026,5500,5500,5500
"Tamil Nadu",Theni,"Theni(Uzhavar Sandhai )",Colacasia,Colacasia,Local,26/07/2026,5000,5000,5000
"Tamil Nadu",Theni,"Theni(Uzhavar Sandhai )","Onion Green","Onion Green",Local,26/07/2026,3000,6000,4500
"Tamil Nadu",Theni,"Theni(Uzhavar Sandhai )",Mint(Pudina),Mint(Pudina),Local,26/07/2026,5500,5500,5500
"Tamil Nadu",Thirunelveli,"Kandiyaperi(Uzhavar Sandhai )",Pumpkin,Pumpkin,Local,26/07/2026,1200,1400,1300
"Tamil Nadu",Thirunelveli,"Kandiyaperi(Uzhavar Sandhai )",Coconut,Coconut,Local,26/07/2026,5600,5900,5750
"Tamil Nadu",Thirunelveli,"Kandiyaperi(Uzhavar Sandhai )","Onion Green","Onion Green",Local,26/07/2026,4500,6000,5250
"Tamil Nadu",Thirunelveli,"Melapalayam(Uzhavar Sandhai )",Cauliflower,Ranchi,Local,26/07/2026,4200,4400,4300
"Tamil Nadu",Thirunelveli,"Melapalayam(Uzhavar Sandhai )",Raddish,Raddish,Local,26/07/2026,3500,4000,3750
"Tamil Nadu",Thirunelveli,"Melapalayam(Uzhavar Sandhai )","Chow Chow","Chow Chow",Local,26/07/2026,3000,3500,3250
"Tamil Nadu",Thirunelveli,"Melapalayam(Uzhavar Sandhai )","Amla(Nelli Kai)",Amla,Local,26/07/2026,4500,5000,4750
"Tamil Nadu",Thirunelveli,"Melapalayam(Uzhavar Sandhai )",Mint(Pudina),Mint(Pudina),Local,26/07/2026,7000,7500,7250
"Tamil Nadu",Thirunelveli,"NGO Colony(Uzhavar Sandhai )",Onion,Bellary,Local,26/07/2026,3400,3800,3600
"Tamil Nadu",Thirunelveli,"NGO Colony(Uzhavar Sandhai )",Coriander(Leaves),"I Sort",Local,26/07/2026,5500,6000,5750
"Tamil Nadu",Thirunelveli,"NGO Colony(Uzhavar Sandhai )",Tomato,Other,Local,26/07/2026,2000,2200,2100
"Tamil Nadu",Thirunelveli,"NGO Colony(Uzhavar Sandhai )","Banana - Green","Banana - Green",Local,26/07/2026,2500,3000,2750
"Tamil Nadu",Thirunelveli,"NGO Colony(Uzhavar Sandhai )",Snakeguard,Snakeguard,Local,26/07/2026,1600,1800,1700
"Tamil Nadu",Thirunelveli,"NGO Colony(Uzhavar Sandhai )",Beetroot,Beetroot,Local,26/07/2026,4800,7400,6100
"Tamil Nadu",Thirunelveli,"NGO Colony(Uzhavar Sandhai )","Green Avare(W)","Green Avare (W)",Local,26/07/2026,6000,8500,7250
"Tamil Nadu",Thirunelveli,"Palayamkottai(Uzhavar Sandhai )",Garlic,Garlic,Local,26/07/2026,28000,30000,29000
"Tamil Nadu",Thirunelveli,"Palayamkottai(Uzhavar Sandhai )",Banana,"Red Banana",Local,26/07/2026,9000,10000,9500
"Tamil Nadu",Thirunelveli,"Palayamkottai(Uzhavar Sandhai )",Coriander(Leaves),"I Sort",Local,26/07/2026,5500,6000,5750
"Tamil Nadu",Thirunelveli,"Palayamkottai(Uzhavar Sandhai )","Cluster beans","Cluster Beans",Local,26/07/2026,2400,2600,2500
"Tamil Nadu",Thirunelveli,"Palayamkottai(Uzhavar Sandhai )","Bitter gourd","Bitter Gourd",Local,26/07/2026,5500,6500,6000
"Tamil Nadu",Thirunelveli,"Palayamkottai(Uzhavar Sandhai )",Amaranthus,Amaranthus,Local,26/07/2026,1000,1500,1250
"Tamil Nadu",Thirunelveli,"Palayamkottai(Uzhavar Sandhai )",Raddish,Raddish,Local,26/07/2026,3500,4000,3750
"Tamil Nadu",Thirunelveli,"Palayamkottai(Uzhavar Sandhai )","Elephant Yam(Suran)/Amorphophallus","Elephant Yam (Suran)",Local,26/07/2026,2500,3000,2750
"Tamil Nadu",Thirunelveli,"Palayamkottai(Uzhavar Sandhai )","Amla(Nelli Kai)",Amla,Local,26/07/2026,4000,5000,4500
"Tamil Nadu",Thirupur,"Kangayam(Uzhavar Sandhai )",Lemon,Lemon,Local,26/07/2026,6600,7000,6800
"Tamil Nadu",Thirupur,"Tiruppur (North) (Uzhavar Sandhai )",Potato,Other,Local,26/07/2026,5000,6000,5500
"Tamil Nadu",Thirupur,"Tiruppur (North) (Uzhavar Sandhai )",Cauliflower,Ranchi,Local,26/07/2026,3000,3600,3300
"Tamil Nadu",Thirupur,"Tiruppur (North) (Uzhavar Sandhai )",Tomato,Local,Local,26/07/2026,1600,2000,1800
"Tamil Nadu",Thirupur,"Tiruppur (North) (Uzhavar Sandhai )",Cowpea(Veg),"Cowpea (Veg)",Local,26/07/2026,3500,4000,3750
"Tamil Nadu",Thirupur,"Tiruppur (North) (Uzhavar Sandhai )",Cabbage,Cabbage,Local,26/07/2026,2500,3000,2750
"Tamil Nadu",Thirupur,"Tiruppur (North) (Uzhavar Sandhai )",Raddish,Raddish,Local,26/07/2026,3000,3500,3250
"Tamil Nadu",Thirupur,"Tiruppur (South) (Uzhavar Sandhai )",Coriander(Leaves),"I Sort",Local,26/07/2026,4000,5000,4500
"Tamil Nadu",Thirupur,"Tiruppur (South) (Uzhavar Sandhai )",Tomato,Local,Local,26/07/2026,1500,1800,1650
"Tamil Nadu",Thirupur,"Tiruppur (South) (Uzhavar Sandhai )","Cluster beans","Cluster Beans",Local,26/07/2026,3000,4000,3500
"Tamil Nadu",Thirupur,"Tiruppur (South) (Uzhavar Sandhai )","Bottle gourd","Bottle Gourd",Local,26/07/2026,1500,2000,1750
"Tamil Nadu",Thirupur,"Tiruppur (South) (Uzhavar Sandhai )",Pumpkin,Pumpkin,Local,26/07/2026,1500,2000,1750
"Tamil Nadu",Thirupur,"Tiruppur (South) (Uzhavar Sandhai )","Amla(Nelli Kai)",Amla,Local,26/07/2026,5000,6000,5500
"Tamil Nadu",Thirupur,"Tiruppur (South) (Uzhavar Sandhai )","Onion Green","Onion Green",Local,26/07/2026,5000,6000,5500
"Tamil Nadu",Thiruvannamalai,"Chengam(Uzhavar Sandhai )",Onion,Bellary,Local,26/07/2026,3300,4000,3650
"Tamil Nadu",Thiruvannamalai,"Chengam(Uzhavar Sandhai )",Potato,"Red Nanital",Local,26/07/2026,3300,4000,3650
"Tamil Nadu",Thiruvannamalai,"Chengam(Uzhavar Sandhai )",Brinjal,Round,Local,26/07/2026,3300,4000,3650
"Tamil Nadu",Thiruvannamalai,"Chengam(Uzhavar Sandhai )",Coriander(Leaves),"I Sort",Local,26/07/2026,5000,6000,5500
"Tamil Nadu",Thiruvannamalai,"Chengam(Uzhavar Sandhai )",Pumpkin,Pumpkin,Local,26/07/2026,2000,2500,2250
"Tamil Nadu",Thiruvannamalai,"Chengam(Uzhavar Sandhai )","Banana - Green","Banana - Green",Local,26/07/2026,1200,1500,1350
"Tamil Nadu",Thiruvannamalai,"Chengam(Uzhavar Sandhai )",Ginger(Green),"Green Ginger",Local,26/07/2026,20000,25000,22500
"Tamil Nadu",Thiruvannamalai,"Chengam(Uzhavar Sandhai )","Green Avare(W)","Green Avare (W)",Local,26/07/2026,5000,6000,5500
"Tamil Nadu",Thiruvannamalai,"Chengam(Uzhavar Sandhai )",Mango(Raw-Ripe),"Mango - Raw-Ripe",Local,26/07/2026,1600,2000,1800
"Tamil Nadu",Thiruvannamalai,"Chengam(Uzhavar Sandhai )",Guava,"Guava Allahabad",Local,26/07/2026,5000,6000,5500
"Tamil Nadu",Thiruvannamalai,"Chengam(Uzhavar Sandhai )",Yam(Ratalu),"Yam (Ratalu)",Local,26/07/2026,3300,4000,3650
"Tamil Nadu",Thiruvannamalai,"Chengam(Uzhavar Sandhai )",Lemon,Lemon,Local,26/07/2026,4200,5000,4600
"Tamil Nadu",Thiruvannamalai,"Chengam(Uzhavar Sandhai )","Amla(Nelli Kai)",Amla,Local,26/07/2026,8000,10000,9000
"Tamil Nadu",Thiruvannamalai,"Keelpennathur(Uzhavar Sandhai )",Banana,"Red Banana",Local,26/07/2026,9000,10000,9500
"Tamil Nadu",Thiruvannamalai,"Keelpennathur(Uzhavar Sandhai )",Brinjal,Round,Local,26/07/2026,5000,6000,5500
"Tamil Nadu",Thiruvannamalai,"Keelpennathur(Uzhavar Sandhai )","Mousambi(Sweet Lime)",Mousambi,Local,26/07/2026,8000,9000,8500
"Tamil Nadu",Thiruvannamalai,"Keelpennathur(Uzhavar Sandhai )","Bitter gourd","Bitter Gourd",Local,26/07/2026,5000,6000,5500
"Tamil Nadu",Thiruvannamalai,"Keelpennathur(Uzhavar Sandhai )","Bhindi(Ladies Finger)",Bhindi,Local,26/07/2026,4500,5000,4750
"Tamil Nadu",Thiruvannamalai,"Keelpennathur(Uzhavar Sandhai )",Carrot,Pusakesar,Local,26/07/2026,7000,8000,7500
"Tamil Nadu",Thiruvannamalai,"Keelpennathur(Uzhavar Sandhai )",Ridgeguard(Tori),Ridgeguard(Tori),Local,26/07/2026,7000,8000,7500
"Tamil Nadu",Thiruvannamalai,"Keelpennathur(Uzhavar Sandhai )",Jasmine,Jasmine,Local,26/07/2026,22000,24000,23000
"Tamil Nadu",Thiruvannamalai,"Tamarainagar(Uzhavar Sandhai )",Coriander(Leaves),"I Sort",Local,26/07/2026,7000,8000,7500
"Tamil Nadu",Thiruvannamalai,"Tamarainagar(Uzhavar Sandhai )",Papaya,Papaya,Local,26/07/2026,2500,3000,2750
"Tamil Nadu",Thiruvannamalai,"Tamarainagar(Uzhavar Sandhai )","Bottle gourd","Bottle Gourd",Local,26/07/2026,2000,2500,2250
"Tamil Nadu",Thiruvannamalai,"Tamarainagar(Uzhavar Sandhai )",Pumpkin,Pumpkin,Local,26/07/2026,2000,2500,2250
"Tamil Nadu",Thiruvannamalai,"Tamarainagar(Uzhavar Sandhai )",Raddish,Raddish,Local,26/07/2026,3000,3600,3300
"Tamil Nadu",Thiruvannamalai,"Tamarainagar(Uzhavar Sandhai )","Tamarind Fruit","Tamarind Fruit",Local,26/07/2026,10000,12000,11000
"Tamil Nadu",Thiruvannamalai,"Tamarainagar(Uzhavar Sandhai )",Mint(Pudina),Mint(Pudina),Local,26/07/2026,6000,7000,6500
"Tamil Nadu",Thiruvannamalai,"Tamarainagar(Uzhavar Sandhai )",Rose(Local),"Rose (Local)",Local,26/07/2026,25000,30000,27500
"Tamil Nadu",Thiruvannamalai,"Vandavasi(Uzhavar Sandhai )",Papaya,Papaya,Local,26/07/2026,3000,4000,3500
"Tamil Nadu",Thiruvannamalai,"Vandavasi(Uzhavar Sandhai )","Green Chilli","Green Chilly",Local,26/07/2026,5000,6000,5500
"Tamil Nadu",Thiruvannamalai,"Vandavasi(Uzhavar Sandhai )",Beans,"Beans (Whole)",Local,26/07/2026,5000,6000,5500
"Tamil Nadu",Thiruvannamalai,"Vandavasi(Uzhavar Sandhai )",Raddish,Raddish,Local,26/07/2026,2500,3000,2750
"Tamil Nadu",Thiruvannamalai,"Vandavasi(Uzhavar Sandhai )","Onion Green","Onion Green",Local,26/07/2026,5000,6000,5500
"Tamil Nadu",Thiruvannamalai,"Vandavasi(Uzhavar Sandhai )",Mint(Pudina),Mint(Pudina),Local,26/07/2026,3500,4000,3750
"Tamil Nadu",Thiruvarur,"Muthupettai(Uzhavar Sandhai )",Coriander(Leaves),"I Sort",Local,26/07/2026,6000,6000,6000
"Tamil Nadu",Thiruvarur,"Muthupettai(Uzhavar Sandhai )",Tomato,Deshi,Local,26/07/2026,2000,2000,2000
"Tamil Nadu",Thiruvarur,"Muthupettai(Uzhavar Sandhai )","Bottle gourd","Bottle Gourd",Local,26/07/2026,2800,2800,2800
"Tamil Nadu",Thiruvarur,"Muthupettai(Uzhavar Sandhai )",Amaranthus,Amaranthus,Local,26/07/2026,1000,1000,1000
"Tamil Nadu",Thiruvarur,"Muthupettai(Uzhavar Sandhai )","Banana - Green","Banana - Green",Local,26/07/2026,4000,4000,4000
"Tamil Nadu",Thiruvarur,"Muthupettai(Uzhavar Sandhai )",Coconut,Coconut,Local,26/07/2026,4000,4000,4000
Gujarat,"Chhota Udaipur","Bodeliu APMC",Cotton,"Shanker 6 (B) 30mm FIne",FAQ,26/07/2026,7900,8300,8100
Bihar,"East Champaran/ Motihari","Raxaul APMC","Bhindi(Ladies Finger)",Bhindi,"Grade A",26/07/2026,1100,1300,1200
Bihar,Sheikhpura,"Barbigha APMC",Cucumbar(Kheera),Cucumbar,FAQ,26/07/2026,3025,3185,3110
Bihar,Sheikhpura,"Barbigha APMC","Bottle gourd","Bottle Gourd",FAQ,26/07/2026,2085,2200,2155
Bihar,Sheikhpura,"Barbigha APMC","Bitter gourd","Bitter Gourd",FAQ,26/07/2026,2915,3055,2985
"Tamil Nadu",Thiruvarur,"Needamangalam(Uzhavar Sandhai )","Bhindi(Ladies Finger)",Bhindi,Local,26/07/2026,3600,3600,3600
"Tamil Nadu",Thiruvarur,"Needamangalam(Uzhavar Sandhai )","Banana - Green","Banana - Green",Local,26/07/2026,4000,4000,4000
"Tamil Nadu",Thiruvarur,"Needamangalam(Uzhavar Sandhai )",Raddish,Raddish,Local,26/07/2026,3200,3200,3200
"Tamil Nadu",Thiruvarur,"Needamangalam(Uzhavar Sandhai )",Drumstick,Drumstick,Local,26/07/2026,3800,3800,3800
"Tamil Nadu",Thiruvarur,"Needamangalam(Uzhavar Sandhai )",Mango(Raw-Ripe),"Mango - Raw-Ripe",Local,26/07/2026,2600,2600,2600
"Tamil Nadu",Thiruvarur,"Needamangalam(Uzhavar Sandhai )","Onion Green","Onion Green",Local,26/07/2026,7000,7000,7000
"Tamil Nadu",Thiruvarur,"Needamangalam(Uzhavar Sandhai )",Mint(Pudina),Mint(Pudina),Local,26/07/2026,7000,7000,7000
"Tamil Nadu",Thiruvarur,"Tiruvarur(Uzhavar Sandhai )",Coriander(Leaves),"I Sort",Local,26/07/2026,6000,6000,6000
"Tamil Nadu",Thiruvarur,"Tiruvarur(Uzhavar Sandhai )",Tomato,Deshi,Local,26/07/2026,2000,2000,2000
"Tamil Nadu",Thiruvarur,"Tiruvarur(Uzhavar Sandhai )",Coconut,Coconut,Local,26/07/2026,4500,4500,4500
"Tamil Nadu",Thiruvarur,"Tiruvarur(Uzhavar Sandhai )",Snakeguard,Snakeguard,Local,26/07/2026,4000,4000,4000
"Tamil Nadu",Thiruvarur,"Tiruvarur(Uzhavar Sandhai )",Drumstick,Drumstick,Local,26/07/2026,5000,5000,5000
"Uttar Pradesh",Bareilly,"Bareilly APMC","Green Chilli",Other,FAQ,26/07/2026,2000,2000,2000
"Uttar Pradesh",Bareilly,"Bareilly APMC",Ginger(Green),Other,FAQ,26/07/2026,4500,4500,4500
"Uttar Pradesh",Unnao,"Bangarmau APMC",Wood,Other,FAQ,26/07/2026,450,1000,600.73
"Tamil Nadu",Villupuram,"Gingee(Uzhavar Sandhai )",Brinjal,Round,Local,26/07/2026,4000,4500,4250
"Tamil Nadu",Villupuram,"Gingee(Uzhavar Sandhai )",Tomato,Deshi,Local,26/07/2026,1500,1500,1500
"Tamil Nadu",Villupuram,"Gingee(Uzhavar Sandhai )","Bitter gourd","Bitter Gourd",Local,26/07/2026,7000,7000,7000
"Tamil Nadu",Villupuram,"Gingee(Uzhavar Sandhai )",Amaranthus,Amaranthus,Local,26/07/2026,4000,5000,4500
"Tamil Nadu",Villupuram,"Gingee(Uzhavar Sandhai )",Ginger(Green),"Green Ginger",Local,26/07/2026,13000,13000,13000
"Tamil Nadu",Villupuram,"Gingee(Uzhavar Sandhai )",Beetroot,Beetroot,Local,26/07/2026,4000,4000,4000
"Tamil Nadu",Villupuram,"Gingee(Uzhavar Sandhai )",Ridgeguard(Tori),Ridgeguard(Tori),Local,26/07/2026,8000,8000,8000
"Tamil Nadu",Villupuram,"Gingee(Uzhavar Sandhai )",Lemon,Lemon,Local,26/07/2026,10000,10000,10000
"Tamil Nadu",Villupuram,"Gingee(Uzhavar Sandhai )","Onion Green","Onion Green",Local,26/07/2026,7000,7000,7000
"Uttar Pradesh",Etawah,"Bharthna APMC",Wheat,Dara,FAQ,26/07/2026,2500,2500,2500
"Tamil Nadu",Thiruvarur,"Valangaiman APMC",Ashgourd,Gouard,Local,26/07/2026,2400,2400,2400
"Tamil Nadu",Thiruvarur,"Valangaiman APMC","Bhindi(Ladies Finger)",Bhindi,Local,26/07/2026,4000,4000,4000
"Tamil Nadu",Virudhunagar,"Aruppukottai(Uzhavar Sandhai )",Onion,Bellary,Local,26/07/2026,3500,4000,3750
"Tamil Nadu",Virudhunagar,"Aruppukottai(Uzhavar Sandhai )",Coriander(Leaves),"I Sort",Local,26/07/2026,6000,7000,6500
"Tamil Nadu",Virudhunagar,"Aruppukottai(Uzhavar Sandhai )","Cluster beans","Cluster Beans",Local,26/07/2026,3000,3500,3250
"Tamil Nadu",Virudhunagar,"Aruppukottai(Uzhavar Sandhai )",Pumpkin,Pumpkin,Local,26/07/2026,2500,3000,2750
"Tamil Nadu",Virudhunagar,"Aruppukottai(Uzhavar Sandhai )","Green Chilli","Green Chilly",Local,26/07/2026,5000,5500,5250
"Tamil Nadu",Virudhunagar,"Aruppukottai(Uzhavar Sandhai )",Carrot,Pusakesar,Local,26/07/2026,8500,9000,8750
"Tamil Nadu",Virudhunagar,"Aruppukottai(Uzhavar Sandhai )",Cabbage,Cabbage,Local,26/07/2026,4500,5000,4750
"Tamil Nadu",Virudhunagar,"Aruppukottai(Uzhavar Sandhai )",Snakeguard,Snakeguard,Local,26/07/2026,4500,5000,4750
"Tamil Nadu",Virudhunagar,"Aruppukottai(Uzhavar Sandhai )","Chow Chow","Chow Chow",Local,26/07/2026,3000,3500,3250
"Tamil Nadu",Virudhunagar,"Aruppukottai(Uzhavar Sandhai )",Guava,"Guava Allahabad",Local,26/07/2026,3500,4000,3750
"Tamil Nadu",Virudhunagar,"Aruppukottai(Uzhavar Sandhai )","Elephant Yam(Suran)/Amorphophallus","Elephant Yam (Suran)",Local,26/07/2026,4500,5000,4750
"Uttar Pradesh",Bulandshahar,"Buland Shahr APMC",Onion,Other,FAQ,26/07/2026,1400,1400,1400
"Uttar Pradesh",Aligarh,"Charra APMC","Green Gram(Moong)(Whole)",Other,FAQ,26/07/2026,8768,8768,8768
"Uttar Pradesh",Kannuj,"Chhibramau APMC",Maize,Other,FAQ,26/07/2026,2050,2050,2050
"Tamil Nadu",Virudhunagar,"Kariyapatti(Uzhavar Sandhai )",Potato,"Red Nanital",Local,26/07/2026,3000,3500,3250
"Tamil Nadu",Virudhunagar,"Kariyapatti(Uzhavar Sandhai )",Banana,Besrai,Local,26/07/2026,3500,4000,3750
"Tamil Nadu",Virudhunagar,"Kariyapatti(Uzhavar Sandhai )",Tomato,Deshi,Local,26/07/2026,1800,2000,1900
"Tamil Nadu",Virudhunagar,"Kariyapatti(Uzhavar Sandhai )",Pumpkin,Pumpkin,Local,26/07/2026,2500,3000,2750
"Tamil Nadu",Virudhunagar,"Kariyapatti(Uzhavar Sandhai )","Bhindi(Ladies Finger)",Bhindi,Local,26/07/2026,3000,3500,3250
"Tamil Nadu",Virudhunagar,"Kariyapatti(Uzhavar Sandhai )",Amaranthus,Amaranthus,Local,26/07/2026,3000,3500,3250
"Tamil Nadu",Virudhunagar,"Kariyapatti(Uzhavar Sandhai )",Beans,"Beans (Whole)",Local,26/07/2026,9500,10000,9750
"Tamil Nadu",Virudhunagar,"Kariyapatti(Uzhavar Sandhai )",Ridgeguard(Tori),Ridgeguard(Tori),Local,26/07/2026,6500,7000,6750
"Tamil Nadu",Virudhunagar,"Kariyapatti(Uzhavar Sandhai )","Elephant Yam(Suran)/Amorphophallus","Elephant Yam (Suran)",Local,26/07/2026,4500,5000,4750
"Tamil Nadu",Thiruvellore,"Tiruvallur(Uzhavar Sandhai )",Banana,Karpura,Local,26/07/2026,5000,5000,5000
"Tamil Nadu",Thiruvellore,"Tiruvallur(Uzhavar Sandhai )",Brinjal,Round,Local,26/07/2026,5000,5000,5000
"Tamil Nadu",Thiruvellore,"Tiruvallur(Uzhavar Sandhai )",Amaranthus,Amaranthus,Local,26/07/2026,3000,3000,3000
"Tamil Nadu",Thiruvellore,"Tiruvallur(Uzhavar Sandhai )","Green Chilli","Green Chilly",Local,26/07/2026,4000,4000,4000
"Tamil Nadu",Thiruvellore,"Tiruvallur(Uzhavar Sandhai )",Lemon,Lemon,Local,26/07/2026,7000,7000,7000
"Madhya Pradesh",Dhar,"Manawar(F&V) APMC",Cauliflower,Cauliflower,"Grade B",26/07/2026,1900,2500,2000
"Madhya Pradesh",Dhar,"Manawar(F&V) APMC",Cabbage,Cabbage,"Grade B",26/07/2026,1600,1900,1750
"Tamil Nadu",Vellore,"Katpadi (Uzhavar Sandhai )",Onion,Bellary,Local,26/07/2026,4000,4000,4000
"Tamil Nadu",Vellore,"Katpadi (Uzhavar Sandhai )",Tapioca,Tapioca,Local,26/07/2026,3000,3000,3000
"Tamil Nadu",Vellore,"Katpadi (Uzhavar Sandhai )",Snakeguard,Snakeguard,Local,26/07/2026,3500,3500,3500
"Tamil Nadu",Vellore,"Katpadi (Uzhavar Sandhai )",Cucumbar(Kheera),Cucumbar,Local,26/07/2026,4000,4500,4250
"Tamil Nadu",Vellore,"Katpadi (Uzhavar Sandhai )","Knool Khol","Knool Khol",Local,26/07/2026,4000,4000,4000
"Tamil Nadu",Vellore,"Katpadi (Uzhavar Sandhai )",Jasmine,Jasmine,Local,26/07/2026,80000,80000,80000
"Tamil Nadu",Vellore,"Katpadi (Uzhavar Sandhai )",Marigold(Calcutta),Marigold(Calcutta),Local,26/07/2026,32000,32000,32000
"Tamil Nadu",Vellore,"Katpadi (Uzhavar Sandhai )","Onion Green","Onion Green",Local,26/07/2026,4500,4500,4500
"Tamil Nadu",Madurai,"Thirumangalam(Uzhavar Sandhai )",Onion,Bellary,Local,26/07/2026,3000,4000,3500
"Tamil Nadu",Madurai,"Thirumangalam(Uzhavar Sandhai )","Bottle gourd","Bottle Gourd",Local,26/07/2026,3000,3200,3100
"Tamil Nadu",Madurai,"Thirumangalam(Uzhavar Sandhai )","Green Chilli","Green Chilly",Local,26/07/2026,5000,5600,5300
"Tamil Nadu",Madurai,"Thirumangalam(Uzhavar Sandhai )",Snakeguard,Snakeguard,Local,26/07/2026,3000,4000,3500
"Tamil Nadu",Madurai,"Thirumangalam(Uzhavar Sandhai )",Ridgeguard(Tori),Ridgeguard(Tori),Local,26/07/2026,6000,6500,6250
"Tamil Nadu",Madurai,"Thirumangalam(Uzhavar Sandhai )",Drumstick,Drumstick,Local,26/07/2026,6000,7000,6500
"Tamil Nadu",Madurai,"Thirumangalam(Uzhavar Sandhai )","Onion Green","Onion Green",Local,26/07/2026,5000,6000,5500
"Tamil Nadu",Madurai,"Melur(Uzhavar Sandhai )",Banana,Besrai,Local,26/07/2026,4000,5000,4500
"Tamil Nadu",Madurai,"Melur(Uzhavar Sandhai )",Mango,Safeda,Local,26/07/2026,5500,6000,5750
"Tamil Nadu",Madurai,"Melur(Uzhavar Sandhai )","Cluster beans","Cluster Beans",Local,26/07/2026,3000,3600,3300
"Tamil Nadu",Madurai,"Melur(Uzhavar Sandhai )","Bitter gourd",Other,Local,26/07/2026,5500,6000,5750
"Tamil Nadu",Madurai,"Melur(Uzhavar Sandhai )","Banana - Green","Banana - Green",Local,26/07/2026,1800,2200,2000
"Tamil Nadu",Madurai,"Melur(Uzhavar Sandhai )",Tapioca,Tapioca,Local,26/07/2026,3000,4000,3500
"Tamil Nadu",Madurai,"Melur(Uzhavar Sandhai )",Mango(Raw-Ripe),"Mango - Raw-Ripe",Local,26/07/2026,2500,3500,3000
"Tamil Nadu",Madurai,"Melur(Uzhavar Sandhai )",Yam(Ratalu),"Yam (Ratalu)",Local,26/07/2026,7000,8000,7500
"Tamil Nadu",Madurai,"Melur(Uzhavar Sandhai )","Amla(Nelli Kai)",Amla,Local,26/07/2026,6000,6500,6250
"Tamil Nadu",Salem,"Vazhapadi(Uzhavar Sandhai)",Pineapple,"Pine Apple",Local,26/07/2026,5000,5000,5000
"Tamil Nadu",Salem,"Vazhapadi(Uzhavar Sandhai)",Onion,Bellary,Local,26/07/2026,3000,4000,3500
"Tamil Nadu",Salem,"Vazhapadi(Uzhavar Sandhai)",Brinjal,Other,Local,26/07/2026,4600,4600,4600
"Tamil Nadu",Salem,"Vazhapadi(Uzhavar Sandhai)",Tomato,Deshi,Local,26/07/2026,1400,1800,1600
"Tamil Nadu",Salem,"Vazhapadi(Uzhavar Sandhai)",Pumpkin,Pumpkin,Local,26/07/2026,2400,2400,2400
"Tamil Nadu",Salem,"Vazhapadi(Uzhavar Sandhai)",Amaranthus,Amaranthus,Local,26/07/2026,2000,2000,2000
"Tamil Nadu",Salem,"Vazhapadi(Uzhavar Sandhai)",Beans,"Beans (Whole)",Local,26/07/2026,6000,7000,6500
"Tamil Nadu",Salem,"Vazhapadi(Uzhavar Sandhai)",Cabbage,Cabbage,Local,26/07/2026,4000,4400,4200
"Tamil Nadu",Salem,"Vazhapadi(Uzhavar Sandhai)",Snakeguard,Snakeguard,Local,26/07/2026,3000,4000,3500
"Tamil Nadu",Salem,"Vazhapadi(Uzhavar Sandhai)","Elephant Yam(Suran)/Amorphophallus","Elephant Yam (Suran)",Local,26/07/2026,3000,3000,3000
"Tamil Nadu",Salem,"Vazhapadi(Uzhavar Sandhai)",Lemon,Lemon,Local,26/07/2026,4000,4000,4000
"Tamil Nadu",Karur,"Gandhigramam(Uzhavar Sandhai)",Banana,Other,Local,26/07/2026,5000,6000,5500
"Tamil Nadu",Karur,"Gandhigramam(Uzhavar Sandhai)",Cauliflower,Ranchi,Local,26/07/2026,3500,4000,3750
"Tamil Nadu",Karur,"Gandhigramam(Uzhavar Sandhai)",Snakeguard,Snakeguard,Local,26/07/2026,4000,4500,4250
"Tamil Nadu",Karur,"Gandhigramam(Uzhavar Sandhai)",Cucumbar(Kheera),Cucumbar,Local,26/07/2026,4000,8000,6000
"Tamil Nadu",Karur,"Gandhigramam(Uzhavar Sandhai)",Raddish,Raddish,Local,26/07/2026,3500,4000,3750
"Tamil Nadu",Karur,"Gandhigramam(Uzhavar Sandhai)","Green Avare(W)",Other,Local,26/07/2026,8000,10000,9000
"Tamil Nadu",Karur,"Gandhigramam(Uzhavar Sandhai)",Mango(Raw-Ripe),"Mango - Raw-Ripe",Local,26/07/2026,3000,4000,3500
"Tamil Nadu",Karur,"Gandhigramam(Uzhavar Sandhai)",Guava,"Guava Allahabad",Local,26/07/2026,5000,7000,6000
"Tamil Nadu",Karur,"Gandhigramam(Uzhavar Sandhai)",Lemon,Lemon,Local,26/07/2026,6000,8000,7000
"Tamil Nadu",Karur,"Gandhigramam(Uzhavar Sandhai)","Amla(Nelli Kai)",Amla,Local,26/07/2026,7000,8000,7500
"Tamil Nadu",Pudukkottai,"Aranthangi(Uzhavar Sandhai )",Onion,Bellary,Local,26/07/2026,4500,5000,4750
"Tamil Nadu",Pudukkottai,"Aranthangi(Uzhavar Sandhai )",Banana,Poovan,Local,26/07/2026,4500,5000,4750
"Tamil Nadu",Pudukkottai,"Aranthangi(Uzhavar Sandhai )","Bhindi(Ladies Finger)",Bhindi,Local,26/07/2026,3500,4000,3750
"Tamil Nadu",Pudukkottai,"Aranthangi(Uzhavar Sandhai )",Coconut,Coconut,Local,26/07/2026,3500,4000,3750
"Tamil Nadu",Pudukkottai,"Aranthangi(Uzhavar Sandhai )",Snakeguard,Snakeguard,Local,26/07/2026,3000,3500,3250
"Tamil Nadu",Pudukkottai,"Aranthangi(Uzhavar Sandhai )",Lemon,Lemon,Local,26/07/2026,3500,4000,3750
"Tamil Nadu",Coimbatore,"Sulur(Uzhavar Sandhai )",Banana,Karpura,Local,26/07/2026,4000,7800,5900
"Tamil Nadu",Coimbatore,"Sulur(Uzhavar Sandhai )",Cauliflower,Ranchi,Local,26/07/2026,4000,4500,4250
"Tamil Nadu",Coimbatore,"Sulur(Uzhavar Sandhai )",Papaya,Papaya,Local,26/07/2026,3500,4000,3750
"Tamil Nadu",Coimbatore,"Sulur(Uzhavar Sandhai )",Amaranthus,Amaranthus,Local,26/07/2026,4500,5000,4750
"Tamil Nadu",Coimbatore,"Sulur(Uzhavar Sandhai )","Banana - Green","Banana - Green",Local,26/07/2026,3500,4000,3750
"Tamil Nadu",Coimbatore,"Sulur(Uzhavar Sandhai )",Beans,"Beans (Whole)",Local,26/07/2026,6000,6500,6250
"Tamil Nadu",Coimbatore,"Sulur(Uzhavar Sandhai )",Cabbage,Cabbage,Local,26/07/2026,4000,4500,4250
"Tamil Nadu",Coimbatore,"Sulur(Uzhavar Sandhai )",Snakeguard,Snakeguard,Local,26/07/2026,3000,3500,3250
"Tamil Nadu",Coimbatore,"Sulur(Uzhavar Sandhai )",Cucumbar(Kheera),Cucumbar,Local,26/07/2026,4000,4500,4250
"Tamil Nadu",Coimbatore,"Sulur(Uzhavar Sandhai )","Green Avare(W)","Green Avare (W)",Local,26/07/2026,6000,6800,6400
"Tamil Nadu",Coimbatore,"Sulur(Uzhavar Sandhai )","Chow Chow","Chow Chow",Local,26/07/2026,3000,3600,3300
"Tamil Nadu",Coimbatore,"Sulur(Uzhavar Sandhai )",Drumstick,Drumstick,Local,26/07/2026,5800,6200,6000
"Tamil Nadu",Coimbatore,"Sulur(Uzhavar Sandhai )",Mango(Raw-Ripe),"Mango - Raw-Ripe",Local,26/07/2026,2500,3000,2750
"Tamil Nadu",Pudukkottai,"Gandarvakottai(Uzhavar Sandhai )",Potato,"Red Nanital",Local,26/07/2026,4500,5000,4750
"Tamil Nadu",Pudukkottai,"Gandarvakottai(Uzhavar Sandhai )",Tomato,Deshi,Local,26/07/2026,1500,2000,1750
"Tamil Nadu",Pudukkottai,"Gandarvakottai(Uzhavar Sandhai )","Banana - Green","Banana - Green",Local,26/07/2026,2500,3000,2750
"Tamil Nadu",Pudukkottai,"Gandarvakottai(Uzhavar Sandhai )",Snakeguard,Snakeguard,Local,26/07/2026,3500,4000,3750
Keralam,Thirssur,"Nooluvally  VFPCK Market",Banana,"Nendra Bale","Grade A",26/07/2026,4000,4400,4200
"Tamil Nadu",Cuddalore,"Panruti(Uzhavar Sandhai )",Mango,Safeda,Local,26/07/2026,5000,5000,5000
"Tamil Nadu",Cuddalore,"Panruti(Uzhavar Sandhai )",Brinjal,Round,Local,26/07/2026,6000,6000,6000
"Tamil Nadu",Cuddalore,"Panruti(Uzhavar Sandhai )",Snakeguard,Snakeguard,Local,26/07/2026,3000,3000,3000
"Tamil Nadu",Cuddalore,"Vadalur(Uzhavar Sandhai )",Mango,Neelam,Local,26/07/2026,4000,4000,4000
"Tamil Nadu",Cuddalore,"Vadalur(Uzhavar Sandhai )",Ashgourd,Gouard,Local,26/07/2026,3000,3000,3000
"Tamil Nadu",Cuddalore,"Vadalur(Uzhavar Sandhai )",Coconut,Coconut,Local,26/07/2026,5000,5000,5000
"Tamil Nadu",Cuddalore,"Vadalur(Uzhavar Sandhai )",Raddish,Raddish,Local,26/07/2026,3000,3000,3000
"Tamil Nadu",Cuddalore,"Vadalur(Uzhavar Sandhai )","Knool Khol","Knool Khol",Local,26/07/2026,5000,5000,5000
"Tamil Nadu",Dharmapuri,"AJattihalli(Uzhavar Sandhai )",Banana,"Red Banana",Local,26/07/2026,8000,8000,8000
"Tamil Nadu",Dharmapuri,"AJattihalli(Uzhavar Sandhai )",Mango,Safeda,Local,26/07/2026,6000,6000,6000
"Tamil Nadu",Dharmapuri,"AJattihalli(Uzhavar Sandhai )","Bottle gourd","Bottle Gourd",Local,26/07/2026,2000,2400,2200
"Tamil Nadu",Dharmapuri,"AJattihalli(Uzhavar Sandhai )",Amaranthus,Amaranthus,Local,26/07/2026,2500,2500,2500
"Tamil Nadu",Dharmapuri,"AJattihalli(Uzhavar Sandhai )","Green Chilli","Green Chilly",Local,26/07/2026,4500,4500,4500
"Tamil Nadu",Dharmapuri,"AJattihalli(Uzhavar Sandhai )","Sweet Potato","Hosur Red",Local,26/07/2026,4000,4000,4000
"Tamil Nadu",Dharmapuri,"AJattihalli(Uzhavar Sandhai )",Cabbage,Cabbage,Local,26/07/2026,4000,4400,4200
"Tamil Nadu",Dharmapuri,"AJattihalli(Uzhavar Sandhai )",Snakeguard,Snakeguard,Local,26/07/2026,3000,3500,3250
"Tamil Nadu",Dharmapuri,"AJattihalli(Uzhavar Sandhai )",Beetroot,Beetroot,Local,26/07/2026,5200,5200,5200
"Tamil Nadu",Dharmapuri,"AJattihalli(Uzhavar Sandhai )","Elephant Yam(Suran)/Amorphophallus","Elephant Yam (Suran)",Local,26/07/2026,5600,5600,5600
"Tamil Nadu",Dharmapuri,"AJattihalli(Uzhavar Sandhai )",Mint(Pudina),Mint(Pudina),Local,26/07/2026,6000,7000,6500
"Tamil Nadu",Nagapattinam,"Vedaranyam(Uzhavar Sandhai)",Brinjal,Round,Local,26/07/2026,4400,4600,4500
"Tamil Nadu",Nagapattinam,"Vedaranyam(Uzhavar Sandhai)","Cluster beans","Cluster Beans",Local,26/07/2026,3200,3400,3300
"Tamil Nadu",Nagapattinam,"Vedaranyam(Uzhavar Sandhai)",Ashgourd,Gouard,Local,26/07/2026,2800,3000,2900
"Tamil Nadu",Nagapattinam,"Vedaranyam(Uzhavar Sandhai)","Green Avare(W)","Green Avare (W)",Local,26/07/2026,6500,7000,6750
"Tamil Nadu",Nagapattinam,"Vedaranyam(Uzhavar Sandhai)",Yam(Ratalu),"Yam (Ratalu)",Local,26/07/2026,5000,5500,5250
"Tamil Nadu",Vellore,"Perampet(Uzhavar Sandhai)",Brinjal,Other,Local,26/07/2026,4600,5000,4800
"Tamil Nadu",Vellore,"Perampet(Uzhavar Sandhai)",Amaranthus,Amaranthus,Local,26/07/2026,4000,4000,4000
"Tamil Nadu",Vellore,"Perampet(Uzhavar Sandhai)","Banana - Green","Banana - Green",Local,26/07/2026,4000,4000,4000
"Tamil Nadu",Vellore,"Perampet(Uzhavar Sandhai)",Ginger(Green),"Green Ginger",Local,26/07/2026,20000,20000,20000
"Tamil Nadu",Vellore,"Perampet(Uzhavar Sandhai)",Coconut,Coconut,Local,26/07/2026,2500,3000,2750
"Tamil Nadu",Vellore,"Perampet(Uzhavar Sandhai)",Carrot,Pusakesar,Local,26/07/2026,7000,7600,7300
"Tamil Nadu",Vellore,"Perampet(Uzhavar Sandhai)",Beetroot,Beetroot,Local,26/07/2026,5000,5000,5000
"Tamil Nadu",Vellore,"Perampet(Uzhavar Sandhai)",Raddish,Raddish,Local,26/07/2026,3000,3000,3000
"Tamil Nadu",Vellore,"Perampet(Uzhavar Sandhai)","Green Avare(W)","Green Avare (W)",Local,26/07/2026,6000,6000,6000
"Tamil Nadu",Vellore,"Perampet(Uzhavar Sandhai)","Tender Coconut","Tender Coconut",Local,26/07/2026,2500,2500,2500
"Tamil Nadu",Thanjavur,"Peravurani(Uzhavar Sandhai)",Banana,Besrai,Local,26/07/2026,3000,3000,3000
"Tamil Nadu",Thanjavur,"Peravurani(Uzhavar Sandhai)","Bottle gourd","Bottle Gourd",Local,26/07/2026,2500,2500,2500
"Tamil Nadu",Thanjavur,"Peravurani(Uzhavar Sandhai)",Ashgourd,Gouard,Local,26/07/2026,2500,2500,2500
"Tamil Nadu",Thanjavur,"Peravurani(Uzhavar Sandhai)","Bhindi(Ladies Finger)",Bhindi,Local,26/07/2026,3500,3500,3500
"Tamil Nadu",Thanjavur,"Peravurani(Uzhavar Sandhai)",Carrot,Pusakesar,Local,26/07/2026,9000,9000,9000
"Madhya Pradesh",Badwani,"Sendhwa(F&V) APMC","Bhindi(Ladies Finger)",Bhindi,Local,26/07/2026,800,1300,1000
"Madhya Pradesh",Badwani,"Sendhwa(F&V) APMC",Cauliflower,Cauliflower,Medium,26/07/2026,900,1500,1100
"Madhya Pradesh",Badwani,"Sendhwa(F&V) APMC",Cucumbar(Kheera),Cucumbar,Medium,26/07/2026,600,1000,800
"Madhya Pradesh",Badwani,"Sendhwa(F&V) APMC",Onion,Red,Medium,26/07/2026,700,1200,900
"Madhya Pradesh",Badwani,"Sendhwa(F&V) APMC",Tinda,Tinda,Medium,26/07/2026,700,1200,900
"Tamil Nadu",Karur,"Kulithalai(Uzhavar Sandhai )",Cauliflower,Ranchi,Local,26/07/2026,4000,4500,4250
"Tamil Nadu",Karur,"Kulithalai(Uzhavar Sandhai )","Water Melon","Water Melon",Local,26/07/2026,2500,3000,2750
"Tamil Nadu",Karur,"Kulithalai(Uzhavar Sandhai )","Bottle gourd","Bottle Gourd",Local,26/07/2026,1500,2000,1750
"Tamil Nadu",Karur,"Kulithalai(Uzhavar Sandhai )",Ashgourd,Gouard,Local,26/07/2026,2500,3000,2750
"Tamil Nadu",Karur,"Kulithalai(Uzhavar Sandhai )",Cowpea(Veg),"Cowpea (Veg)",Local,26/07/2026,2500,3000,2750
"Tamil Nadu",Karur,"Kulithalai(Uzhavar Sandhai )",Carrot,Pusakesar,Local,26/07/2026,9000,10000,9500
"Tamil Nadu",Karur,"Kulithalai(Uzhavar Sandhai )",Thondekai,Thondekai,Local,26/07/2026,4500,5000,4750
"Tamil Nadu",Karur,"Kulithalai(Uzhavar Sandhai )","Elephant Yam(Suran)/Amorphophallus","Elephant Yam (Suran)",Local,26/07/2026,5000,5500,5250
"Tamil Nadu",Karur,"Kulithalai(Uzhavar Sandhai )",Lemon,Lemon,Local,26/07/2026,5500,6000,5750
"Tamil Nadu",Karur,"Kulithalai(Uzhavar Sandhai )",Turnip,Turnip,Local,26/07/2026,4000,5000,4500
"Tamil Nadu",Karur,"Pallapatti (Uzhavar Sandhai )",Pumpkin,Pumpkin,Local,26/07/2026,2000,2500,2250
"Tamil Nadu",Karur,"Pallapatti (Uzhavar Sandhai )",Amaranthus,Amaranthus,Local,26/07/2026,2500,3000,2750
"Tamil Nadu",Karur,"Pallapatti (Uzhavar Sandhai )","Sweet Potato","Hosur Red",Local,26/07/2026,3600,4000,3800
"Tamil Nadu",Karur,"Pallapatti (Uzhavar Sandhai )",Snakeguard,Snakeguard,Local,26/07/2026,4500,5000,4750
"Tamil Nadu",Karur,"Pallapatti (Uzhavar Sandhai )",Mint(Pudina),Mint(Pudina),Local,26/07/2026,4500,5000,4750
"Andhra Pradesh",Srikakulam,"Etcherla APMC",Maize,"Deshi White",Local,26/07/2026,2400,2400,2400
"Tamil Nadu",Karur,"Velayuthampalayam(Uzhavar Sandhai )",Pumpkin,Pumpkin,Local,26/07/2026,2200,2800,2500
"Tamil Nadu",Karur,"Velayuthampalayam(Uzhavar Sandhai )",Coconut,Coconut,Local,26/07/2026,4500,5500,5000
"Tamil Nadu",Karur,"Velayuthampalayam(Uzhavar Sandhai )",Ridgeguard(Tori),Ridgeguard(Tori),Local,26/07/2026,5200,6000,5600
"Tamil Nadu",Karur,"Vengamedu(Uzhavar Sandhai )",Brinjal,Other,Local,26/07/2026,4500,5500,5000
"Tamil Nadu",Karur,"Vengamedu(Uzhavar Sandhai )","Bitter gourd",Other,Local,26/07/2026,5500,6000,5750
"Tamil Nadu",Karur,"Vengamedu(Uzhavar Sandhai )","Bottle gourd","Bottle Gourd",Local,26/07/2026,2000,2500,2250
"Tamil Nadu",Karur,"Vengamedu(Uzhavar Sandhai )",Raddish,Raddish,Local,26/07/2026,3500,4000,3750
"Tamil Nadu",Karur,"Vengamedu(Uzhavar Sandhai )","Green Avare(W)",Other,Local,26/07/2026,7000,8000,7500
"Tamil Nadu",Karur,"Vengamedu(Uzhavar Sandhai )",Mango(Raw-Ripe),"Mango - Raw-Ripe",Local,26/07/2026,3500,4000,3750
"Tamil Nadu",Karur,"Vengamedu(Uzhavar Sandhai )","Onion Green","Onion Green",Local,26/07/2026,6000,6500,6250
"Tamil Nadu",Karur,"Vengamedu(Uzhavar Sandhai )",Mint(Pudina),Mint(Pudina),Local,26/07/2026,6500,7000,6750
"Tamil Nadu",Theni,"Devaram(Uzhavar Sandhai )",Tomato,Deshi,Local,26/07/2026,2000,2000,2000
"Tamil Nadu",Theni,"Devaram(Uzhavar Sandhai )","Cluster beans","Cluster Beans",Local,26/07/2026,3400,3400,3400
"Tamil Nadu",Theni,"Devaram(Uzhavar Sandhai )",Ashgourd,Gouard,Local,26/07/2026,1500,1500,1500
"Tamil Nadu",Theni,"Devaram(Uzhavar Sandhai )","Green Chilli","Green Chilly",Local,26/07/2026,5200,5200,5200
"Tamil Nadu",Theni,"Devaram(Uzhavar Sandhai )",Coconut,Coconut,Local,26/07/2026,5000,5000,5000
"Tamil Nadu",Theni,"Devaram(Uzhavar Sandhai )",Snakeguard,Snakeguard,Local,26/07/2026,3000,3000,3000
"Tamil Nadu",Theni,"Devaram(Uzhavar Sandhai )",Beetroot,Beetroot,Local,26/07/2026,4500,4500,4500
"Tamil Nadu",Theni,"Devaram(Uzhavar Sandhai )",Drumstick,Drumstick,Local,26/07/2026,3500,3500,3500
"Tamil Nadu",Theni,"Devaram(Uzhavar Sandhai )","Knool Khol","Knool Khol",Local,26/07/2026,4800,4800,4800
"Tamil Nadu",Salem,"Attayampatti(Uzhavar Sandhai )",Ashgourd,Gouard,Local,26/07/2026,2400,2800,2600
"Tamil Nadu",Salem,"Attayampatti(Uzhavar Sandhai )",Pumpkin,Pumpkin,Local,26/07/2026,2400,2800,2600
"Tamil Nadu",Salem,"Attayampatti(Uzhavar Sandhai )",Ridgeguard(Tori),Ridgeguard(Tori),Local,26/07/2026,5000,5400,5200
"Tamil Nadu",Salem,"Attayampatti(Uzhavar Sandhai )","Green Avare(W)","Green Avare (W)",Local,26/07/2026,7000,8000,7500
"Tamil Nadu",Salem,"Attayampatti(Uzhavar Sandhai )","Elephant Yam(Suran)/Amorphophallus","Elephant Yam (Suran)",Local,26/07/2026,4000,4000,4000
"Tamil Nadu",Sivaganga,"Sivagangai (Uzhavar Sandhai )",Cauliflower,Ranchi,Local,26/07/2026,2600,3000,2800
"Tamil Nadu",Sivaganga,"Sivagangai (Uzhavar Sandhai )",Soyabean,Local,Local,26/07/2026,10000,11000,10500
"Tamil Nadu",Sivaganga,"Sivagangai (Uzhavar Sandhai )",Mango,Safeda,Local,26/07/2026,4000,5500,4750
"Tamil Nadu",Sivaganga,"Sivagangai (Uzhavar Sandhai )","Bitter gourd",Other,Local,26/07/2026,5600,6200,5900
"Tamil Nadu",Sivaganga,"Sivagangai (Uzhavar Sandhai )",Snakeguard,Snakeguard,Local,26/07/2026,3800,4200,4000
"Tamil Nadu",Sivaganga,"Sivagangai (Uzhavar Sandhai )",Lemon,Lemon,Local,26/07/2026,5200,6200,5700
"Tamil Nadu",Sivaganga,"Sivagangai (Uzhavar Sandhai )",Colacasia,Colacasia,Local,26/07/2026,4200,5200,4700
"Tamil Nadu",Sivaganga,"Sivagangai (Uzhavar Sandhai )",Mashrooms,Mashrooms,Local,26/07/2026,25000,25000,25000
"Tamil Nadu",Sivaganga,"Devakottai (Uzhavar Sandhai )",Potato,Other,Local,26/07/2026,5800,6200,6000
"Tamil Nadu",Sivaganga,"Devakottai (Uzhavar Sandhai )",Brinjal,Other,Local,26/07/2026,5400,6000,5700
"Tamil Nadu",Sivaganga,"Devakottai (Uzhavar Sandhai )","Bitter gourd",Other,Local,26/07/2026,6000,6400,6200
"Tamil Nadu",Sivaganga,"Devakottai (Uzhavar Sandhai )",Yam(Ratalu),"Yam (Ratalu)",Local,26/07/2026,7200,8400,7800
"Tamil Nadu",Sivaganga,"Devakottai (Uzhavar Sandhai )",Lemon,Lemon,Local,26/07/2026,5400,6200,5800
"Tamil Nadu",Salem,"Edapadi (Uzhavar Sandhai )",Coriander(Leaves),"I Sort",Local,26/07/2026,2500,3000,2750
"Tamil Nadu",Salem,"Edapadi (Uzhavar Sandhai )",Papaya,Papaya,Local,26/07/2026,2600,3000,2800
"Tamil Nadu",Salem,"Edapadi (Uzhavar Sandhai )","Bhindi(Ladies Finger)",Bhindi,Local,26/07/2026,2500,3000,2750
"Tamil Nadu",Salem,"Edapadi (Uzhavar Sandhai )",Thondekai,Thondekai,Local,26/07/2026,3500,4000,3750
"Tamil Nadu",Salem,"Elampillai(Uzhavar Sandhai )",Onion,Bellary,Local,26/07/2026,3800,4000,3900
"Tamil Nadu",Salem,"Elampillai(Uzhavar Sandhai )",Banana,"Red Banana",Local,26/07/2026,6000,6500,6250
"Tamil Nadu",Salem,"Elampillai(Uzhavar Sandhai )",Papaya,Papaya,Local,26/07/2026,2500,3000,2750
"Tamil Nadu",Salem,"Elampillai(Uzhavar Sandhai )",Tomato,Other,Local,26/07/2026,1500,2000,1750
"Tamil Nadu",Salem,"Elampillai(Uzhavar Sandhai )","Bottle gourd","Bottle Gourd",Local,26/07/2026,2500,3000,2750
"Tamil Nadu",Salem,"Elampillai(Uzhavar Sandhai )","Bhindi(Ladies Finger)",Bhindi,Local,26/07/2026,3000,3200,3100
"Tamil Nadu",Salem,"Elampillai(Uzhavar Sandhai )",Coconut,Coconut,Local,26/07/2026,5000,5500,5250
"Tamil Nadu",Salem,"Elampillai(Uzhavar Sandhai )",Carrot,Pusakesar,Local,26/07/2026,9000,9800,9400
"Tamil Nadu",Salem,"Elampillai(Uzhavar Sandhai )","Onion Green","Onion Green",Local,26/07/2026,4500,5000,4750
"Tamil Nadu",Salem,"Elampillai(Uzhavar Sandhai )",Rose(Local),"Rose (Local)",Local,26/07/2026,11000,12000,11500
"Tamil Nadu",Salem,"Hasthampatti(Uzhavar Sandhai )",Grapes,Annabesahai,Local,26/07/2026,7000,8000,7500
"Tamil Nadu",Salem,"Hasthampatti(Uzhavar Sandhai )",Groundnut,"Big (With Shell)",Local,26/07/2026,7000,7500,7250
"Tamil Nadu",Salem,"Hasthampatti(Uzhavar Sandhai )",Apple,American,Local,26/07/2026,21000,22000,21500
"Tamil Nadu",Salem,"Hasthampatti(Uzhavar Sandhai )",Orange,Darjeeling,Local,26/07/2026,8000,10000,9000
"Tamil Nadu",Salem,"Hasthampatti(Uzhavar Sandhai )",Amaranthus,Amaranthus,Local,26/07/2026,2000,2400,2200
"Tamil Nadu",Salem,"Hasthampatti(Uzhavar Sandhai )",Raddish,Raddish,Local,26/07/2026,2500,3000,2750
"Tamil Nadu",Salem,"Hasthampatti(Uzhavar Sandhai )",Pomegranate,Pomogranate,Local,26/07/2026,12000,13000,12500
"Tamil Nadu",Salem,"Hasthampatti(Uzhavar Sandhai )","Indian Beans(Seam)","Indian Beans (Seam)",Local,26/07/2026,4500,5000,4750
"Tamil Nadu",Salem,"Jalagandapuram(Uzhavar Sandhai )",Coriander(Leaves),"I Sort",Local,26/07/2026,3500,4000,3750
"Tamil Nadu",Salem,"Jalagandapuram(Uzhavar Sandhai )",Amaranthus,Amaranthus,Local,26/07/2026,2000,2400,2200
"Tamil Nadu",Salem,"Jalagandapuram(Uzhavar Sandhai )",Cowpea(Veg),"Cowpea (Veg)",Local,26/07/2026,4500,5000,4750
"Tamil Nadu",Salem,"Jalagandapuram(Uzhavar Sandhai )","Sweet Potato","Hosur Red",Local,26/07/2026,3500,4000,3750
"Tamil Nadu",Salem,"Jalagandapuram(Uzhavar Sandhai )",Cabbage,Cabbage,Local,26/07/2026,3500,4000,3750
"Tamil Nadu",Salem,"Jalagandapuram(Uzhavar Sandhai )",Snakeguard,Snakeguard,Local,26/07/2026,3500,3800,3650
"Tamil Nadu",Salem,"Jalagandapuram(Uzhavar Sandhai )",Ridgeguard(Tori),Ridgeguard(Tori),Local,26/07/2026,4000,4500,4250
"Tamil Nadu",Sivaganga,"Singampunari(Uzhavar Sandhai )",Banana,Karpura,Local,26/07/2026,3500,4000,3750
"Tamil Nadu",Sivaganga,"Singampunari(Uzhavar Sandhai )",Coriander(Leaves),"I Sort",Local,26/07/2026,6600,7200,6900
"Tamil Nadu",Sivaganga,"Singampunari(Uzhavar Sandhai )","Cluster beans","Cluster Beans",Local,26/07/2026,3200,3800,3500
"Tamil Nadu",Sivaganga,"Singampunari(Uzhavar Sandhai )","Bottle gourd","Bottle Gourd",Local,26/07/2026,2800,3400,3100
"Tamil Nadu",Sivaganga,"Singampunari(Uzhavar Sandhai )",Amaranthus,Amaranthus,Local,26/07/2026,3000,4000,3500
"Tamil Nadu",Sivaganga,"Singampunari(Uzhavar Sandhai )","Banana - Green","Banana - Green",Local,26/07/2026,2500,3000,2750
"Tamil Nadu",Sivaganga,"Singampunari(Uzhavar Sandhai )",Ginger(Green),"Green Ginger",Local,26/07/2026,15000,21000,18000
"Tamil Nadu",Sivaganga,"Singampunari(Uzhavar Sandhai )",Coconut,Coconut,Local,26/07/2026,5400,5800,5600
"Tamil Nadu",Sivaganga,"Singampunari(Uzhavar Sandhai )",Beetroot,Beetroot,Local,26/07/2026,5200,5600,5400
"Tamil Nadu",Sivaganga,"Singampunari(Uzhavar Sandhai )",Mango(Raw-Ripe),"Mango - Raw-Ripe",Local,26/07/2026,2600,3600,3100
"Tamil Nadu",Sivaganga,"Singampunari(Uzhavar Sandhai )","Knool Khol","Knool Khol",Local,26/07/2026,5600,6200,5900
"Tamil Nadu",Sivaganga,"Singampunari(Uzhavar Sandhai )",Yam(Ratalu),"Yam (Ratalu)",Local,26/07/2026,7000,8000,7500
"Tamil Nadu",Sivaganga,"Karaikudi(Uzhavar Sandhai )",Onion,Bellary,Local,26/07/2026,4200,4500,4350
"Tamil Nadu",Sivaganga,"Karaikudi(Uzhavar Sandhai )",Brinjal,Round,Local,26/07/2026,5500,6000,5750
"Tamil Nadu",Sivaganga,"Karaikudi(Uzhavar Sandhai )",Papaya,Papaya,Local,26/07/2026,4500,4800,4650
"Tamil Nadu",Sivaganga,"Karaikudi(Uzhavar Sandhai )",Tomato,Deshi,Local,26/07/2026,2400,2600,2500
"Tamil Nadu",Sivaganga,"Karaikudi(Uzhavar Sandhai )",Ashgourd,Gouard,Local,26/07/2026,2800,3000,2900
"Tamil Nadu",Sivaganga,"Karaikudi(Uzhavar Sandhai )",Coconut,Coconut,Local,26/07/2026,6200,6400,6300
"Tamil Nadu",Sivaganga,"Karaikudi(Uzhavar Sandhai )",Snakeguard,Snakeguard,Local,26/07/2026,3500,4000,3750
"Tamil Nadu",Sivaganga,"Karaikudi(Uzhavar Sandhai )","Elephant Yam(Suran)/Amorphophallus","Elephant Yam (Suran)",Local,26/07/2026,4500,5000,4750
"Tamil Nadu",Sivaganga,"Karaikudi(Uzhavar Sandhai )","Onion Green","Onion Green",Local,26/07/2026,5800,6400,6100
"Tamil Nadu",Sivaganga,"Karaikudi(Uzhavar Sandhai )",Mint(Pudina),Mint(Pudina),Local,26/07/2026,5800,6400,6100
"Tamil Nadu",Sivaganga,"Tirupatthur(Uzhavar Sandhai )","Cluster beans","Cluster Beans",Local,26/07/2026,3500,4000,3750
"Tamil Nadu",Sivaganga,"Tirupatthur(Uzhavar Sandhai )",Pumpkin,Pumpkin,Local,26/07/2026,2500,2800,2650
"Tamil Nadu",Sivaganga,"Tirupatthur(Uzhavar Sandhai )","Bhindi(Ladies Finger)",Bhindi,Local,26/07/2026,3500,4000,3750
"Tamil Nadu",Sivaganga,"Tirupatthur(Uzhavar Sandhai )","Knool Khol","Knool Khol",Local,26/07/2026,6000,6500,6250
"Tamil Nadu",Thanjavur,"Pattukottai(Uzhavar Sandhai )",Garlic,Garlic,Local,26/07/2026,16000,16000,16000
"Tamil Nadu",Thanjavur,"Pattukottai(Uzhavar Sandhai )",Brinjal,Round,Local,26/07/2026,3200,4400,3800
"Tamil Nadu",Thanjavur,"Pattukottai(Uzhavar Sandhai )",Coriander(Leaves),"I Sort",Local,26/07/2026,5000,5000,5000
"Tamil Nadu",Thanjavur,"Pattukottai(Uzhavar Sandhai )",Ginger(Green),"Green Ginger",Local,26/07/2026,14000,18000,16000
"Tamil Nadu",Thanjavur,"Pattukottai(Uzhavar Sandhai )","Chow Chow","Chow Chow",Local,26/07/2026,4400,4400,4400
"Tamil Nadu",Thanjavur,"Pattukottai(Uzhavar Sandhai )",Drumstick,Drumstick,Local,26/07/2026,5600,5600,5600
"Tamil Nadu",Thanjavur,"Thanjavur(Uzhavar Sandhai )",Onion,Bellary,Local,26/07/2026,3800,3800,3800
"Tamil Nadu",Thanjavur,"Thanjavur(Uzhavar Sandhai )",Potato,"Red Nanital",Local,26/07/2026,2800,2800,2800
"Tamil Nadu",Thanjavur,"Thanjavur(Uzhavar Sandhai )",Groundnut,"Big (With Shell)",Local,26/07/2026,7000,7000,7000
"Tamil Nadu",Thanjavur,"Thanjavur(Uzhavar Sandhai )",Orange,Darjeeling,Local,26/07/2026,18000,18000,18000
"Tamil Nadu",Thanjavur,"Thanjavur(Uzhavar Sandhai )",Cauliflower,Ranchi,Local,26/07/2026,5000,5000,5000
"Tamil Nadu",Thanjavur,"Thanjavur(Uzhavar Sandhai )","Bhindi(Ladies Finger)",Bhindi,Local,26/07/2026,4000,4000,4000
"Tamil Nadu",Thanjavur,"Thanjavur(Uzhavar Sandhai )","Green Chilli","Green Chilly",Local,26/07/2026,4600,4600,4600
"Tamil Nadu",Thanjavur,"Thanjavur(Uzhavar Sandhai )","Banana - Green","Banana - Green",Local,26/07/2026,4000,4000,4000
"Tamil Nadu",Thanjavur,"Thanjavur(Uzhavar Sandhai )",Ginger(Green),"Green Ginger",Local,26/07/2026,13000,20800,16900
"Tamil Nadu",Thanjavur,"Thanjavur(Uzhavar Sandhai )","Sweet Potato","Hosur Red",Local,26/07/2026,5000,5000,5000
"Tamil Nadu",Thanjavur,"Thanjavur(Uzhavar Sandhai )",Snakeguard,Snakeguard,Local,26/07/2026,4000,5000,4500
"Tamil Nadu",Thanjavur,"Thanjavur(Uzhavar Sandhai )",Beetroot,Beetroot,Local,26/07/2026,5600,5600,5600
"Tamil Nadu",Thanjavur,"Thanjavur(Uzhavar Sandhai )",Thondekai,Thondekai,Local,26/07/2026,5000,5000,5000
"Tamil Nadu",Thanjavur,"Thanjavur(Uzhavar Sandhai )",Capsicum,Capsicum,Local,26/07/2026,8600,8600,8600
"Tamil Nadu",Thanjavur,"Thanjavur(Uzhavar Sandhai )",Pomegranate,Pomogranate,Local,26/07/2026,26000,26000,26000
"Tamil Nadu",Thanjavur,"Thanjavur(Uzhavar Sandhai )","Elephant Yam(Suran)/Amorphophallus","Elephant Yam (Suran)",Local,26/07/2026,4600,4600,4600
"Tamil Nadu",Thanjavur,"Thanjavur(Uzhavar Sandhai )",Lemon,Lemon,Local,26/07/2026,3000,3000,3000
"Tamil Nadu",Thiruchirappalli,"KKNagar(Uzhavar Sandhai )",Groundnut,"Big (With Shell)",Local,26/07/2026,7000,7000,7000
"Tamil Nadu",Thiruchirappalli,"KKNagar(Uzhavar Sandhai )",Apple,American,Local,26/07/2026,30000,30000,30000
"Tamil Nadu",Thiruchirappalli,"KKNagar(Uzhavar Sandhai )",Cauliflower,Ranchi,Local,26/07/2026,5000,5000,5000
"Tamil Nadu",Thiruchirappalli,"KKNagar(Uzhavar Sandhai )",Brinjal,Other,Local,26/07/2026,5000,6000,5500
"Tamil Nadu",Thiruchirappalli,"KKNagar(Uzhavar Sandhai )","Cluster beans","Cluster Beans",Local,26/07/2026,4600,4600,4600
"Tamil Nadu",Thiruchirappalli,"KKNagar(Uzhavar Sandhai )","Banana - Green","Banana - Green",Local,26/07/2026,3000,3000,3000
"Tamil Nadu",Thiruchirappalli,"KKNagar(Uzhavar Sandhai )","Sweet Potato","Hosur Red",Local,26/07/2026,5600,5600,5600
"Tamil Nadu",Thiruchirappalli,"KKNagar(Uzhavar Sandhai )",Carrot,Pusakesar,Local,26/07/2026,11000,11000,11000
"Tamil Nadu",Thiruchirappalli,"KKNagar(Uzhavar Sandhai )",Cabbage,Cabbage,Local,26/07/2026,4400,4400,4400
"Tamil Nadu",Thiruchirappalli,"KKNagar(Uzhavar Sandhai )",Thondekai,Thondekai,Local,26/07/2026,5000,5000,5000
"Tamil Nadu",Thiruchirappalli,"KKNagar(Uzhavar Sandhai )",Colacasia,Colacasia,Local,26/07/2026,5800,5800,5800
"Tamil Nadu",Thiruchirappalli,"Lalgudi(Uzhavar Sandhai )",Potato,Other,Local,26/07/2026,3000,3000,3000
"Tamil Nadu",Thiruchirappalli,"Lalgudi(Uzhavar Sandhai )",Papaya,Papaya,Local,26/07/2026,4000,4000,4000
"Tamil Nadu",Thiruchirappalli,"Lalgudi(Uzhavar Sandhai )",Tomato,Local,Local,26/07/2026,2200,2200,2200
"Tamil Nadu",Thiruchirappalli,"Lalgudi(Uzhavar Sandhai )","Bitter gourd",Other,Local,26/07/2026,6600,6600,6600
"Tamil Nadu",Thiruchirappalli,"Lalgudi(Uzhavar Sandhai )",Ashgourd,Gouard,Local,26/07/2026,2400,2400,2400
"Tamil Nadu",Thiruchirappalli,"Lalgudi(Uzhavar Sandhai )",Coconut,Coconut,Local,26/07/2026,6000,6000,6000
"Tamil Nadu",Thiruchirappalli,"Lalgudi(Uzhavar Sandhai )",Carrot,Pusakesar,Local,26/07/2026,10000,10000,10000
"Tamil Nadu",Thiruchirappalli,"Lalgudi(Uzhavar Sandhai )","Green Avare(W)",Other,Local,26/07/2026,8000,8000,8000
"Tamil Nadu",Thiruchirappalli,"Lalgudi(Uzhavar Sandhai )",Mango(Raw-Ripe),"Mango - Raw-Ripe",Local,26/07/2026,4000,4000,4000
"Tamil Nadu",Thiruchirappalli,"Lalgudi(Uzhavar Sandhai )","Knool Khol","Knool Khol",Local,26/07/2026,4000,4000,4000
"Tamil Nadu",Thiruchirappalli,"Manachanallur(Uzhavar Sandhai )",Garlic,Garlic,Local,26/07/2026,16000,18000,17000
"Tamil Nadu",Thiruchirappalli,"Manachanallur(Uzhavar Sandhai )",Brinjal,Other,Local,26/07/2026,4000,4000,4000
"Tamil Nadu",Thiruchirappalli,"Manachanallur(Uzhavar Sandhai )","Bhindi(Ladies Finger)",Bhindi,Local,26/07/2026,3000,3500,3250
"Tamil Nadu",Thiruchirappalli,"Manachanallur(Uzhavar Sandhai )",Ginger(Green),"Green Ginger",Local,26/07/2026,19000,21000,20000
"Tamil Nadu",Thiruchirappalli,"Manachanallur(Uzhavar Sandhai )",Carrot,Pusakesar,Local,26/07/2026,9000,10000,9500
"Tamil Nadu",Thiruchirappalli,"Manachanallur(Uzhavar Sandhai )",Mango(Raw-Ripe),"Mango - Raw-Ripe",Local,26/07/2026,3000,3500,3250
"Tamil Nadu",Thiruchirappalli,"Manachanallur(Uzhavar Sandhai )",Lemon,Lemon,Local,26/07/2026,6000,6000,6000
"Tamil Nadu",Thiruchirappalli,"Manapparai(Uzhavar Sandhai )",Cauliflower,Ranchi,Local,26/07/2026,5000,5000,5000
"Tamil Nadu",Thiruchirappalli,"Manapparai(Uzhavar Sandhai )",Chikoos(Sapota),Sapota,Local,26/07/2026,4000,4000,4000
"Tamil Nadu",Thiruchirappalli,"Manapparai(Uzhavar Sandhai )",Papaya,Papaya,Local,26/07/2026,4000,4000,4000
"Tamil Nadu",Thiruchirappalli,"Manapparai(Uzhavar Sandhai )",Ashgourd,Gouard,Local,26/07/2026,2400,2400,2400
"Tamil Nadu",Thiruchirappalli,"Manapparai(Uzhavar Sandhai )","Green Chilli","Green Chilly",Local,26/07/2026,5500,5500,5500
"Tamil Nadu",Thiruchirappalli,"Manapparai(Uzhavar Sandhai )","Banana - Green","Banana - Green",Local,26/07/2026,3000,3000,3000
"Tamil Nadu",Thiruchirappalli,"Manapparai(Uzhavar Sandhai )",Beans,"Beans (Whole)",Local,26/07/2026,7000,8000,7500
"Tamil Nadu",Thiruchirappalli,"Manapparai(Uzhavar Sandhai )",Cabbage,Cabbage,Local,26/07/2026,4200,4200,4200
"Tamil Nadu",Thiruchirappalli,"Manapparai(Uzhavar Sandhai )","Green Avare(W)",Other,Local,26/07/2026,6500,6500,6500
"Tamil Nadu",Thiruchirappalli,"Manapparai(Uzhavar Sandhai )",Mango(Raw-Ripe),"Mango - Raw-Ripe",Local,26/07/2026,3000,4000,3500
"Tamil Nadu",Thiruchirappalli,"Manapparai(Uzhavar Sandhai )","Onion Green","Onion Green",Local,26/07/2026,6000,7000,6500
"Tamil Nadu",Thiruchirappalli,"Musiri(Uzhavar Sandhai )",Potato,Other,Local,26/07/2026,2500,3000,2750
"Tamil Nadu",Thiruchirappalli,"Musiri(Uzhavar Sandhai )",Tomato,Local,Local,26/07/2026,2000,2000,2000
"Tamil Nadu",Thiruchirappalli,"Musiri(Uzhavar Sandhai )",Pumpkin,Pumpkin,Local,26/07/2026,1500,2000,1750
"Tamil Nadu",Thiruchirappalli,"Musiri(Uzhavar Sandhai )",Cowpea(Veg),"Cowpea (Veg)",Local,26/07/2026,3600,4000,3800
"Tamil Nadu",Thiruchirappalli,"Musiri(Uzhavar Sandhai )","Sweet Potato","Hosur Red",Local,26/07/2026,4500,5000,4750
"Tamil Nadu",Thiruchirappalli,"Musiri(Uzhavar Sandhai )",Beetroot,Beetroot,Local,26/07/2026,4000,5000,4500
"Tamil Nadu",Thiruchirappalli,"Musiri(Uzhavar Sandhai )",Ridgeguard(Tori),Ridgeguard(Tori),Local,26/07/2026,5000,6000,5500
"Tamil Nadu",Thiruchirappalli,"Musiri(Uzhavar Sandhai )",Raddish,Raddish,Local,26/07/2026,3500,4000,3750
"Tamil Nadu",Thiruchirappalli,"Musiri(Uzhavar Sandhai )","Chow Chow","Chow Chow",Local,26/07/2026,3500,4000,3750
"Tamil Nadu",Thiruchirappalli,"Musiri(Uzhavar Sandhai )",Mashrooms,Mashrooms,Local,26/07/2026,18000,20000,19000
"Tamil Nadu",Thiruchirappalli,"Musiri(Uzhavar Sandhai )",Mint(Pudina),Mint(Pudina),Local,26/07/2026,6000,6500,6250
"Tamil Nadu",Thiruchirappalli,"Thiruverumbur(Uzhavar Sandhai )","Green Chilli","Green Chilly",Local,26/07/2026,5600,5600,5600
"Tamil Nadu",Thiruchirappalli,"Thiruverumbur(Uzhavar Sandhai )","Banana - Green","Banana - Green",Local,26/07/2026,2500,2500,2500
"Tamil Nadu",Thiruchirappalli,"Thiruverumbur(Uzhavar Sandhai )",Beans,"Beans (Whole)",Local,26/07/2026,7600,7600,7600
"Tamil Nadu",Thiruchirappalli,"Thiruverumbur(Uzhavar Sandhai )","Sweet Potato","Hosur Red",Local,26/07/2026,5000,5000,5000
"Tamil Nadu",Thiruchirappalli,"Thiruverumbur(Uzhavar Sandhai )",Beetroot,Beetroot,Local,26/07/2026,5000,5000,5000
"Tamil Nadu",Thiruchirappalli,"Thiruverumbur(Uzhavar Sandhai )",Thondekai,Thondekai,Local,26/07/2026,4600,4600,4600
"Tamil Nadu",Thiruchirappalli,"Thiruverumbur(Uzhavar Sandhai )","Chow Chow","Chow Chow",Local,26/07/2026,3600,3600,3600
"Tamil Nadu",Thiruchirappalli,"Thiruverumbur(Uzhavar Sandhai )",Drumstick,Drumstick,Local,26/07/2026,5000,5000,5000
"Tamil Nadu",Thiruchirappalli,"Thiruverumbur(Uzhavar Sandhai )",Mint(Pudina),Mint(Pudina),Local,26/07/2026,7000,7000,7000
"Tamil Nadu",Virudhunagar,"Rajapalayam(Uzhavar Sandhai )",Onion,Bellary,Local,26/07/2026,4000,4500,4250
"Tamil Nadu",Virudhunagar,"Rajapalayam(Uzhavar Sandhai )",Potato,"Red Nanital",Local,26/07/2026,2500,3000,2750
"Tamil Nadu",Virudhunagar,"Rajapalayam(Uzhavar Sandhai )",Chikoos(Sapota),Sapota,Local,26/07/2026,3000,3500,3250
"Tamil Nadu",Virudhunagar,"Rajapalayam(Uzhavar Sandhai )","Bottle gourd","Bottle Gourd",Local,26/07/2026,1500,2000,1750
"Tamil Nadu",Virudhunagar,"Rajapalayam(Uzhavar Sandhai )",Pumpkin,Pumpkin,Local,26/07/2026,2500,3000,2750
"Tamil Nadu",Virudhunagar,"Rajapalayam(Uzhavar Sandhai )","Bhindi(Ladies Finger)",Bhindi,Local,26/07/2026,2500,3000,2750
"Tamil Nadu",Virudhunagar,"Rajapalayam(Uzhavar Sandhai )",Coconut,Coconut,Local,26/07/2026,5000,5500,5250
"Tamil Nadu",Virudhunagar,"Rajapalayam(Uzhavar Sandhai )",Cabbage,Cabbage,Local,26/07/2026,3500,4000,3750
"Tamil Nadu",Virudhunagar,"Rajapalayam(Uzhavar Sandhai )",Guava,"Guava Allahabad",Local,26/07/2026,3500,4000,3750
"Tamil Nadu",Virudhunagar,"Rajapalayam(Uzhavar Sandhai )",Colacasia,Colacasia,Local,26/07/2026,5000,6000,5500
"Tamil Nadu",Virudhunagar,"Sathur(Uzhavar Sandhai )",Potato,"Red Nanital",Local,26/07/2026,3500,4000,3750
"Tamil Nadu",Virudhunagar,"Sathur(Uzhavar Sandhai )",Cauliflower,Ranchi,Local,26/07/2026,3500,4000,3750
"Tamil Nadu",Virudhunagar,"Sathur(Uzhavar Sandhai )",Chikoos(Sapota),Sapota,Local,26/07/2026,2500,3000,2750
"Tamil Nadu",Virudhunagar,"Sathur(Uzhavar Sandhai )",Tomato,Deshi,Local,26/07/2026,2200,2500,2350
"Tamil Nadu",Virudhunagar,"Sathur(Uzhavar Sandhai )",Pumpkin,Pumpkin,Local,26/07/2026,2000,2500,2250
"Tamil Nadu",Virudhunagar,"Sathur(Uzhavar Sandhai )",Amaranthus,Amaranthus,Local,26/07/2026,2500,3000,2750
"Tamil Nadu",Virudhunagar,"Sivakasi(Uzhavar Sandhai )",Onion,Bellary,Local,26/07/2026,3500,4000,3750
"Tamil Nadu",Virudhunagar,"Sivakasi(Uzhavar Sandhai )",Brinjal,Round,Local,26/07/2026,3500,4000,3750
"Tamil Nadu",Virudhunagar,"Sivakasi(Uzhavar Sandhai )",Tomato,Deshi,Local,26/07/2026,1500,2000,1750
"Tamil Nadu",Virudhunagar,"Sivakasi(Uzhavar Sandhai )","Bitter gourd","Bitter Gourd",Local,26/07/2026,4000,5000,4500
"Tamil Nadu",Virudhunagar,"Sivakasi(Uzhavar Sandhai )","Banana - Green","Banana - Green",Local,26/07/2026,3500,4000,3750
"Tamil Nadu",Virudhunagar,"Sivakasi(Uzhavar Sandhai )",Snakeguard,Snakeguard,Local,26/07/2026,4000,5000,4500
"Tamil Nadu",Virudhunagar,"Sivakasi(Uzhavar Sandhai )","Chow Chow","Chow Chow",Local,26/07/2026,3500,4000,3750
"Tamil Nadu",Virudhunagar,"Thalavaipuram(Uzhavar Sandhai )",Ashgourd,Gouard,Local,26/07/2026,3200,4000,3600
"Tamil Nadu",Virudhunagar,"Thalavaipuram(Uzhavar Sandhai )",Beetroot,Beetroot,Local,26/07/2026,4500,5500,5000
"Tamil Nadu",Virudhunagar,"Thalavaipuram(Uzhavar Sandhai )",Raddish,Raddish,Local,26/07/2026,3200,4000,3600
"Tamil Nadu",Virudhunagar,"Thalavaipuram(Uzhavar Sandhai )",Drumstick,Drumstick,Local,26/07/2026,5000,6000,5500
"Tamil Nadu",Virudhunagar,"Thalavaipuram(Uzhavar Sandhai )",Lime,Lime,Local,26/07/2026,13000,16000,14500
"Tamil Nadu",Virudhunagar,"Thalavaipuram(Uzhavar Sandhai )","Elephant Yam(Suran)/Amorphophallus","Elephant Yam (Suran)",Local,26/07/2026,4000,5000,4500
"Tamil Nadu",Virudhunagar,"Virudhunagar(Uzhavar Sandhai )",Brinjal,Round,Local,26/07/2026,3400,3500,3450
"Tamil Nadu",Virudhunagar,"Virudhunagar(Uzhavar Sandhai )","Banana - Green","Banana - Green",Local,26/07/2026,2800,3000,2900
"Tamil Nadu",Virudhunagar,"Virudhunagar(Uzhavar Sandhai )",Cabbage,Cabbage,Local,26/07/2026,3400,3500,3450
"Tamil Nadu",Chengalpattu,"Madhuranthagam(Uzhavar Sandhai )",Onion,Bellary,Local,26/07/2026,3000,3000,3000
"Tamil Nadu",Chengalpattu,"Madhuranthagam(Uzhavar Sandhai )","Onion Green","Onion Green",Local,26/07/2026,6000,6000,6000
"Tamil Nadu",Chengalpattu,"Nanganallur(Uzhavar Sandhai )",Apple,American,Local,26/07/2026,23000,24000,23500
"Tamil Nadu",Chengalpattu,"Nanganallur(Uzhavar Sandhai )","Mousambi(Sweet Lime)",Mousambi,Local,26/07/2026,6500,7000,6750
"Tamil Nadu",Chengalpattu,"Nanganallur(Uzhavar Sandhai )",Amaranthus,Amaranthus,Local,26/07/2026,2000,2500,2250
"Tamil Nadu",Chengalpattu,"Nanganallur(Uzhavar Sandhai )",Beans,"Beans (Whole)",Local,26/07/2026,7500,8000,7750
"Tamil Nadu",Chengalpattu,"Nanganallur(Uzhavar Sandhai )",Tapioca,Tapioca,Local,26/07/2026,3500,4000,3750
"Tamil Nadu",Chengalpattu,"Nanganallur(Uzhavar Sandhai )","Sweet Potato","Hosur Red",Local,26/07/2026,5500,6000,5750
"Tamil Nadu",Chengalpattu,"Nanganallur(Uzhavar Sandhai )",Cucumbar(Kheera),Cucumbar,Local,26/07/2026,6500,7000,6750
"Tamil Nadu",Chengalpattu,"Nanganallur(Uzhavar Sandhai )",Colacasia,Colacasia,Local,26/07/2026,3500,4000,3750
"Tamil Nadu",Chengalpattu,"Pallavaram(Uzhavar Sandhai )",Potato,Other,Local,26/07/2026,2500,3000,2750
"Tamil Nadu",Chengalpattu,"Pallavaram(Uzhavar Sandhai )",Garlic,Garlic,Local,26/07/2026,18000,22000,20000
"Tamil Nadu",Chengalpattu,"Pallavaram(Uzhavar Sandhai )",Mango,Other,Local,26/07/2026,7000,8000,7500
"Tamil Nadu",Chengalpattu,"Pallavaram(Uzhavar Sandhai )",Cauliflower,Ranchi,Local,26/07/2026,2500,3000,2750
"Tamil Nadu",Chengalpattu,"Pallavaram(Uzhavar Sandhai )",Tomato,Other,Local,26/07/2026,1800,2000,1900
"Tamil Nadu",Chengalpattu,"Pallavaram(Uzhavar Sandhai )",Ashgourd,Gouard,Local,26/07/2026,2000,2500,2250
"Tamil Nadu",Chengalpattu,"Pallavaram(Uzhavar Sandhai )","Green Chilli","Green Chilly",Local,26/07/2026,5000,6000,5500
"Tamil Nadu",Chengalpattu,"Pallavaram(Uzhavar Sandhai )","Banana - Green","Banana - Green",Local,26/07/2026,3500,4000,3750
"Tamil Nadu",Chengalpattu,"Pallavaram(Uzhavar Sandhai )",Beans,"Beans (Whole)",Local,26/07/2026,8000,9000,8500
"Tamil Nadu",Chengalpattu,"Pallavaram(Uzhavar Sandhai )",Ginger(Green),"Green Ginger",Local,26/07/2026,17000,18000,17500
"Tamil Nadu",Chengalpattu,"Pallavaram(Uzhavar Sandhai )","Knool Khol","Knool Khol",Local,26/07/2026,6000,7000,6500
"Tamil Nadu",Chengalpattu,"Pallavaram(Uzhavar Sandhai )","Amla(Nelli Kai)",Amla,Local,26/07/2026,10000,12000,11000
"Tamil Nadu",Chengalpattu,"Pallavaram(Uzhavar Sandhai )","Sweet Corn ","Sweet Corn ",Local,26/07/2026,4000,5000,4500
"Tamil Nadu","Nagercoil (Kannyiakumari)","Myladi(Uzhavar Sandhai )",Onion,Bellary,Local,26/07/2026,4000,4500,4250
"Tamil Nadu","Nagercoil (Kannyiakumari)","Myladi(Uzhavar Sandhai )","Bitter gourd","Bitter Gourd",Local,26/07/2026,7000,7500,7250
"Tamil Nadu","Nagercoil (Kannyiakumari)","Myladi(Uzhavar Sandhai )",Amaranthus,Amaranthus,Local,26/07/2026,1200,1500,1350
"Tamil Nadu","Nagercoil (Kannyiakumari)","Myladi(Uzhavar Sandhai )",Coconut,Coconut,Local,26/07/2026,4700,5000,4850
"Tamil Nadu","Nagercoil (Kannyiakumari)","Myladi(Uzhavar Sandhai )",Cucumbar(Kheera),Cucumbar,Local,26/07/2026,2500,3000,2750
"Tamil Nadu","Nagercoil (Kannyiakumari)","Myladi(Uzhavar Sandhai )","Onion Green","Onion Green",Local,26/07/2026,6500,7000,6750
"Tamil Nadu",Chengalpattu,"Jameenrayapettai(Uzhavar Sandhai )","Mousambi(Sweet Lime)",Mousambi,Local,26/07/2026,7000,8000,7500
"Tamil Nadu",Chengalpattu,"Jameenrayapettai(Uzhavar Sandhai )",Ashgourd,Gouard,Local,26/07/2026,2000,2500,2250
"Tamil Nadu",Chengalpattu,"Jameenrayapettai(Uzhavar Sandhai )",Amaranthus,Amaranthus,Local,26/07/2026,2500,3000,2750
"Tamil Nadu",Chengalpattu,"Jameenrayapettai(Uzhavar Sandhai )","Green Chilli","Green Chilly",Local,26/07/2026,5000,6000,5500
"Tamil Nadu",Chengalpattu,"Jameenrayapettai(Uzhavar Sandhai )",Snakeguard,Snakeguard,Local,26/07/2026,4000,5000,4500
"Tamil Nadu",Chengalpattu,"Jameenrayapettai(Uzhavar Sandhai )",Marigold(Calcutta),Marigold(Calcutta),Local,26/07/2026,20000,22000,21000
"Tamil Nadu",Chengalpattu,"Jameenrayapettai(Uzhavar Sandhai )",Lemon,Lemon,Local,26/07/2026,10000,12000,11000
"Tamil Nadu",Chengalpattu,"Jameenrayapettai(Uzhavar Sandhai )","Onion Green","Onion Green",Local,26/07/2026,6000,7000,6500
"Tamil Nadu",Chengalpattu,"Guduvancheri(Uzhavar Sandhai )",Potato,Other,Local,26/07/2026,2500,3000,2750
"Tamil Nadu",Chengalpattu,"Guduvancheri(Uzhavar Sandhai )",Banana,"Red Banana",Local,26/07/2026,7000,8000,7500
"Tamil Nadu",Chengalpattu,"Guduvancheri(Uzhavar Sandhai )","Cluster beans","Cluster Beans",Local,26/07/2026,4000,5000,4500
"Tamil Nadu",Chengalpattu,"Guduvancheri(Uzhavar Sandhai )","Bhindi(Ladies Finger)",Bhindi,Local,26/07/2026,4000,5000,4500
"Tamil Nadu",Chengalpattu,"Guduvancheri(Uzhavar Sandhai )",Tapioca,Tapioca,Local,26/07/2026,3500,4000,3750
"Tamil Nadu",Chengalpattu,"Guduvancheri(Uzhavar Sandhai )",Coconut,Coconut,Local,26/07/2026,6000,7000,6500
"Tamil Nadu",Chengalpattu,"Guduvancheri(Uzhavar Sandhai )",Cucumbar(Kheera),Cucumbar,Local,26/07/2026,5000,6000,5500
"Tamil Nadu",Chengalpattu,"Guduvancheri(Uzhavar Sandhai )",Ridgeguard(Tori),Ridgeguard(Tori),Local,26/07/2026,7000,8000,7500
"Tamil Nadu",Chengalpattu,"Guduvancheri(Uzhavar Sandhai )","Chow Chow","Chow Chow",Local,26/07/2026,4000,5000,4500
"Tamil Nadu",Chengalpattu,"Guduvancheri(Uzhavar Sandhai )",Drumstick,Drumstick,Local,26/07/2026,6000,7000,6500
"Tamil Nadu",Chengalpattu,"Guduvancheri(Uzhavar Sandhai )","Knool Khol","Knool Khol",Local,26/07/2026,6000,7000,6500
"Tamil Nadu",Chengalpattu,"Guduvancheri(Uzhavar Sandhai )",Colacasia,Colacasia,Local,26/07/2026,4000,5000,4500
"Tamil Nadu",Chengalpattu,"Guduvancheri(Uzhavar Sandhai )",Mint(Pudina),Mint(Pudina),Local,26/07/2026,4000,5000,4500
"Tamil Nadu",Chengalpattu,"Guduvancheri(Uzhavar Sandhai )",Rose(Local),"Rose (Local)",Local,26/07/2026,12000,14000,13000
"Tamil Nadu",Thirupur,"Dharapuram(Uzhavar Sandhai )",Potato,Other,Local,26/07/2026,6500,7000,6750
"Tamil Nadu",Thirupur,"Dharapuram(Uzhavar Sandhai )",Chikoos(Sapota),Sapota,Local,26/07/2026,3500,4000,3750
"Tamil Nadu",Thirupur,"Dharapuram(Uzhavar Sandhai )",Pumpkin,Pumpkin,Local,26/07/2026,2000,2500,2250
"Tamil Nadu",Thirupur,"Dharapuram(Uzhavar Sandhai )","Bhindi(Ladies Finger)",Bhindi,Local,26/07/2026,4500,5000,4750
"Tamil Nadu",Thirupur,"Dharapuram(Uzhavar Sandhai )","Banana - Green","Banana - Green",Local,26/07/2026,2500,3000,2750
"Tamil Nadu",Thirupur,"Dharapuram(Uzhavar Sandhai )",Ginger(Green),"Green Ginger",Local,26/07/2026,17000,18000,17500
"Tamil Nadu",Thirupur,"Dharapuram(Uzhavar Sandhai )",Coconut,Coconut,Local,26/07/2026,5500,6000,5750
"Tamil Nadu",Thirupur,"Dharapuram(Uzhavar Sandhai )",Carrot,Pusakesar,Local,26/07/2026,8500,9000,8750
"Tamil Nadu",Thirupur,"Dharapuram(Uzhavar Sandhai )",Beetroot,Beetroot,Local,26/07/2026,8000,9000,8500
"Tamil Nadu",Thirupur,"Dharapuram(Uzhavar Sandhai )",Mango(Raw-Ripe),"Mango - Raw-Ripe",Local,26/07/2026,2000,2500,2250
"Tamil Nadu",Thirupur,"Palladam(Uzhavar Sandhai )",Chikoos(Sapota),Sapota,Local,26/07/2026,3000,4000,3500
"Tamil Nadu",Thirupur,"Palladam(Uzhavar Sandhai )",Tomato,Local,Local,26/07/2026,1400,1800,1600
"Tamil Nadu",Thirupur,"Palladam(Uzhavar Sandhai )","Green Chilli","Green Chilly",Local,26/07/2026,4000,5000,4500
"Tamil Nadu",Thirupur,"Palladam(Uzhavar Sandhai )",Ginger(Green),"Green Ginger",Local,26/07/2026,17000,18000,17500
"Tamil Nadu",Thirupur,"Palladam(Uzhavar Sandhai )",Carrot,Pusakesar,Local,26/07/2026,8500,9000,8750
"Tamil Nadu",Thirupur,"Palladam(Uzhavar Sandhai )",Thondekai,Thondekai,Local,26/07/2026,3500,4000,3750
"Tamil Nadu",Thirupur,"Palladam(Uzhavar Sandhai )",Drumstick,Drumstick,Local,26/07/2026,4000,5000,4500
"Tamil Nadu",Thirupur,"Palladam(Uzhavar Sandhai )",Mango(Raw-Ripe),"Mango - Raw-Ripe",Local,26/07/2026,2500,3000,2750
"Tamil Nadu",Thirupur,"Palladam(Uzhavar Sandhai )",Lemon,Lemon,Local,26/07/2026,7000,8000,7500
"Andhra Pradesh","East Godavari","Mandapeta APMC",Paddy(Common),1001,FAQ,26/07/2026,2369,2400,2389
Telangana,"Ranga Reddy","Saroornagar,RBZ",Brinjal,Other,Medium,26/07/2026,2300,2300,2300
Telangana,"Ranga Reddy","Saroornagar,RBZ",Cucumbar(Kheera),Cucumbar,Medium,26/07/2026,1500,1500,1500
Telangana,"Ranga Reddy","Saroornagar,RBZ","French Beans(Frasbean)",Other,Medium,26/07/2026,6500,6500,6500
Telangana,"Ranga Reddy","Saroornagar,RBZ","Bottle gourd","Bottle Gourd",Medium,26/07/2026,700,700,700
"Uttar Pradesh",Amethi,"Jafarganj APMC",Wood,Other,FAQ,26/07/2026,500,500,500
"Uttar Pradesh","Jalaun (Orai)","Jalaun APMC",Firewood,Firewood,FAQ,26/07/2026,500,500,500
"Uttar Pradesh",Mathura,"Kosikalan APMC",Onion,Other,FAQ,26/07/2026,2500,2500,2500
"Uttar Pradesh",Bulandshahar,"Khurja APMC",Maize,Other,FAQ,26/07/2026,1900,1900,1900
"Uttar Pradesh","Jalaun (Orai)","Konch APMC","Bhindi(Ladies Finger)",Bhindi,"Grade A",26/07/2026,1900,2020,2000
"Uttar Pradesh",Hardoi,"Madhoganj APMC",Wheat,Dara,FAQ,26/07/2026,2430,2430,2430
"Uttar Pradesh",Mahoba,"Mahoba APMC",Peas(Dry),Other,FAQ,26/07/2026,4200,4290,4237.42
"Uttar Pradesh",Mathura,"Mathura APMC",Ginger(Green),Other,FAQ,26/07/2026,6000,6000,6000
"Uttar Pradesh",Mathura,"Mathura APMC",Potato,Other,FAQ,26/07/2026,600,800,641.38
"Tamil Nadu",Kallakuruchi,"Kallakurichi(Uzhavar Sandhai )",Banana,"Red Banana",Local,26/07/2026,7000,7000,7000
"Tamil Nadu",Kallakuruchi,"Kallakurichi(Uzhavar Sandhai )",Papaya,Papaya,Local,26/07/2026,3000,3000,3000
"Tamil Nadu",Kallakuruchi,"Kallakurichi(Uzhavar Sandhai )","Cluster beans","Cluster Beans",Local,26/07/2026,5000,5000,5000
"Tamil Nadu",Kallakuruchi,"Kallakurichi(Uzhavar Sandhai )",Pumpkin,Pumpkin,Local,26/07/2026,2500,2500,2500
"Tamil Nadu",Kallakuruchi,"Kallakurichi(Uzhavar Sandhai )",Coconut,Coconut,Local,26/07/2026,6000,6000,6000
"Tamil Nadu",Kallakuruchi,"Kallakurichi(Uzhavar Sandhai )",Cabbage,Cabbage,Local,26/07/2026,5000,5000,5000
"Tamil Nadu",Kallakuruchi,"Kallakurichi(Uzhavar Sandhai )",Beetroot,Beetroot,Local,26/07/2026,6000,6000,6000
"Tamil Nadu",Kallakuruchi,"Kallakurichi(Uzhavar Sandhai )",Capsicum,Capsicum,Local,26/07/2026,10000,10000,10000
"Tamil Nadu",Kallakuruchi,"Kallakurichi(Uzhavar Sandhai )","Chow Chow","Chow Chow",Local,26/07/2026,6000,6000,6000
"Tamil Nadu",Kallakuruchi,"Kallakurichi(Uzhavar Sandhai )",Drumstick,Drumstick,Local,26/07/2026,8000,8000,8000
"Tamil Nadu",Kallakuruchi,"Kallakurichi(Uzhavar Sandhai )",Yam(Ratalu),"Yam (Ratalu)",Local,26/07/2026,3000,3000,3000
"Tamil Nadu",Thirupathur,"Natrampalli(Uzhavar Sandhai )",Potato,"Red Nanital",Local,26/07/2026,3000,3200,3100
"Tamil Nadu",Thirupathur,"Natrampalli(Uzhavar Sandhai )",Garlic,Garlic,Local,26/07/2026,25000,30000,27500
"Tamil Nadu",Thirupathur,"Natrampalli(Uzhavar Sandhai )","Cluster beans","Cluster Beans",Local,26/07/2026,3000,4000,3500
"Tamil Nadu",Thirupathur,"Natrampalli(Uzhavar Sandhai )",Cabbage,Cabbage,Local,26/07/2026,3000,3500,3250
"Tamil Nadu",Thirupathur,"Natrampalli(Uzhavar Sandhai )",Beetroot,Beetroot,Local,26/07/2026,4000,5000,4500
"Tamil Nadu",Thirupathur,"Natrampalli(Uzhavar Sandhai )",Ridgeguard(Tori),Ridgeguard(Tori),Local,26/07/2026,3000,4000,3500
"Tamil Nadu",Thirupathur,"Natrampalli(Uzhavar Sandhai )",Lemon,Lemon,Local,26/07/2026,5000,6000,5500
"Uttar Pradesh",Sonbhadra,"Dudhi APMC",Maize,Other,FAQ,26/07/2026,500,500,500
"Andhra Pradesh",Ananthapuramu,"Gooti APMC",Groundnut,Local,"Grade Range-1",26/07/2026,3199,6777,5879
"Andhra Pradesh",Ananthapuramu,"Gooti APMC",Cotton,Bramha,"Grade Range-1",26/07/2026,8787,9010,8890
"Andhra Pradesh",Ananthapuramu,"Gooti APMC","Red gram/Arhar/Tur(whole)",Local,"Grade Range-1",26/07/2026,3590,5845,5087
"Andhra Pradesh",Markapuram,"Podili APMC","Red gram/Arhar/Tur(whole)","Arhar (Whole)",FAQ,26/07/2026,8250,8250,8250
"Tamil Nadu",Salem,"Athur(Uzhavar Sandhai )",Banana,"Red Banana",Local,26/07/2026,6500,7000,6750
"Tamil Nadu",Salem,"Athur(Uzhavar Sandhai )",Coriander(Leaves),"I Sort",Local,26/07/2026,3500,4000,3750
"Tamil Nadu",Salem,"Athur(Uzhavar Sandhai )","Water Melon","Water Melon",Local,26/07/2026,2000,2000,2000
"Tamil Nadu",Salem,"Athur(Uzhavar Sandhai )","Bitter gourd",Other,Local,26/07/2026,4000,4500,4250
"Tamil Nadu",Salem,"Athur(Uzhavar Sandhai )",Ashgourd,Gouard,Local,26/07/2026,2200,2600,2400
"Tamil Nadu",Salem,"Athur(Uzhavar Sandhai )",Amaranthus,Amaranthus,Local,26/07/2026,2000,2500,2250
"Tamil Nadu",Salem,"Athur(Uzhavar Sandhai )","Banana - Green","Banana - Green",Local,26/07/2026,2000,2400,2200
"Tamil Nadu",Salem,"Athur(Uzhavar Sandhai )",Ridgeguard(Tori),Ridgeguard(Tori),Local,26/07/2026,4500,5000,4750
"Tamil Nadu",Salem,"Athur(Uzhavar Sandhai )",Thondekai,Thondekai,Local,26/07/2026,5000,5500,5250
"Tamil Nadu",Salem,"Athur(Uzhavar Sandhai )","Jack Fruit(Ripe)","Jack Fruit",Local,26/07/2026,2500,3000,2750
"Tamil Nadu",Salem,"Athur(Uzhavar Sandhai )",Mint(Pudina),Mint(Pudina),Local,26/07/2026,4000,5000,4500
"Tamil Nadu",Salem,"Athur(Uzhavar Sandhai )","Tube Rose(Loose)","Tube Rose (Loose)",Local,26/07/2026,9000,12000,10500
"Tamil Nadu",Theni,"Periyakulam(Uzhavar Sandhai )",Cauliflower,Ranchi,Local,26/07/2026,3000,3500,3250
"Tamil Nadu",Theni,"Periyakulam(Uzhavar Sandhai )",Banana,Karpura,Local,26/07/2026,4500,5000,4750
"Tamil Nadu",Theni,"Periyakulam(Uzhavar Sandhai )",Coriander(Leaves),"I Sort",Local,26/07/2026,5200,5400,5300
"Tamil Nadu",Theni,"Periyakulam(Uzhavar Sandhai )",Tomato,Other,Local,26/07/2026,1800,2000,1900
"Tamil Nadu",Theni,"Periyakulam(Uzhavar Sandhai )","Cluster beans","Cluster Beans",Local,26/07/2026,3200,3400,3300
"Tamil Nadu",Theni,"Periyakulam(Uzhavar Sandhai )","Bitter gourd",Other,Local,26/07/2026,5200,5400,5300
"Tamil Nadu",Theni,"Periyakulam(Uzhavar Sandhai )","Green Chilli","Green Chilly",Local,26/07/2026,4600,5200,4900
"Tamil Nadu",Theni,"Periyakulam(Uzhavar Sandhai )","Banana - Green","Banana - Green",Local,26/07/2026,2500,3000,2750
"Tamil Nadu",Theni,"Periyakulam(Uzhavar Sandhai )",Coconut,Coconut,Local,26/07/2026,4800,5000,4900
"Tamil Nadu",Theni,"Periyakulam(Uzhavar Sandhai )",Beetroot,Beetroot,Local,26/07/2026,4200,4500,4350
"Tamil Nadu",Theni,"Periyakulam(Uzhavar Sandhai )",Thondekai,Thondekai,Local,26/07/2026,4800,5000,4900
"Tamil Nadu",Theni,"Periyakulam(Uzhavar Sandhai )","Elephant Yam(Suran)/Amorphophallus","Elephant Yam (Suran)",Local,26/07/2026,3800,4000,3900
"Tamil Nadu",Theni,"Periyakulam(Uzhavar Sandhai )","Indian Beans(Seam)","Indian Beans (Seam)",Local,26/07/2026,5000,5500,5250
"Tamil Nadu",Virudhunagar,"Srivilliputhur(Uzhavar Sandhai )",Coriander(Leaves),"I Sort",Local,26/07/2026,7000,8000,7500
"Tamil Nadu",Virudhunagar,"Srivilliputhur(Uzhavar Sandhai )",Chikoos(Sapota),Sapota,Local,26/07/2026,3500,4000,3750
"Tamil Nadu",Virudhunagar,"Srivilliputhur(Uzhavar Sandhai )",Papaya,Papaya,Local,26/07/2026,2500,3000,2750
"Tamil Nadu",Virudhunagar,"Srivilliputhur(Uzhavar Sandhai )","Bitter gourd","Bitter Gourd",Local,26/07/2026,7000,8000,7500
"Tamil Nadu",Virudhunagar,"Srivilliputhur(Uzhavar Sandhai )","Bottle gourd","Bottle Gourd",Local,26/07/2026,1700,2000,1850
"Tamil Nadu",Virudhunagar,"Srivilliputhur(Uzhavar Sandhai )",Coconut,Coconut,Local,26/07/2026,4500,5000,4750
"Tamil Nadu",Virudhunagar,"Srivilliputhur(Uzhavar Sandhai )","Chow Chow","Chow Chow",Local,26/07/2026,3000,3500,3250
"Tamil Nadu",Virudhunagar,"Srivilliputhur(Uzhavar Sandhai )",Mango(Raw-Ripe),"Mango - Raw-Ripe",Local,26/07/2026,2500,3000,2750
"Tamil Nadu",Virudhunagar,"Srivilliputhur(Uzhavar Sandhai )",Guava,"Guava Allahabad",Local,26/07/2026,4500,5000,4750
"Tamil Nadu",Virudhunagar,"Srivilliputhur(Uzhavar Sandhai )","Elephant Yam(Suran)/Amorphophallus","Elephant Yam (Suran)",Local,26/07/2026,4500,5000,4750
"Tamil Nadu",Virudhunagar,"Srivilliputhur(Uzhavar Sandhai )",Colacasia,Colacasia,Local,26/07/2026,5000,6000,5500
"Uttar Pradesh",Badaun,"Shahaswan APMC",Maize,Other,FAQ,26/07/2026,1900,1900,1900
"Uttar Pradesh",Badaun,"Shahaswan APMC",Potato,Other,FAQ,26/07/2026,600,600,600
"Uttar Pradesh","Kanpur Dehat","Rura APMC",Wheat,Medium,FAQ,26/07/2026,2400,2400,2400
"Uttar Pradesh",Shamli,"Shamli APMC",Tomato,Other,FAQ,26/07/2026,2200,2200,2200
"Uttar Pradesh",Shamli,"Shamli APMC",Garlic,Other,FAQ,26/07/2026,8000,8000,8000
"Uttar Pradesh",Shamli,"Shamli APMC",Onion,Other,FAQ,26/07/2026,2500,2500,2500
Punjab,Sangrur,"Ahmedgarh APMC",Onion,Other,Medium,26/07/2026,2800,3000,3000
Punjab,Sangrur,"Ahmedgarh APMC",Tomato,Local,Medium,26/07/2026,3300,3500,3500
Punjab,Sangrur,"Ahmedgarh APMC",Potato,Local,Medium,26/07/2026,600,800,800
Punjab,Sangrur,"Ahmedgarh APMC","Green Chilli","Green Chilly",Local,26/07/2026,1600,1800,1800
Punjab,Sangrur,"Ahmedgarh APMC",Cauliflower,Local,Medium,26/07/2026,5400,5600,5600
"Uttar Pradesh",Unnao,"Unnao APMC",Wheat,"Dara Mill Quality",FAQ,26/07/2026,2550,2550,2550
"Uttar Pradesh",Hardoi,"Sandila APMC",Wood,Eucalyptus,FAQ,26/07/2026,700,700,700
"West Bengal","North 24 Parganas","Habra APMC",Potato,Jyoti,FAQ,26/07/2026,1100,1100,1100
"West Bengal","North 24 Parganas","Habra APMC",Onion,Onion,FAQ,26/07/2026,2400,2500,2400
Punjab,Tarntaran,"Naushera Pannuan APMC","Bhindi(Ladies Finger)",Other,Local,26/07/2026,1150,1150,1150
"Uttar Pradesh",Shahjahanpur,"Powayan APMC",Maize,Other,FAQ,26/07/2026,1800,1810,1802.57
"Tamil Nadu",Coimbatore,"Vadavalli(Uzhavar Sandhai )",Mango,Safeda,Local,26/07/2026,6500,8000,7250
"Tamil Nadu",Coimbatore,"Vadavalli(Uzhavar Sandhai )","Bottle gourd","Bottle Gourd",Local,26/07/2026,2600,3000,2800
"Tamil Nadu",Coimbatore,"Vadavalli(Uzhavar Sandhai )","Green Chilli","Green Chilly",Local,26/07/2026,4500,5000,4750
"Tamil Nadu",Coimbatore,"Vadavalli(Uzhavar Sandhai )",Carrot,Pusakesar,Local,26/07/2026,8500,9500,9000
"Tamil Nadu",Coimbatore,"Vadavalli(Uzhavar Sandhai )",Ridgeguard(Tori),Ridgeguard(Tori),Local,26/07/2026,5200,5600,5400
"Tamil Nadu",Coimbatore,"Vadavalli(Uzhavar Sandhai )","Indian Beans(Seam)","Indian Beans (Seam)",Local,26/07/2026,4500,5000,4750
"Tamil Nadu",Coimbatore,"Vadavalli(Uzhavar Sandhai )","Amla(Nelli Kai)",Amla,Local,26/07/2026,7500,8500,8000
Tripura,Gomati,"Nutanbazar APMC",Tomato,Hybrid,FAQ,26/07/2026,7850,8000,7950
Tripura,Gomati,"Nutanbazar APMC",Cucumbar(Kheera),Cucumbar,FAQ,26/07/2026,6850,7000,6950
Tripura,Gomati,"Nutanbazar APMC",Cowpea(Veg),"Cowpea (Veg)",FAQ,26/07/2026,9850,10000,9950
"West Bengal",Darjeeling,"Karsiyang(Matigara) APMC",Onion,Nasik,FAQ,26/07/2026,3900,4100,4000
"West Bengal",Darjeeling,"Karsiyang(Matigara) APMC",Cabbage,Other,FAQ,26/07/2026,2800,3000,2900
"Tamil Nadu",Dindigul,"Vedasanthur(Uzhavar Sandhai )",Banana,Besrai,Local,26/07/2026,5000,6000,5500
"Tamil Nadu",Dindigul,"Vedasanthur(Uzhavar Sandhai )","Bitter gourd","Bitter Gourd",Local,26/07/2026,5000,6000,5500
"Tamil Nadu",Dindigul,"Vedasanthur(Uzhavar Sandhai )","Bhindi(Ladies Finger)",Bhindi,Local,26/07/2026,2500,3000,2750
Tripura,"South Tripura","Barpathari APMC",Brinjal,Round/Long,Local,26/07/2026,3900,4100,4000
"Tamil Nadu",Coimbatore,"Udumalpet APMC",Onion,Bellary,Local,26/07/2026,3500,4300,3900
"Tamil Nadu",Coimbatore,"Udumalpet APMC",Banana,"Red Banana",Local,26/07/2026,6000,7000,6500
"Tamil Nadu",Coimbatore,"Udumalpet APMC","Cluster beans","Cluster Beans",Local,26/07/2026,4000,4500,4250
"Tamil Nadu",Coimbatore,"Udumalpet APMC",Cowpea(Veg),"Cowpea (Veg)",Local,26/07/2026,3000,3800,3400
"Tamil Nadu",Coimbatore,"Udumalpet APMC",Ridgeguard(Tori),Ridgeguard(Tori),Local,26/07/2026,5000,6000,5500
"Tamil Nadu",Coimbatore,"Udumalpet APMC",Raddish,Raddish,Local,26/07/2026,2500,3000,2750
"Tamil Nadu",Coimbatore,"Udumalpet APMC","Green Avare(W)",Other,Local,26/07/2026,7000,7800,7400
"Tamil Nadu",Coimbatore,"Udumalpet APMC",Drumstick,Drumstick,Local,26/07/2026,4000,5000,4500
"Tamil Nadu",Coimbatore,"Udumalpet APMC",Mango(Raw-Ripe),"Mango - Raw-Ripe",Local,26/07/2026,3500,4000,3750
"Tamil Nadu",Coimbatore,"Udumalpet APMC",Mint(Pudina),Mint(Pudina),Local,26/07/2026,4000,5000,4500
"Himachal Pradesh",Kullu,"SMY Chauri Bihal",Cauliflower,Other,"Grade Range-1",26/07/2026,500,2500,2000
"Himachal Pradesh",Kullu,"SMY Chauri Bihal",Plum,Other,"Grade Range-1",26/07/2026,1000,4000,3000
"Himachal Pradesh",Kullu,"SMY Patli Kulh",Apple,Other,"Grade Range-1",26/07/2026,2000,22000,12000
"Uttar Pradesh",Maharajganj,"Anandnagar APMC",Rice,Common,FAQ,26/07/2026,2350,2350,2350
"Tamil Nadu",Erode,"Gobichettipalayam(Uzhavar Sandhai )",Groundnut,"Big (With Shell)",Local,26/07/2026,4500,5000,4750
"Tamil Nadu",Erode,"Gobichettipalayam(Uzhavar Sandhai )",Banana,Besrai,Local,26/07/2026,4200,4500,4350
"Tamil Nadu",Erode,"Gobichettipalayam(Uzhavar Sandhai )","Banana - Green","Banana - Green",Local,26/07/2026,2600,2800,2700
"Tamil Nadu",Erode,"Gobichettipalayam(Uzhavar Sandhai )",Beans,"Beans (Whole)",Local,26/07/2026,6500,6800,6650
"Tamil Nadu",Erode,"Gobichettipalayam(Uzhavar Sandhai )",Cabbage,Cabbage,Local,26/07/2026,3500,4000,3750
"Tamil Nadu",Erode,"Gobichettipalayam(Uzhavar Sandhai )","Green Avare(W)","Green Avare (W)",Local,26/07/2026,5800,6000,5900
"Tamil Nadu",Erode,"Gobichettipalayam(Uzhavar Sandhai )",Drumstick,Drumstick,Local,26/07/2026,6400,6600,6500
"Tamil Nadu",Erode,"Gobichettipalayam(Uzhavar Sandhai )",Mint(Pudina),Mint(Pudina),Local,26/07/2026,3600,3800,3700
"Tamil Nadu",Erode,"Sampath Nagar(Uzhavar Sandhai )",Grapes,Annabesahai,Local,26/07/2026,10000,11000,10500
"Tamil Nadu",Erode,"Sampath Nagar(Uzhavar Sandhai )","Mousambi(Sweet Lime)",Mousambi,Local,26/07/2026,9500,9800,9650
"Tamil Nadu",Erode,"Sampath Nagar(Uzhavar Sandhai )",Capsicum,Capsicum,Local,26/07/2026,6200,6600,6400
"Tamil Nadu",Erode,"Sampath Nagar(Uzhavar Sandhai )",Mango(Raw-Ripe),"Mango - Raw-Ripe",Local,26/07/2026,2600,3000,2800
"Tamil Nadu",Erode,"Sampath Nagar(Uzhavar Sandhai )","Elephant Yam(Suran)/Amorphophallus","Elephant Yam (Suran)",Local,26/07/2026,2600,3000,2800
"Tamil Nadu",Erode,"Sampath Nagar(Uzhavar Sandhai )",Pear(Marasebu),Pears,Local,26/07/2026,10000,11000,10500
"Tamil Nadu",Erode,"Sampath Nagar(Uzhavar Sandhai )","Onion Green","Onion Green",Local,26/07/2026,4000,5000,4500
Tripura,Khowai,"Kalyanpur APMC",Cowpea(Veg),"Cowpea (Veg)",FAQ,26/07/2026,6000,6200,6100
Tripura,Khowai,"Kalyanpur APMC",Banana,Champa,Medium,26/07/2026,2000,2200,2100
Tripura,Khowai,"Kalyanpur APMC","Green Chilli","Green Chilly",FAQ,26/07/2026,12000,14000,12300
"Tamil Nadu",Vellore,"Pallikonda(Uzhavar Sandhai)",Onion,Bellary,Local,26/07/2026,3800,3800,3800
"Tamil Nadu",Vellore,"Pallikonda(Uzhavar Sandhai)",Mango,Safeda,Local,26/07/2026,4000,4000,4000
"Tamil Nadu",Vellore,"Pallikonda(Uzhavar Sandhai)","Cluster beans","Cluster Beans",Local,26/07/2026,4500,4500,4500
"Tamil Nadu",Vellore,"Pallikonda(Uzhavar Sandhai)","Bitter gourd","Bitter Gourd",Local,26/07/2026,5500,5500,5500
"Tamil Nadu",Vellore,"Pallikonda(Uzhavar Sandhai)",Ashgourd,Gouard,Local,26/07/2026,2500,2500,2500
"Tamil Nadu",Vellore,"Pallikonda(Uzhavar Sandhai)",Beans,"Beans (Whole)",Local,26/07/2026,6500,6500,6500
"Tamil Nadu",Vellore,"Pallikonda(Uzhavar Sandhai)",Ginger(Green),"Green Ginger",Local,26/07/2026,16000,17000,16500
"Tamil Nadu",Vellore,"Pallikonda(Uzhavar Sandhai)",Ridgeguard(Tori),Ridgeguard(Tori),Local,26/07/2026,4500,4500,4500
"Tamil Nadu",Vellore,"Pallikonda(Uzhavar Sandhai)",Raddish,Raddish,Local,26/07/2026,3500,3500,3500
"Tamil Nadu",Vellore,"Pallikonda(Uzhavar Sandhai)","Green Avare(W)","Green Avare (W)",Local,26/07/2026,5000,5000,5000
"Tamil Nadu",Pudukkottai,"Ponnamaravathi(Uzhavar Sandhai)",Brinjal,Round,Local,26/07/2026,6500,7000,6750
"Tamil Nadu",Pudukkottai,"Ponnamaravathi(Uzhavar Sandhai)",Tomato,Deshi,Local,26/07/2026,2000,2500,2250
"Tamil Nadu",Pudukkottai,"Ponnamaravathi(Uzhavar Sandhai)",Ashgourd,Gouard,Local,26/07/2026,1000,1500,1250
"Tamil Nadu",Pudukkottai,"Ponnamaravathi(Uzhavar Sandhai)",Snakeguard,Snakeguard,Local,26/07/2026,3500,4000,3750
"Tamil Nadu",Pudukkottai,"Ponnamaravathi(Uzhavar Sandhai)",Ridgeguard(Tori),Ridgeguard(Tori),Local,26/07/2026,6500,7000,6750
"Tamil Nadu",Pudukkottai,"Ponnamaravathi(Uzhavar Sandhai)","Onion Green","Onion Green",Local,26/07/2026,6500,7000,6750
"Tamil Nadu",Nagapattinam,"Mayiladuthurai(Uzhavar Sandhai )",Potato,"Red Nanital",Local,26/07/2026,3000,3000,3000
"Tamil Nadu",Nagapattinam,"Mayiladuthurai(Uzhavar Sandhai )",Banana,Besrai,Local,26/07/2026,3500,4000,3750
"Tamil Nadu",Nagapattinam,"Mayiladuthurai(Uzhavar Sandhai )","Bitter gourd","Bitter Gourd",Local,26/07/2026,5000,6000,5500
"Tamil Nadu",Nagapattinam,"Mayiladuthurai(Uzhavar Sandhai )",Coconut,Coconut,Local,26/07/2026,3000,4000,3500
"Tamil Nadu",Nagapattinam,"Mayiladuthurai(Uzhavar Sandhai )",Beetroot,Beetroot,Local,26/07/2026,5000,5000,5000
"Tamil Nadu",Nagapattinam,"Mayiladuthurai(Uzhavar Sandhai )","Onion Green","Onion Green",Local,26/07/2026,5500,6000,5750
"Tamil Nadu",Nagapattinam,"Mayiladuthurai(Uzhavar Sandhai )",Mint(Pudina),Mint(Pudina),Local,26/07/2026,4000,4500,4250
"Uttar Pradesh",Lucknow,"Lucknow APMC",Firewood,Firewood,FAQ,26/07/2026,350,350,350
"Tamil Nadu",Pudukkottai,"Viralimalai(Uzhavar Sandhai )",Onion,Bellary,Local,26/07/2026,4000,5000,4500
"Tamil Nadu",Pudukkottai,"Viralimalai(Uzhavar Sandhai )",Banana,Other,Local,26/07/2026,6000,7000,6500
"Tamil Nadu",Pudukkottai,"Viralimalai(Uzhavar Sandhai )",Ashgourd,Gouard,Local,26/07/2026,1200,1500,1350
"Tamil Nadu",Pudukkottai,"Viralimalai(Uzhavar Sandhai )","Bhindi(Ladies Finger)",Bhindi,Local,26/07/2026,3500,4000,3750
"Tamil Nadu",Pudukkottai,"Viralimalai(Uzhavar Sandhai )",Snakeguard,Snakeguard,Local,26/07/2026,3600,4000,3800
"Tamil Nadu",Pudukkottai,"Viralimalai(Uzhavar Sandhai )",Ridgeguard(Tori),Ridgeguard(Tori),Local,26/07/2026,6000,7000,6500
"Tamil Nadu",Pudukkottai,"Viralimalai(Uzhavar Sandhai )",Raddish,Raddish,Local,26/07/2026,3000,3500,3250
"Tamil Nadu",Ramanathapuram,"Paramakudi(Uzhavar Sandhai )",Banana,Besrai,Local,26/07/2026,4500,5000,4750
"Tamil Nadu",Ramanathapuram,"Paramakudi(Uzhavar Sandhai )",Cauliflower,Ranchi,Local,26/07/2026,5000,5200,5100
"Tamil Nadu",Ramanathapuram,"Paramakudi(Uzhavar Sandhai )","Bitter gourd","Bitter Gourd",Local,26/07/2026,5500,6000,5750
"Tamil Nadu",Ramanathapuram,"Paramakudi(Uzhavar Sandhai )","Tube Flower","Tube Flower",Local,26/07/2026,60000,70000,65000
"Tamil Nadu",Pudukkottai,"Alangudi(Uzhavar Sandhai )","Bitter gourd",Other,Local,26/07/2026,8000,9000,8500
"Tamil Nadu",Pudukkottai,"Alangudi(Uzhavar Sandhai )","Green Chilli","Green Chilly",Local,26/07/2026,4500,5000,4750
"Tamil Nadu",Pudukkottai,"Alangudi(Uzhavar Sandhai )",Ridgeguard(Tori),Ridgeguard(Tori),Local,26/07/2026,6000,7000,6500
"Tamil Nadu",Pudukkottai,"Alangudi(Uzhavar Sandhai )",Raddish,Raddish,Local,26/07/2026,3000,4000,3500
"Tamil Nadu",Pudukkottai,"Alangudi(Uzhavar Sandhai )","Green Avare(W)",Other,Local,26/07/2026,6500,7000,6750
"Tamil Nadu",Thiruvannamalai,"Arani(Uzhavar Sandhai )",Coriander(Leaves),"I Sort",Local,26/07/2026,4000,5000,4500
"Tamil Nadu",Thiruvannamalai,"Arani(Uzhavar Sandhai )","Cluster beans","Cluster Beans",Local,26/07/2026,4000,4800,4400
"Tamil Nadu",Thiruvannamalai,"Arani(Uzhavar Sandhai )",Amaranthus,Amaranthus,Local,26/07/2026,1500,2000,1750
"Tamil Nadu",Thiruvannamalai,"Arani(Uzhavar Sandhai )",Drumstick,Drumstick,Local,26/07/2026,4000,5000,4500
"Tamil Nadu",Thiruvannamalai,"Arani(Uzhavar Sandhai )",Mango(Raw-Ripe),"Mango - Raw-Ripe",Local,26/07/2026,2000,2500,2250
"Tamil Nadu",Thiruvannamalai,"Arani(Uzhavar Sandhai )","Tender Coconut","Tender Coconut",Local,26/07/2026,1500,2000,1750
"Tamil Nadu",Thiruvannamalai,"Arani(Uzhavar Sandhai )",Yam(Ratalu),"Yam (Ratalu)",Local,26/07/2026,4200,5000,4600
"Tamil Nadu",Thiruvannamalai,"Polur(Uzhavar Sandhai )",Garlic,Garlic,Local,26/07/2026,20000,24000,22000
"Tamil Nadu",Thiruvannamalai,"Polur(Uzhavar Sandhai )","Bitter gourd","Bitter Gourd",Local,26/07/2026,4000,4800,4400
"Tamil Nadu",Thiruvannamalai,"Polur(Uzhavar Sandhai )","Bhindi(Ladies Finger)",Bhindi,Local,26/07/2026,4000,4800,4400
"Tamil Nadu",Thiruvannamalai,"Polur(Uzhavar Sandhai )","Banana - Green","Banana - Green",Local,26/07/2026,1600,2000,1800
"Tamil Nadu",Thiruvannamalai,"Polur(Uzhavar Sandhai )",Beans,"Beans (Whole)",Local,26/07/2026,5000,6000,5500
"Tamil Nadu",Thiruvannamalai,"Polur(Uzhavar Sandhai )",Coconut,Coconut,Local,26/07/2026,4000,4500,4250
"Tamil Nadu",Thiruvannamalai,"Polur(Uzhavar Sandhai )",Cabbage,Cabbage,Local,26/07/2026,2500,3000,2750
"Tamil Nadu",Thiruvannamalai,"Polur(Uzhavar Sandhai )",Snakeguard,Snakeguard,Local,26/07/2026,2500,3000,2750
"Tamil Nadu",Thiruvannamalai,"Polur(Uzhavar Sandhai )",Beetroot,Beetroot,Local,26/07/2026,4000,4800,4400
"Tamil Nadu",Thiruvannamalai,"Polur(Uzhavar Sandhai )","Jack Fruit(Ripe)","Jack Fruit",Local,26/07/2026,1600,2000,1800
"Tamil Nadu",Thiruvannamalai,"Polur(Uzhavar Sandhai )",Colacasia,Colacasia,Local,26/07/2026,3300,4000,3650
"Tamil Nadu",Thiruvannamalai,"Polur(Uzhavar Sandhai )",Mint(Pudina),Mint(Pudina),Local,26/07/2026,3300,4000,3650
"Tamil Nadu",Thiruvannamalai,"Tiruvannamalai(Uzhavar Sandhai )",Grapes,Annabesahai,Local,26/07/2026,8000,12000,10000
"Tamil Nadu",Thiruvannamalai,"Tiruvannamalai(Uzhavar Sandhai )",Mango,Safeda,Local,26/07/2026,5000,6000,5500
"Tamil Nadu",Thiruvannamalai,"Tiruvannamalai(Uzhavar Sandhai )",Coriander(Leaves),"I Sort",Local,26/07/2026,7000,8000,7500
"Tamil Nadu",Thiruvannamalai,"Tiruvannamalai(Uzhavar Sandhai )",Chikoos(Sapota),Sapota,Local,26/07/2026,4000,5000,4500
"Tamil Nadu",Thiruvannamalai,"Tiruvannamalai(Uzhavar Sandhai )","Water Melon","Water Melon",Local,26/07/2026,2000,2500,2250
"Tamil Nadu",Thiruvannamalai,"Tiruvannamalai(Uzhavar Sandhai )","Bhindi(Ladies Finger)",Bhindi,Local,26/07/2026,2500,3000,2750
"Tamil Nadu",Thiruvannamalai,"Tiruvannamalai(Uzhavar Sandhai )",Cabbage,Cabbage,Local,26/07/2026,3500,4000,3750
"Tamil Nadu",Thiruvannamalai,"Tiruvannamalai(Uzhavar Sandhai )",Cucumbar(Kheera),Cucumbar,Local,26/07/2026,4000,5000,4500
"Tamil Nadu",Thiruvannamalai,"Tiruvannamalai(Uzhavar Sandhai )",Lime,Lime,Local,26/07/2026,3500,4000,3750
"Tamil Nadu",Thiruvannamalai,"Tiruvannamalai(Uzhavar Sandhai )",Mashrooms,Mashrooms,Local,26/07/2026,20000,25000,22500
"Tamil Nadu",Thiruvarur,"Mannargudi I(Uzhavar Sandhai )",Cauliflower,Ranchi,Local,26/07/2026,5400,5400,5400
"Tamil Nadu",Thiruvarur,"Mannargudi I(Uzhavar Sandhai )",Chikoos(Sapota),Sapota,Local,26/07/2026,6000,6000,6000
"Tamil Nadu",Thiruvarur,"Mannargudi I(Uzhavar Sandhai )",Ashgourd,Gouard,Local,26/07/2026,3000,3000,3000
"Tamil Nadu",Thiruvarur,"Mannargudi I(Uzhavar Sandhai )",Beetroot,Beetroot,Local,26/07/2026,5400,5400,5400
"Tamil Nadu",Thiruvarur,"Mannargudi I(Uzhavar Sandhai )",Lemon,Lemon,Local,26/07/2026,6000,6000,6000
"Tamil Nadu",Thiruvarur,"Mannargudi II(Uzhavar Sandhai )",Cauliflower,Ranchi,Local,26/07/2026,5400,5400,5400
"Tamil Nadu",Thiruvarur,"Mannargudi II(Uzhavar Sandhai )",Tomato,Deshi,Local,26/07/2026,2200,2200,2200
"Tamil Nadu",Thiruvarur,"Mannargudi II(Uzhavar Sandhai )",Ashgourd,Gouard,Local,26/07/2026,3000,3000,3000
"Tamil Nadu",Thiruvarur,"Mannargudi II(Uzhavar Sandhai )","Bhindi(Ladies Finger)",Bhindi,Local,26/07/2026,3800,3800,3800
"Tamil Nadu",Thiruvarur,"Mannargudi II(Uzhavar Sandhai )",Mango(Raw-Ripe),"Mango - Raw-Ripe",Local,26/07/2026,2600,2600,2600
"Tamil Nadu",Thiruvarur,"Mannargudi II(Uzhavar Sandhai )",Mint(Pudina),Mint(Pudina),Local,26/07/2026,7000,7000,7000
"Tamil Nadu",Thiruvarur,"Tiruthuraipoondi(Uzhavar Sandhai )",Pineapple,"Pine Apple",Local,26/07/2026,6000,6000,6000
"Tamil Nadu",Thiruvarur,"Tiruthuraipoondi(Uzhavar Sandhai )",Banana,Besrai,Local,26/07/2026,4000,4000,4000
"Tamil Nadu",Thiruvarur,"Tiruthuraipoondi(Uzhavar Sandhai )",Papaya,Papaya,Local,26/07/2026,3500,3500,3500
"Tamil Nadu",Thiruvarur,"Tiruthuraipoondi(Uzhavar Sandhai )","Bhindi(Ladies Finger)",Bhindi,Local,26/07/2026,4000,4000,4000
"Tamil Nadu",Thiruvarur,"Tiruthuraipoondi(Uzhavar Sandhai )",Coconut,Coconut,Local,26/07/2026,4000,4000,4000
"Tamil Nadu",Thiruvarur,"Tiruthuraipoondi(Uzhavar Sandhai )",Ridgeguard(Tori),Ridgeguard(Tori),Local,26/07/2026,4600,4600,4600
"Tamil Nadu",Thiruvarur,"Tiruthuraipoondi(Uzhavar Sandhai )","Tamarind Fruit","Tamarind Fruit",Local,26/07/2026,15000,15000,15000
"Tamil Nadu",Thiruvarur,"Tiruthuraipoondi(Uzhavar Sandhai )",Lemon,Lemon,Local,26/07/2026,5000,5000,5000
"Tamil Nadu",Thiruvellore,"Ambattur(Uzhavar Sandhai )","Green Chilli","Green Chilly",Local,26/07/2026,5000,5000,5000
"Tamil Nadu",Thiruvellore,"Naravarikuppam(Uzhavar Sandhai )",Brinjal,Round,Local,26/07/2026,5000,5000,5000
"Tamil Nadu",Thiruvellore,"Naravarikuppam(Uzhavar Sandhai )","Bottle gourd","Bottle Gourd",Local,26/07/2026,3500,3500,3500
"Tamil Nadu",Thiruvellore,"Naravarikuppam(Uzhavar Sandhai )","Banana - Green","Banana - Green",Local,26/07/2026,4000,4000,4000
"Tamil Nadu",Thiruvellore,"Naravarikuppam(Uzhavar Sandhai )",Colacasia,Colacasia,Local,26/07/2026,3500,3500,3500
"Tamil Nadu",Thiruvellore,"Paruthipattu(Uzhavar Sandhai )",Onion,Bellary,Local,26/07/2026,3500,3500,3500
"Tamil Nadu",Thiruvellore,"Paruthipattu(Uzhavar Sandhai )",Potato,"Red Nanital",Local,26/07/2026,4000,4000,4000
"Tamil Nadu",Thiruvellore,"Paruthipattu(Uzhavar Sandhai )",Coriander(Leaves),"I Sort",Local,26/07/2026,6000,6000,6000
"Tamil Nadu",Thiruvellore,"Paruthipattu(Uzhavar Sandhai )","Green Chilli","Green Chilly",Local,26/07/2026,6000,6000,6000
"Tamil Nadu",Thiruvellore,"Paruthipattu(Uzhavar Sandhai )",Snakeguard,Snakeguard,Local,26/07/2026,4000,4000,4000
"Tamil Nadu",Thiruvellore,"Paruthipattu(Uzhavar Sandhai )",Ridgeguard(Tori),Ridgeguard(Tori),Local,26/07/2026,5000,5000,5000
"Tamil Nadu",Tuticorin,"Kovilpatti(Uzhavar Sandhai )",Potato,Other,Local,26/07/2026,3500,4000,3750
"Tamil Nadu",Tuticorin,"Kovilpatti(Uzhavar Sandhai )","Cluster beans","Cluster Beans",Local,26/07/2026,3500,4000,3750
"Tamil Nadu",Tuticorin,"Kovilpatti(Uzhavar Sandhai )",Pumpkin,Pumpkin,Local,26/07/2026,3000,3500,3250
"Tamil Nadu",Tuticorin,"Kovilpatti(Uzhavar Sandhai )","Banana - Green","Banana - Green",Local,26/07/2026,3000,3500,3250
"Tamil Nadu",Tuticorin,"Kovilpatti(Uzhavar Sandhai )",Thondekai,Thondekai,Local,26/07/2026,6500,7000,6750
"Tamil Nadu",Tuticorin,"Kovilpatti(Uzhavar Sandhai )",Capsicum,Capsicum,Local,26/07/2026,7500,8000,7750
"Tamil Nadu",Tuticorin,"Kovilpatti(Uzhavar Sandhai )",Mango(Raw-Ripe),"Mango - Raw-Ripe",Local,26/07/2026,4000,4500,4250
"Tamil Nadu",Vellore,"Gudiyatham(Uzhavar Sandhai )",Garlic,Garlic,Local,26/07/2026,22000,22000,22000
"Tamil Nadu",Vellore,"Gudiyatham(Uzhavar Sandhai )",Papaya,Papaya,Local,26/07/2026,3000,3000,3000
"Tamil Nadu",Vellore,"Gudiyatham(Uzhavar Sandhai )",Ashgourd,Gouard,Local,26/07/2026,2400,2400,2400
"Tamil Nadu",Vellore,"Gudiyatham(Uzhavar Sandhai )",Snakeguard,Snakeguard,Local,26/07/2026,3600,3600,3600
"Tamil Nadu",Vellore,"Gudiyatham(Uzhavar Sandhai )",Ridgeguard(Tori),Ridgeguard(Tori),Local,26/07/2026,4000,4000,4000
"Tamil Nadu",Vellore,"Gudiyatham(Uzhavar Sandhai )",Thondekai,Thondekai,Local,26/07/2026,4000,4000,4000
"Tamil Nadu",Vellore,"Gudiyatham(Uzhavar Sandhai )","Green Avare(W)","Green Avare (W)",Local,26/07/2026,5600,5600,5600
"Tamil Nadu",Vellore,"Gudiyatham(Uzhavar Sandhai )","Chow Chow","Chow Chow",Local,26/07/2026,4000,4000,4000
"Tamil Nadu",Vellore,"Gudiyatham(Uzhavar Sandhai )","Knool Khol","Knool Khol",Local,26/07/2026,5600,5600,5600
"Tamil Nadu",Vellore,"Gudiyatham(Uzhavar Sandhai )",Lime,Lime,Local,26/07/2026,5000,5000,5000
"Tamil Nadu",Vellore,"Gudiyatham(Uzhavar Sandhai )",Lemon,Lemon,Local,26/07/2026,4000,4000,4000
"Tamil Nadu",Vellore,"Kahithapattarai(Uzhavar Sandhai )",Garlic,Garlic,Local,26/07/2026,19000,19000,19000
"Tamil Nadu",Vellore,"Kahithapattarai(Uzhavar Sandhai )",Cauliflower,Ranchi,Local,26/07/2026,1800,1800,1800
"Tamil Nadu",Vellore,"Kahithapattarai(Uzhavar Sandhai )","Green Chilli","Green Chilly",Local,26/07/2026,5600,5600,5600
"Tamil Nadu",Vellore,"Kahithapattarai(Uzhavar Sandhai )",Beans,"Beans (Whole)",Local,26/07/2026,7000,8000,7500
"Tamil Nadu",Vellore,"Kahithapattarai(Uzhavar Sandhai )","Sweet Potato","Hosur Red",Local,26/07/2026,3000,3000,3000
"Tamil Nadu",Vellore,"Kahithapattarai(Uzhavar Sandhai )",Cabbage,Cabbage,Local,26/07/2026,3500,3500,3500
"Tamil Nadu",Vellore,"Kahithapattarai(Uzhavar Sandhai )",Raddish,Raddish,Local,26/07/2026,2500,2500,2500
"Tamil Nadu",Vellore,"Kahithapattarai(Uzhavar Sandhai )",Thondekai,Thondekai,Local,26/07/2026,4000,4000,4000
"Tamil Nadu",Vellore,"Kahithapattarai(Uzhavar Sandhai )","Knool Khol","Knool Khol",Local,26/07/2026,4000,4000,4000
"Tamil Nadu",Vellore,"Kahithapattarai(Uzhavar Sandhai )",Guava,"Guava Allahabad",Local,26/07/2026,4000,4000,4000
"Tamil Nadu",Vellore,"Kahithapattarai(Uzhavar Sandhai )",Marigold(Calcutta),Marigold(Calcutta),Local,26/07/2026,20000,20000,20000
"Tamil Nadu",Vellore,"Kahithapattarai(Uzhavar Sandhai )","Tamarind Fruit","Tamarind Fruit",Local,26/07/2026,16000,16000,16000
"Tamil Nadu",Villupuram,"Villupuram(Uzhavar Sandhai )",Groundnut,"Big (With Shell)",Local,26/07/2026,9000,9000,9000
"Tamil Nadu",Villupuram,"Villupuram(Uzhavar Sandhai )",Banana,Besrai,Local,26/07/2026,4000,10000,7000
"Tamil Nadu",Villupuram,"Villupuram(Uzhavar Sandhai )",Tomato,Deshi,Local,26/07/2026,2000,2000,2000
"Tamil Nadu",Villupuram,"Villupuram(Uzhavar Sandhai )",Amaranthus,Amaranthus,Local,26/07/2026,4000,4000,4000
"Tamil Nadu",Villupuram,"Villupuram(Uzhavar Sandhai )","Chow Chow","Chow Chow",Local,26/07/2026,5000,5000,5000
"Tamil Nadu",Villupuram,"Villupuram(Uzhavar Sandhai )","Knool Khol","Knool Khol",Local,26/07/2026,5000,5000,5000
"Tamil Nadu",Villupuram,"Villupuram(Uzhavar Sandhai )","Tender Coconut","Tender Coconut",Local,26/07/2026,3500,4000,3750
"Tamil Nadu",Villupuram,"Villupuram(Uzhavar Sandhai )",Lemon,Lemon,Local,26/07/2026,10000,10000,10000
"Tamil Nadu",Villupuram,"Villupuram(Uzhavar Sandhai )","Amla(Nelli Kai)",Amla,Local,26/07/2026,8000,8000,8000
"Tamil Nadu",Villupuram,"Villupuram(Uzhavar Sandhai )","Sweet Corn ","Sweet Corn ",Local,26/07/2026,4000,4000,4000
"Uttar Pradesh",Badaun,"Badayoun APMC",Wood,Other,FAQ,26/07/2026,500,500,500
Odisha,Dhenkanal,"Hindol APMC","Banana - Green",Other,"Grade B",26/07/2026,2500,3000,2800
Odisha,Dhenkanal,"Hindol APMC",Potato,Potato,"Grade B",26/07/2026,1400,1600,1500
"Tamil Nadu",Thiruvannamalai,"Cheyyar(Uzhavar Sandhai )",Coriander(Leaves),"I Sort",Local,26/07/2026,4000,5000,4500
"Tamil Nadu",Thiruvannamalai,"Cheyyar(Uzhavar Sandhai )","Bitter gourd",Other,Local,26/07/2026,3200,4000,3600
"Tamil Nadu",Thiruvannamalai,"Cheyyar(Uzhavar Sandhai )","Bottle gourd","Bottle Gourd",Local,26/07/2026,2000,2400,2200
"Tamil Nadu",Thiruvannamalai,"Cheyyar(Uzhavar Sandhai )",Beetroot,Beetroot,Local,26/07/2026,4000,4800,4400
"Tamil Nadu",Thiruvannamalai,"Cheyyar(Uzhavar Sandhai )",Cucumbar(Kheera),Cucumbar,Local,26/07/2026,2500,3000,2750
"Tamil Nadu",Thiruvannamalai,"Cheyyar(Uzhavar Sandhai )",Ridgeguard(Tori),Ridgeguard(Tori),Local,26/07/2026,3500,4200,3850
"Tamil Nadu",Thiruvannamalai,"Cheyyar(Uzhavar Sandhai )","Green Avare(W)",Other,Local,26/07/2026,4000,4800,4400
"Tamil Nadu",Thiruvannamalai,"Cheyyar(Uzhavar Sandhai )","Knool Khol","Knool Khol",Local,26/07/2026,4800,6000,5400
"Tamil Nadu",Thiruvannamalai,"Cheyyar(Uzhavar Sandhai )","Tender Coconut","Tender Coconut",Local,26/07/2026,2000,2500,2250
"Tamil Nadu",Thiruvannamalai,"Cheyyar(Uzhavar Sandhai )",Lemon,Lemon,Local,26/07/2026,4800,6000,5400
"Uttar Pradesh",Badaun,"Islam Nagar APMC",Maize,Other,FAQ,26/07/2026,1850,1850,1850
"Andhra Pradesh",Dr.B.R.A.Konaseema,"Mummidivaram APMC",Prawn,"Prawn-White Prawn",FAQ,26/07/2026,20000,21000,20000
"Tamil Nadu",Ariyalur,"Ariyalur(Uzhavar Sandhai)",Brinjal,Round,Local,26/07/2026,5000,5500,5250
"Tamil Nadu",Ariyalur,"Ariyalur(Uzhavar Sandhai)","Onion Green","Onion Green",Local,26/07/2026,6500,7000,6750
"Uttar Pradesh",Raebarelli,"Lalganj APMC",Firewood,Firewood,FAQ,26/07/2026,350,350,350
"Uttar Pradesh",Bahraich,"Mihipurwa APMC",Wheat,Hybrid,FAQ,26/07/2026,2400,2400,2400
"Uttar Pradesh","Jalaun (Orai)","Madhogarh APMC",Wheat,Local,FAQ,26/07/2026,2420,2420,2420
Punjab,Gurdaspur,"Dinanagar APMC",Banana,Other,Medium,26/07/2026,3500,4000,3800
Punjab,Gurdaspur,"Dinanagar APMC",Potato,Potato,Medium,26/07/2026,900,1100,1000
Odisha,Sundergarh,"Sargipali APMC",Brinjal,Brinjal,FAQ,26/07/2026,3800,4200,4000
"Andhra Pradesh",Kakinada,"Prattipadu APMC",Paddy(Common),Common,FAQ,26/07/2026,2369,2380,2369
"Andhra Pradesh",Kakinada,"Jaggampet APMC",Paddy(Common),Common,FAQ,26/07/2026,2369,2380,2369
"Tamil Nadu",Coimbatore,"Sundarapuram(Uzhavar Sandhai )",Banana,"Red Banana",Local,26/07/2026,7400,7800,7600
"Tamil Nadu",Coimbatore,"Sundarapuram(Uzhavar Sandhai )",Cauliflower,Ranchi,Local,26/07/2026,4000,4500,4250
"Tamil Nadu",Coimbatore,"Sundarapuram(Uzhavar Sandhai )",Tomato,Local,Local,26/07/2026,1400,1800,1600
"Tamil Nadu",Coimbatore,"Sundarapuram(Uzhavar Sandhai )","Bitter gourd","Bitter Gourd",Local,26/07/2026,6400,6800,6600
"Tamil Nadu",Coimbatore,"Sundarapuram(Uzhavar Sandhai )","Bottle gourd","Bottle Gourd",Local,26/07/2026,2500,3000,2750
"Tamil Nadu",Coimbatore,"Sundarapuram(Uzhavar Sandhai )","Green Chilli","Green Chilly",Local,26/07/2026,4500,5000,4750
"Tamil Nadu",Coimbatore,"Sundarapuram(Uzhavar Sandhai )",Thondekai,Thondekai,Local,26/07/2026,4500,5000,4750
"Tamil Nadu",Coimbatore,"Sundarapuram(Uzhavar Sandhai )",Capsicum,Capsicum,Local,26/07/2026,8000,8500,8250
"Tamil Nadu",Coimbatore,"Sundarapuram(Uzhavar Sandhai )",Mango(Raw-Ripe),"Mango - Raw-Ripe",Local,26/07/2026,3500,4000,3750
"Tamil Nadu",Coimbatore,"Sundarapuram(Uzhavar Sandhai )","Onion Green","Onion Green",Local,26/07/2026,5400,5800,5600
"Tamil Nadu",Coimbatore,"Sundarapuram(Uzhavar Sandhai )",Mint(Pudina),Mint(Pudina),Local,26/07/2026,6500,7000,6750
"West Bengal","Sounth 24 Parganas","Baruipur(Canning) APMC",Rice,Common,FAQ,26/07/2026,3150,3300,3200
"West Bengal","Sounth 24 Parganas","Baruipur(Canning) APMC",Rice,Fine,FAQ,26/07/2026,4700,4900,4800
"Uttar Pradesh",Banda,"Atarra APMC",Wheat,Dara,FAQ,26/07/2026,2450,2450,2450
"Tamil Nadu",Coimbatore,"Mettupalayam(Uzhavar Sandhai )",Onion,Bellary,Local,26/07/2026,3500,3800,3650
"Tamil Nadu",Coimbatore,"Mettupalayam(Uzhavar Sandhai )",Garlic,Garlic,Local,26/07/2026,16000,18000,17000
"Tamil Nadu",Coimbatore,"Mettupalayam(Uzhavar Sandhai )","Water Melon","Water Melon",Local,26/07/2026,2000,2500,2250
"Tamil Nadu",Coimbatore,"Mettupalayam(Uzhavar Sandhai )",Tomato,Deshi,Local,26/07/2026,1600,2000,1800
"Tamil Nadu",Coimbatore,"Mettupalayam(Uzhavar Sandhai )",Pumpkin,Pumpkin,Local,26/07/2026,1600,2000,1800
"Tamil Nadu",Coimbatore,"Mettupalayam(Uzhavar Sandhai )","Bhindi(Ladies Finger)",Bhindi,Local,26/07/2026,4000,4500,4250
"Tamil Nadu",Coimbatore,"Mettupalayam(Uzhavar Sandhai )",Ginger(Green),"Green Ginger",Local,26/07/2026,11000,18000,14500
"Tamil Nadu",Coimbatore,"Mettupalayam(Uzhavar Sandhai )",Carrot,Pusakesar,Local,26/07/2026,9000,10000,9500
"Tamil Nadu",Coimbatore,"Mettupalayam(Uzhavar Sandhai )",Thondekai,Thondekai,Local,26/07/2026,4200,5200,4700
"Tamil Nadu",Coimbatore,"Mettupalayam(Uzhavar Sandhai )",Mango(Raw-Ripe),"Mango - Raw-Ripe",Local,26/07/2026,3500,3800,3650
"Tamil Nadu",Coimbatore,"Mettupalayam(Uzhavar Sandhai )",Guava,"Guava Allahabad",Local,26/07/2026,6000,7000,6500
"Tamil Nadu",Coimbatore,"Mettupalayam(Uzhavar Sandhai )","Elephant Yam(Suran)/Amorphophallus","Elephant Yam (Suran)",Local,26/07/2026,3500,4000,3750
"Tamil Nadu",Erode,"Sathiyamagalam(Uzhavar Sandhai )",Onion,Bellary,Local,26/07/2026,3500,4000,3750
"Tamil Nadu",Erode,"Sathiyamagalam(Uzhavar Sandhai )",Brinjal,Other,Local,26/07/2026,4400,4800,4600
"Tamil Nadu",Erode,"Sathiyamagalam(Uzhavar Sandhai )","Bottle gourd","Bottle Gourd",Local,26/07/2026,1500,2000,1750
"Tamil Nadu",Erode,"Sathiyamagalam(Uzhavar Sandhai )",Amaranthus,Amaranthus,Local,26/07/2026,3500,4000,3750
"Tamil Nadu",Erode,"Sathiyamagalam(Uzhavar Sandhai )",Beans,"Beans (Whole)",Local,26/07/2026,6000,6500,6250
"Tamil Nadu",Erode,"Sathiyamagalam(Uzhavar Sandhai )",Snakeguard,Snakeguard,Local,26/07/2026,3800,4200,4000
"Tamil Nadu",Erode,"Sathiyamagalam(Uzhavar Sandhai )",Guava,"Guava Allahabad",Local,26/07/2026,5000,5400,5200
"Tamil Nadu",Erode,"Sathiyamagalam(Uzhavar Sandhai )",Lemon,Lemon,Local,26/07/2026,6500,7000,6750
"Tamil Nadu",Erode,"Sathiyamagalam(Uzhavar Sandhai )","Sweet Corn ","Sweet Corn ",Local,26/07/2026,2500,3000,2750
Telangana,Hyderabad,"RYTHU BAZAR MEHDIPATNAM",Cauliflower,Cauliflower,"Grade A",26/07/2026,1800,1800,1800
Telangana,Hyderabad,"RYTHU BAZAR MEHDIPATNAM",Colacasia,Colacasia,"Grade A",26/07/2026,2800,2800,2800
Telangana,Hyderabad,"RYTHU BAZAR MEHDIPATNAM",Cabbage,Cabbage,"Grade A",26/07/2026,2100,2100,2100
Telangana,Hyderabad,"RYTHU BAZAR MEHDIPATNAM",Carrot,Carrot,"Grade A",26/07/2026,4100,4100,4100
Telangana,Hyderabad,"RYTHU BAZAR MEHDIPATNAM",Drumstick,Drumstick,"Grade A",26/07/2026,4500,4500,4500
Telangana,Hyderabad,"RYTHU BAZAR MEHDIPATNAM",Brinjal,Brinjal,"Grade A",26/07/2026,2300,2300,2300
Telangana,Hyderabad,"RYTHU BAZAR MEHDIPATNAM","Leafy Vegetable","Leafy Vegetables","Grade A",26/07/2026,3000,3000,3000
Telangana,Hyderabad,"RYTHU BAZAR MEHDIPATNAM","Wild Cucumber","Wild Cucumber","Grade A",26/07/2026,1500,1500,1500
"Uttar Pradesh","Sant Kabir Nagar","Khalilabad APMC",Wheat,Dara,FAQ,26/07/2026,2450,2450,2450
"Tamil Nadu",Namakkal,"Tiruchengode APMC",Coriander(Leaves),"I Sort",Local,26/07/2026,9000,10000,9500
"Tamil Nadu",Namakkal,"Tiruchengode APMC",Tomato,Other,Local,26/07/2026,1800,2000,1900
"Tamil Nadu",Namakkal,"Tiruchengode APMC","Sweet Potato","Hosur Red",Local,26/07/2026,4500,5000,4750
"Tamil Nadu",Namakkal,"Tiruchengode APMC",Carrot,Pusakesar,Local,26/07/2026,8500,9500,9000
"Tamil Nadu",Namakkal,"Tiruchengode APMC",Cabbage,Cabbage,Local,26/07/2026,3500,4000,3750
"Tamil Nadu",Namakkal,"Tiruchengode APMC",Drumstick,Drumstick,Local,26/07/2026,6200,7000,6600
"Tamil Nadu",Namakkal,"Tiruchengode APMC","Elephant Yam(Suran)/Amorphophallus","Elephant Yam (Suran)",Local,26/07/2026,2600,3000,2800
"Tamil Nadu",Ariyalur,"Jeyankondam (Uzhavar Sandhai )","Bottle gourd","Bottle Gourd",Local,26/07/2026,2500,3000,2750
"Tamil Nadu",Ariyalur,"Jeyankondam (Uzhavar Sandhai )",Raddish,Raddish,Local,26/07/2026,3500,4000,3750
"Tamil Nadu",Ariyalur,"Jeyankondam (Uzhavar Sandhai )",Mango(Raw-Ripe),"Mango - Raw-Ripe",Local,26/07/2026,2800,3200,3000
"Tamil Nadu",Coimbatore,"RSPuram(Uzhavar Sandhai )",Pumpkin,Pumpkin,Local,26/07/2026,1800,2000,1900
"Tamil Nadu",Coimbatore,"RSPuram(Uzhavar Sandhai )",Beetroot,Beetroot,Local,26/07/2026,8000,8600,8300
"Tamil Nadu",Coimbatore,"RSPuram(Uzhavar Sandhai )","Tender Coconut","Tender Coconut",Local,26/07/2026,4000,4500,4250
"Tamil Nadu",Coimbatore,"RSPuram(Uzhavar Sandhai )",Pear(Marasebu),Pears,Local,26/07/2026,14000,15000,14500
"Tamil Nadu",Coimbatore,"Singanallur(Uzhavar Sandhai )",Mango,Safeda,Local,26/07/2026,9000,12000,10500
"Tamil Nadu",Coimbatore,"Singanallur(Uzhavar Sandhai )",Coriander(Leaves),"I Sort",Local,26/07/2026,7000,7500,7250
"Tamil Nadu",Coimbatore,"Singanallur(Uzhavar Sandhai )","Green Peas","Green Peas",Local,26/07/2026,24000,26000,25000
"Tamil Nadu",Coimbatore,"Singanallur(Uzhavar Sandhai )",Papaya,Papaya,Local,26/07/2026,3500,4000,3750
"Tamil Nadu",Coimbatore,"Singanallur(Uzhavar Sandhai )",Tomato,Deshi,Local,26/07/2026,1600,1800,1700
"Tamil Nadu",Coimbatore,"Singanallur(Uzhavar Sandhai )","Bitter gourd","Bitter Gourd",Local,26/07/2026,6000,6500,6250
"Tamil Nadu",Coimbatore,"Singanallur(Uzhavar Sandhai )",Amaranthus,Amaranthus,Local,26/07/2026,4500,5000,4750
"Tamil Nadu",Coimbatore,"Singanallur(Uzhavar Sandhai )","Betal Leaves",Mysore,Local,26/07/2026,20000,21000,20500
"Tamil Nadu",Coimbatore,"Singanallur(Uzhavar Sandhai )",Carrot,Pusakesar,Local,26/07/2026,9000,10000,9500
"Tamil Nadu",Coimbatore,"Singanallur(Uzhavar Sandhai )",Snakeguard,Snakeguard,Local,26/07/2026,3000,3500,3250
"Tamil Nadu",Coimbatore,"Singanallur(Uzhavar Sandhai )",Beetroot,Beetroot,Local,26/07/2026,5000,10000,7500
"Tamil Nadu",Coimbatore,"Singanallur(Uzhavar Sandhai )","Elephant Yam(Suran)/Amorphophallus","Elephant Yam (Suran)",Local,26/07/2026,3500,4000,3750
"Tamil Nadu",Coimbatore,"Singanallur(Uzhavar Sandhai )",Yam(Ratalu),"Yam (Ratalu)",Local,26/07/2026,9000,9600,9300
"Tamil Nadu",Coimbatore,"Pollachi(Uzhavar Sandhai )",Coriander(Leaves),"I Sort",Local,26/07/2026,6500,7500,7000
"Tamil Nadu",Coimbatore,"Pollachi(Uzhavar Sandhai )","Bottle gourd","Bottle Gourd",Local,26/07/2026,2500,3000,2750
"Tamil Nadu",Coimbatore,"Pollachi(Uzhavar Sandhai )","Bhindi(Ladies Finger)",Bhindi,Local,26/07/2026,4500,5000,4750
"Tamil Nadu",Coimbatore,"Pollachi(Uzhavar Sandhai )",Cowpea(Veg),"Cowpea (Veg)",Local,26/07/2026,3500,4000,3750
"Tamil Nadu",Coimbatore,"Pollachi(Uzhavar Sandhai )",Ginger(Green),"Green Ginger",Local,26/07/2026,16000,18000,17000
"Tamil Nadu",Coimbatore,"Pollachi(Uzhavar Sandhai )",Thondekai,Thondekai,Local,26/07/2026,5000,5500,5250
"Tamil Nadu",Coimbatore,"Pollachi(Uzhavar Sandhai )",Lemon,Lemon,Local,26/07/2026,7000,7500,7250
"Uttar Pradesh",Lucknow,"Banthara APMC","Mentha Oil",Other,FAQ,26/07/2026,120000,120000,120000
Odisha,Sonepur,"Pandkital APMC","Pointed gourd(Parval)",Other,Local,26/07/2026,4000,4800,4500
Odisha,Sonepur,"Pandkital APMC",Brinjal,Other,Local,26/07/2026,3000,3600,3500
Odisha,Sonepur,"Pandkital APMC",Onion,Other,Local,26/07/2026,2480,2650,2550
Chandigarh,Chandigarh,"Chandigarh (Grain/F&V) APMC",Plum,Other,Medium,26/07/2026,4000,7000,6000
Chandigarh,Chandigarh,"Chandigarh (Grain/F&V) APMC",Potato,Potato,FAQ,26/07/2026,400,1000,800
Chandigarh,Chandigarh,"Chandigarh (Grain/F&V) APMC",Cabbage,Cabbage,Local,26/07/2026,300,800,700
Telangana,"Ranga Reddy","Vanasthalipuram,RBZ ",Carrot,Carrot,Local,26/07/2026,4100,4100,4100
Telangana,"Ranga Reddy","Vanasthalipuram,RBZ ","Bottle gourd","Bottle Gourd",Local,26/07/2026,700,700,700
Telangana,"Ranga Reddy","Vanasthalipuram,RBZ ",Ridgeguard(Tori),Ridgeguard(Tori),Local,26/07/2026,4000,4000,4000
Telangana,"Ranga Reddy","Vanasthalipuram,RBZ ",Beetroot,Beetroot,Local,26/07/2026,3300,3300,3300
Telangana,"Ranga Reddy","Vanasthalipuram,RBZ ","Elephant Yam(Suran)/Amorphophallus","Elephant Yam (Suran)",Local,26/07/2026,4500,4500,4500
Telangana,"Ranga Reddy","Vanasthalipuram,RBZ ","French Beans(Frasbean)",Other,Local,26/07/2026,6500,6500,6500
"Tamil Nadu",Karur,"Karur(Uzhavar Sandhai )",Onion,Bellary,Local,26/07/2026,3500,4000,3750
"Tamil Nadu",Karur,"Karur(Uzhavar Sandhai )",Potato,Other,Local,26/07/2026,5500,6000,5750
"Tamil Nadu",Karur,"Karur(Uzhavar Sandhai )",Brinjal,Other,Local,26/07/2026,4500,5500,5000
"Tamil Nadu",Karur,"Karur(Uzhavar Sandhai )",Beans,"Beans (Whole)",Local,26/07/2026,6500,7000,6750
"Tamil Nadu",Karur,"Karur(Uzhavar Sandhai )",Snakeguard,Snakeguard,Local,26/07/2026,4000,4500,4250
"Tamil Nadu",Karur,"Karur(Uzhavar Sandhai )",Ridgeguard(Tori),Ridgeguard(Tori),Local,26/07/2026,5500,6000,5750
"Tamil Nadu",Karur,"Karur(Uzhavar Sandhai )","Green Avare(W)",Other,Local,26/07/2026,7000,8000,7500
"Tamil Nadu",Karur,"Karur(Uzhavar Sandhai )",Guava,"Guava Allahabad",Local,26/07/2026,6500,7000,6750
"Tamil Nadu",Karur,"Karur(Uzhavar Sandhai )",Lemon,Lemon,Local,26/07/2026,7500,8000,7750
"Tamil Nadu",Karur,"Karur(Uzhavar Sandhai )","Amla(Nelli Kai)",Amla,Local,26/07/2026,7500,8000,7750
"Tamil Nadu",Karur,"Karur(Uzhavar Sandhai )","Sweet Corn ","Sweet Corn ",Local,26/07/2026,3500,4000,3750
"Tamil Nadu",Coimbatore,"Kurichi(Uzhavar Sandhai )",Coriander(Leaves),"I Sort",Local,26/07/2026,6500,7000,6750
"Tamil Nadu",Coimbatore,"Kurichi(Uzhavar Sandhai )",Papaya,Papaya,Local,26/07/2026,3800,4200,4000
"Tamil Nadu",Coimbatore,"Kurichi(Uzhavar Sandhai )",Tomato,Local,Local,26/07/2026,1400,1800,1600
"Tamil Nadu",Coimbatore,"Kurichi(Uzhavar Sandhai )",Ashgourd,Gouard,Local,26/07/2026,1400,1800,1600
"Tamil Nadu",Coimbatore,"Kurichi(Uzhavar Sandhai )",Ridgeguard(Tori),Ridgeguard(Tori),Local,26/07/2026,5500,6000,5750
"Tamil Nadu",Coimbatore,"Kurichi(Uzhavar Sandhai )",Guava,"Guava Allahabad",Local,26/07/2026,5500,6000,5750
"Tamil Nadu",Cuddalore,"Chidambaram(Uzhavar Sandhai )",Mango(Raw-Ripe),"Mango - Raw-Ripe",Local,26/07/2026,3000,3000,3000
"Tamil Nadu",Cuddalore,"Cuddalore(Uzhavar Sandhai )",Mango,Safeda,Local,26/07/2026,5000,7000,6000
"Tamil Nadu",Cuddalore,"Cuddalore(Uzhavar Sandhai )",Brinjal,Round,Local,26/07/2026,5000,8000,6500
"Tamil Nadu",Cuddalore,"Cuddalore(Uzhavar Sandhai )",Papaya,Papaya,Local,26/07/2026,4000,4000,4000
"Tamil Nadu",Cuddalore,"Cuddalore(Uzhavar Sandhai )",Beans,"Beans (Whole)",Local,26/07/2026,8000,8000,8000
"Tamil Nadu",Cuddalore,"Cuddalore(Uzhavar Sandhai )",Ginger(Green),"Green Ginger",Local,26/07/2026,18000,18000,18000
"Tamil Nadu",Cuddalore,"Cuddalore(Uzhavar Sandhai )",Snakeguard,Snakeguard,Local,26/07/2026,4500,4500,4500
"Tamil Nadu",Cuddalore,"Cuddalore(Uzhavar Sandhai )",Raddish,Raddish,Local,26/07/2026,4000,4000,4000
"Tamil Nadu",Cuddalore,"Cuddalore(Uzhavar Sandhai )","Chow Chow","Chow Chow",Local,26/07/2026,4000,4000,4000
"Tamil Nadu",Cuddalore,"Cuddalore(Uzhavar Sandhai )",Mango(Raw-Ripe),"Mango - Raw-Ripe",Local,26/07/2026,3000,3000,3000
"Tamil Nadu",Cuddalore,"Cuddalore(Uzhavar Sandhai )",Guava,"Guava Allahabad",Local,26/07/2026,4000,5000,4500
"Tamil Nadu",Chengalpattu,"Thirukalukundram(Uzhavar Sandhai )",Brinjal,Other,Local,26/07/2026,3900,4300,4100
"Tamil Nadu",Chengalpattu,"Thirukalukundram(Uzhavar Sandhai )",Ashgourd,Gouard,Local,26/07/2026,2200,2500,2350
"Tamil Nadu",Chengalpattu,"Thirukalukundram(Uzhavar Sandhai )",Amaranthus,Amaranthus,Local,26/07/2026,2000,2200,2100
"Tamil Nadu",Chengalpattu,"Thirukalukundram(Uzhavar Sandhai )",Coconut,Coconut,Local,26/07/2026,5200,5500,5350
"Tamil Nadu",Chengalpattu,"Thirukalukundram(Uzhavar Sandhai )",Carrot,Pusakesar,Local,26/07/2026,5500,6000,5750
"Tamil Nadu",Chengalpattu,"Thirukalukundram(Uzhavar Sandhai )",Drumstick,Drumstick,Local,26/07/2026,7500,8000,7750
"Tamil Nadu",Chengalpattu,"Thirukalukundram(Uzhavar Sandhai )","Onion Green","Onion Green",Local,26/07/2026,6000,6500,6250
"Tamil Nadu",Tuticorin,"Tuticorin(Uzhavar Sandhai )",Cauliflower,Ranchi,Local,26/07/2026,4500,5000,4750
"Tamil Nadu",Tuticorin,"Tuticorin(Uzhavar Sandhai )","Cluster beans","Cluster Beans",Local,26/07/2026,4500,5000,4750
"Tamil Nadu",Tuticorin,"Tuticorin(Uzhavar Sandhai )","Bottle gourd","Bottle Gourd",Local,26/07/2026,1500,2000,1750
"Tamil Nadu",Tuticorin,"Tuticorin(Uzhavar Sandhai )","Bhindi(Ladies Finger)",Bhindi,Local,26/07/2026,4000,4500,4250
"Tamil Nadu",Tuticorin,"Tuticorin(Uzhavar Sandhai )",Cowpea(Veg),"Cowpea (Veg)",Local,26/07/2026,3500,4000,3750
"Tamil Nadu",Tuticorin,"Tuticorin(Uzhavar Sandhai )",Beans,"Beans (Whole)",Local,26/07/2026,11000,12000,11500
"Tamil Nadu",Tuticorin,"Tuticorin(Uzhavar Sandhai )","Sweet Potato","Hosur Red",Local,26/07/2026,3500,4000,3750
"Tamil Nadu",Tuticorin,"Tuticorin(Uzhavar Sandhai )","Elephant Yam(Suran)/Amorphophallus","Elephant Yam (Suran)",Local,26/07/2026,3500,4000,3750
Bihar,"East Champaran/ Motihari","Motihari APMC",Mango,Other,"Grade A",26/07/2026,8000,8500,8200
Assam,Tinsukia,"Tinsukia Market","Green Chilli","Green Chilly",FAQ,26/07/2026,6000,8000,7000
"Tamil Nadu","Nagercoil (Kannyiakumari)","Vadaseri APMC",Mango,Safeda,Local,26/07/2026,6500,7000,6750
"Tamil Nadu","Nagercoil (Kannyiakumari)","Vadaseri APMC",Brinjal,Round,Local,26/07/2026,6000,6500,6250
"Tamil Nadu","Nagercoil (Kannyiakumari)","Vadaseri APMC",Papaya,Papaya,Local,26/07/2026,3500,4000,3750
"Tamil Nadu","Nagercoil (Kannyiakumari)","Vadaseri APMC",Tomato,Local,Local,26/07/2026,2200,2500,2350
"Tamil Nadu","Nagercoil (Kannyiakumari)","Vadaseri APMC","Banana - Green","Banana - Green",Local,26/07/2026,6500,7000,6750
"Tamil Nadu","Nagercoil (Kannyiakumari)","Vadaseri APMC",Beans,"Beans (Whole)",Local,26/07/2026,9000,9500,9250
"Tamil Nadu","Nagercoil (Kannyiakumari)","Vadaseri APMC",Beetroot,Beetroot,Local,26/07/2026,5000,5500,5250
"Tamil Nadu","Nagercoil (Kannyiakumari)","Vadaseri APMC","Tender Coconut","Tender Coconut",Local,26/07/2026,4500,5000,4750
"Tamil Nadu","Nagercoil (Kannyiakumari)","Vadaseri APMC",Mint(Pudina),Mint(Pudina),Local,26/07/2026,7500,8000,7750
"Tamil Nadu",Pudukkottai,"Karambakkudi(Uzhavar Sandhai )",Onion,Bellary,Local,26/07/2026,4500,5000,4750
"Tamil Nadu",Pudukkottai,"Karambakkudi(Uzhavar Sandhai )",Banana,Other,Local,26/07/2026,6000,7000,6500
"Tamil Nadu",Pudukkottai,"Karambakkudi(Uzhavar Sandhai )",Brinjal,Other,Local,26/07/2026,5000,6000,5500
"Tamil Nadu",Pudukkottai,"Karambakkudi(Uzhavar Sandhai )",Tomato,Other,Local,26/07/2026,2000,2500,2250
"Tamil Nadu",Pudukkottai,"Karambakkudi(Uzhavar Sandhai )","Bottle gourd","Bottle Gourd",Local,26/07/2026,2000,2500,2250
"Tamil Nadu",Pudukkottai,"Karambakkudi(Uzhavar Sandhai )",Amaranthus,Amaranthus,Local,26/07/2026,1500,2000,1750
"Tamil Nadu",Pudukkottai,"Karambakkudi(Uzhavar Sandhai )","Banana - Green","Banana - Green",Local,26/07/2026,2500,3000,2750
"Tamil Nadu",Pudukkottai,"Karambakkudi(Uzhavar Sandhai )","Green Avare(W)",Other,Local,26/07/2026,7000,8000,7500
Maharashtra,Ahilyanagar,"Rahata APMC","Bhindi(Ladies Finger)",Other,Local,26/07/2026,2000,3500,2750
Maharashtra,Ahilyanagar,"Rahata APMC",Beans,Other,Local,26/07/2026,6000,6000,6000
Maharashtra,Ahilyanagar,"Rahata APMC",Cucumbar(Kheera),Other,Local,26/07/2026,500,2000,1250
Maharashtra,Ahilyanagar,"Rahata APMC",Spinach,Other,Local,26/07/2026,5,15,10
Maharashtra,Ahilyanagar,"Rahata APMC",Drumstick,Other,Local,26/07/2026,3000,6000,4500
"Tamil Nadu",Vellore,"Thirupathur APMC",Cauliflower,Ranchi,Local,26/07/2026,2500,2500,2500
"Tamil Nadu",Vellore,"Thirupathur APMC",Brinjal,Round,Local,26/07/2026,5000,5000,5000
"Tamil Nadu",Vellore,"Thirupathur APMC","Bottle gourd","Bottle Gourd",Local,26/07/2026,2000,2000,2000
"Tamil Nadu",Vellore,"Thirupathur APMC",Ginger(Green),"Green Ginger",Local,26/07/2026,22000,22000,22000
"Tamil Nadu",Vellore,"Thirupathur APMC",Coconut,Coconut,Local,26/07/2026,5000,5000,5000
"Tamil Nadu",Vellore,"Thirupathur APMC",Beetroot,Beetroot,Local,26/07/2026,5000,5000,5000
"Tamil Nadu",Vellore,"Thirupathur APMC",Cucumbar(Kheera),Cucumbar,Local,26/07/2026,2000,2000,2000
"Tamil Nadu",Vellore,"Thirupathur APMC",Thondekai,Thondekai,Local,26/07/2026,4000,4000,4000
"Tamil Nadu",Vellore,"Thirupathur APMC",Capsicum,Capsicum,Local,26/07/2026,5000,5000,5000
"Tamil Nadu",Vellore,"Thirupathur APMC","Green Avare(W)","Green Avare (W)",Local,26/07/2026,6600,6600,6600
"Tamil Nadu",Vellore,"Vellore APMC",Grapes,Annabesahai,Local,26/07/2026,9000,9000,9000
"Tamil Nadu",Vellore,"Vellore APMC",Banana,"Red Banana",Local,26/07/2026,9000,9000,9000
"Tamil Nadu",Vellore,"Vellore APMC","Bitter gourd","Bitter Gourd",Local,26/07/2026,5500,6500,6000
"Tamil Nadu",Vellore,"Vellore APMC",Pumpkin,Pumpkin,Local,26/07/2026,2000,2000,2000
"Tamil Nadu",Vellore,"Vellore APMC",Amaranthus,Amaranthus,Local,26/07/2026,4000,4000,4000
"Tamil Nadu",Vellore,"Vellore APMC",Cabbage,Cabbage,Local,26/07/2026,3000,3500,3250
"Tamil Nadu",Vellore,"Vellore APMC",Thondekai,Thondekai,Local,26/07/2026,3500,4000,3750
"Tamil Nadu",Vellore,"Vellore APMC",Guava,"Guava Allahabad",Local,26/07/2026,4000,4500,4250
"Tamil Nadu",Vellore,"Vellore APMC",Marigold(Calcutta),Marigold(Calcutta),Local,26/07/2026,30000,32000,31000
"Tamil Nadu",Vellore,"Vellore APMC",Yam(Ratalu),"Yam (Ratalu)",Local,26/07/2026,4500,5500,5000
"Tamil Nadu",Vellore,"Vellore APMC","Amla(Nelli Kai)",Amla,Local,26/07/2026,8000,9000,8500
"Tamil Nadu",Vellore,"Vellore APMC",Rose(Local),"Rose (Local)",Local,26/07/2026,12000,13000,12500
Chattisgarh,Surajpur,"Surajpur APMC",Paddy(Common),Mahamaya,FAQ,26/07/2026,2369,2369,2369
Bihar,Sheikhpura,"Shekhpura APMC","Bottle gourd","Bottle Gourd",FAQ,26/07/2026,2125,2235,2165
"Tamil Nadu",Dharmapuri,"Harur(Uzhavar Sandhai )",Garlic,Garlic,Local,26/07/2026,20000,22000,21000
"Tamil Nadu",Dharmapuri,"Harur(Uzhavar Sandhai )",Banana,Karpura,Local,26/07/2026,4000,5000,4500
"Tamil Nadu",Dharmapuri,"Harur(Uzhavar Sandhai )",Papaya,Papaya,Local,26/07/2026,2000,2500,2250
"Tamil Nadu",Dharmapuri,"Harur(Uzhavar Sandhai )","Cluster beans","Cluster Beans",Local,26/07/2026,3500,4000,3750
"Tamil Nadu",Dharmapuri,"Harur(Uzhavar Sandhai )",Amaranthus,Amaranthus,Local,26/07/2026,2500,3000,2750
"Tamil Nadu",Dharmapuri,"Harur(Uzhavar Sandhai )","Chow Chow","Chow Chow",Local,26/07/2026,4000,5000,4500
"Tamil Nadu",Dharmapuri,"Harur(Uzhavar Sandhai )","Onion Green","Onion Green",Local,26/07/2026,5000,5500,5250
"Tamil Nadu",Krishnagiri,"Kaveripattinam(Uzhavar Sandhai )",Banana,Besrai,Local,26/07/2026,4000,7000,5500
"Tamil Nadu",Krishnagiri,"Kaveripattinam(Uzhavar Sandhai )","Cluster beans","Cluster Beans",Local,26/07/2026,4000,4000,4000
"Tamil Nadu",Krishnagiri,"Kaveripattinam(Uzhavar Sandhai )",Amaranthus,Amaranthus,Local,26/07/2026,2000,2500,2250
"Tamil Nadu",Krishnagiri,"Kaveripattinam(Uzhavar Sandhai )",Carrot,Pusakesar,Local,26/07/2026,8000,8000,8000
"Tamil Nadu",Krishnagiri,"Kaveripattinam(Uzhavar Sandhai )",Ridgeguard(Tori),Ridgeguard(Tori),Local,26/07/2026,6000,6000,6000
"Tamil Nadu",Krishnagiri,"Kaveripattinam(Uzhavar Sandhai )","Chow Chow","Chow Chow",Local,26/07/2026,4000,4000,4000
"Tamil Nadu",Krishnagiri,"Kaveripattinam(Uzhavar Sandhai )",Lemon,Lemon,Local,26/07/2026,6000,6000,6000
"Tamil Nadu",Krishnagiri,"Kaveripattinam(Uzhavar Sandhai )",Mint(Pudina),Mint(Pudina),Local,26/07/2026,6000,6000,6000
"Tamil Nadu","The Nilgiris","Coonoor(Uzhavar Sandhai )",Banana,"Red Banana",Local,26/07/2026,7500,8000,7750
"Tamil Nadu","The Nilgiris","Coonoor(Uzhavar Sandhai )","Cluster beans","Cluster Beans",Local,26/07/2026,3400,3800,3600
"Tamil Nadu","The Nilgiris","Coonoor(Uzhavar Sandhai )","Green Chilli","Green Chilly",Local,26/07/2026,4400,4800,4600
"Tamil Nadu","The Nilgiris","Coonoor(Uzhavar Sandhai )",Beans,"Beans (Whole)",Local,26/07/2026,6500,7000,6750
"Tamil Nadu","The Nilgiris","Coonoor(Uzhavar Sandhai )","Chow Chow","Chow Chow",Local,26/07/2026,2200,2500,2350
"Tamil Nadu","The Nilgiris","Gudalur(Uzhavar Sandhai )","Bitter gourd","Bitter Gourd",Local,26/07/2026,5500,6000,5750
"Tamil Nadu","The Nilgiris","Gudalur(Uzhavar Sandhai )",Pumpkin,Pumpkin,Local,26/07/2026,1500,2000,1750
"Tamil Nadu","The Nilgiris","Gudalur(Uzhavar Sandhai )","Banana - Green","Banana - Green",Local,26/07/2026,4000,4500,4250
"Tamil Nadu","The Nilgiris","Gudalur(Uzhavar Sandhai )",Ginger(Green),"Green Ginger",Local,26/07/2026,17000,18000,17500
"Tamil Nadu","The Nilgiris","Gudalur(Uzhavar Sandhai )",Ridgeguard(Tori),Ridgeguard(Tori),Local,26/07/2026,5000,5400,5200
"Tamil Nadu","The Nilgiris","Gudalur(Uzhavar Sandhai )","Chow Chow","Chow Chow",Local,26/07/2026,2000,2500,2250
"Tamil Nadu","The Nilgiris","Gudalur(Uzhavar Sandhai )",Turnip,Turnip,Local,26/07/2026,3000,3500,3250
"Himachal Pradesh",Kullu,"SMY Bhuntar",Ginger(Green),Other,FAQ,26/07/2026,13000,18000,15000
"Himachal Pradesh",Kullu,"SMY Bhuntar",Spinach,Other,FAQ,26/07/2026,2000,2200,2100
"Himachal Pradesh",Kullu,"SMY Bhuntar",Raddish,Other,FAQ,26/07/2026,1700,2200,2000
"Himachal Pradesh",Kullu,"SMY Bhuntar",Papaya,Other,Medium,26/07/2026,5400,5800,5600
"Himachal Pradesh",Kullu,"SMY Bhuntar",Garlic,Other,FAQ,26/07/2026,8000,20000,14000
"Himachal Pradesh",Kullu,"SMY Bhuntar",Cauliflower,Other,FAQ,26/07/2026,3500,4000,3800
"Himachal Pradesh",Kullu,"SMY Bhuntar",Cucumbar(Kheera),Other,FAQ,26/07/2026,2000,3200,2600
"Uttar Pradesh",Agra,"Agra APMC","Green Chilli",Other,FAQ,26/07/2026,1150,1200,1180
Punjab,Tarntaran,"Patti APMC","Round gourd",Other,Local,26/07/2026,400,400,400
Punjab,Tarntaran,"Patti APMC",Garlic,Other,Local,26/07/2026,120,120,120
Punjab,Tarntaran,"Patti APMC","Bhindi(Ladies Finger)",Other,Local,26/07/2026,1.05,1.05,1.05
Punjab,Tarntaran,"Patti APMC",Cucumbar(Kheera),Cucumbar,Local,26/07/2026,1,1,1
Uttarakhand,Dehradoon,"Vikasnagar APMC","Bitter gourd",Other,Medium,26/07/2026,600,1600,1600
Uttarakhand,Dehradoon,"Vikasnagar APMC",Mango,Other,Medium,26/07/2026,400,1000,1000
Uttarakhand,Dehradoon,"Vikasnagar APMC","Sponge gourd",Other,Medium,26/07/2026,600,800,800
Uttarakhand,Dehradoon,"Vikasnagar APMC",Potato,Other,Medium,26/07/2026,400,600,600
Haryana,Faridabad,"Ballabhgarh APMC",Onion,Onion,FAQ,26/07/2026,2000,2000,2000
Haryana,Faridabad,"Ballabhgarh APMC",Ridgeguard(Tori),Other,FAQ,26/07/2026,1800,2200,2000
Haryana,Faridabad,"Ballabhgarh APMC",Ginger(Green),"Green Ginger",FAQ,26/07/2026,9000,9000,9000
Haryana,Faridabad,"Ballabhgarh APMC",Raddish,Other,FAQ,26/07/2026,1500,2000,1800
Haryana,Faridabad,"Ballabhgarh APMC",Cauliflower,Cauliflower,FAQ,26/07/2026,2500,3500,3000
Odisha,Puri,"Nimapara APMC",Onion,Onion,"Grade A",26/07/2026,3000,3000,3000
Odisha,Puri,"Nimapara APMC",Papaya(Raw),Other,"Grade A",26/07/2026,2000,2000,2000
Haryana,Hissar,"Hansi APMC",Pomegranate,Other,"Grade B",26/07/2026,10000,20000,15000
Haryana,Hissar,"Hansi APMC","Mousambi(Sweet Lime)",Other,"Grade B",26/07/2026,3500,4000,3750
Haryana,Hissar,"Hansi APMC",Cucumbar(Kheera),Other,FAQ,26/07/2026,2000,2500,2250
Haryana,Hissar,"Hansi APMC",Apple,Other,"Grade B",26/07/2026,10000,20000,15000
Haryana,Hissar,"Hansi APMC",Pineapple,Other,"Grade B",26/07/2026,3000,4000,3500
Haryana,Hissar,"Hansi APMC",Potato,Other,FAQ,26/07/2026,900,4000,1200
Haryana,Hissar,"Hansi APMC",Tinda,Other,FAQ,26/07/2026,1500,2000,1750
Uttarakhand,Udhamsinghnagar,"Jaspur(UC) APMC","Bottle gourd",Other,FAQ,26/07/2026,1400,1800,1600
Uttarakhand,Udhamsinghnagar,"Jaspur(UC) APMC",Cucumbar(Kheera),Cucumbar,FAQ,26/07/2026,1800,2400,2200
Uttarakhand,Haridwar,"Bhagwanpur(Naveen Mandi Sthal) APMC",Pumpkin,Other,"Grade A",26/07/2026,500,600,560
Uttarakhand,Haridwar,"Bhagwanpur(Naveen Mandi Sthal) APMC",Brinjal,Other,"Grade A",26/07/2026,600,700,680
Keralam,Kozhikode(Calicut),"Mukkom Market",Cowpea(Veg),"Cowpea (Veg)",FAQ,26/07/2026,5200,6000,5400
Keralam,Kozhikode(Calicut),"Mukkom Market",Ginger(Green),"Green Ginger",FAQ,26/07/2026,20000,20500,20300
Keralam,Kozhikode(Calicut),"Mukkom Market",Coconut,Other,FAQ,26/07/2026,5100,5300,5200
Keralam,Kozhikode(Calicut),"Mukkom Market",Grapes,Other,Large,26/07/2026,8000,9000,8500
Telangana,Hyderabad,"RYTHU BAZAR FALAKNUMA",Ridgeguard(Tori),Ridgeguard(Tori),"Grade B",26/07/2026,4000,4000,4000
Telangana,Hyderabad,"RYTHU BAZAR FALAKNUMA",Brinjal,Brinjal,"Grade B",26/07/2026,2300,2300,2300
Telangana,Hyderabad,"RYTHU BAZAR FALAKNUMA",Carrot,Carrot,"Grade B",26/07/2026,4100,4100,4100
Telangana,Hyderabad,"RYTHU BAZAR FALAKNUMA",Onion,Onion,"Grade B",26/07/2026,3200,3200,3200
Telangana,Hyderabad,"RYTHU BAZAR FALAKNUMA",Drumstick,Drumstick,"Grade A",26/07/2026,4500,4500,4500
Telangana,Hyderabad,"RYTHU BAZAR FALAKNUMA","French Beans(Frasbean)","French Beans (Frasbean)","Grade B",26/07/2026,6500,6500,6500
Telangana,Hyderabad,"RYTHU BAZAR FALAKNUMA","Other green and fresh vegetables",Other,"Grade A",26/07/2026,1800,1800,1800
"Andhra Pradesh",Annamayya,"Somala APMC",Tomato,Tomato,FAQ,26/07/2026,1200,1800,1500
"Andhra Pradesh",Eluru,"Kalidindi APMC",Paddy(Common),MTU-1001,Local,26/07/2026,2440,2440,2440
Keralam,Kollam,"Anchal Market",Papaya,Other,Local,26/07/2026,3700,3700,3700
Keralam,Kollam,"Anchal Market",Amaranthus,Amaranthus,Local,26/07/2026,4300,4300,4300
Keralam,Kollam,"Anchal Market",Beetroot,Beetroot,Local,26/07/2026,3800,3800,3800
Keralam,Kollam,"Anchal Market","Bitter gourd","Bitter Gourd",Local,26/07/2026,7700,7700,7700
Keralam,Kollam,"Anchal Market",Carrot,Carrot,Local,26/07/2026,5300,5300,5300
Keralam,Kollam,"Anchal Market",Banana,"Red Banana",Medium,26/07/2026,6300,6300,6300
Keralam,Kollam,"Anchal Market",Capsicum,Capsicum,Local,26/07/2026,6500,6500,6500
Keralam,Kollam,"Anchal Market",Banana,Palayamthodan,Local,26/07/2026,3600,3600,3600
Keralam,Kollam,"Anchal Market",Banana,Robusta,Medium,26/07/2026,4300,4300,4300
Keralam,Kollam,"Anchal Market",Drumstick,Drumstick,Local,26/07/2026,7600,7600,7600
"Andhra Pradesh",NTR,"Nandigama APMC","Dry Chillies","Dry Chillies","Grade Range-1",26/07/2026,20120,20120,20120
Rajasthan,Jalore,"Jalore APMC",Brinjal,Brinjal,Local,26/07/2026,400,550,500
Rajasthan,Jalore,"Jalore APMC","Bhindi(Ladies Finger)",Bhindi,Local,26/07/2026,1000,1200,1100
Rajasthan,Jalore,"Jalore APMC","Green Chilli","Green Chilly",Local,26/07/2026,1100,1300,1200
"Andhra Pradesh",Nandyal,"Atmakur (Nandyal District) APMC",Paddy(Common),Sona,FAQ,26/07/2026,2380,2380,2380
Keralam,Kottayam,"Ettumanoor Market","Little gourd(Kundru)",Other,FAQ,26/07/2026,5000,5400,5200
Keralam,Kottayam,"Ettumanoor Market",Beetroot,Beetroot,FAQ,26/07/2026,4300,4700,4500
Keralam,Kottayam,"Ettumanoor Market",Capsicum,Other,FAQ,26/07/2026,8500,9500,9000
Keralam,Kottayam,"Ettumanoor Market",Potato,Potato,FAQ,26/07/2026,3000,3400,3200
Keralam,Kottayam,"Ettumanoor Market",Snakeguard,Snakeguard,FAQ,26/07/2026,3000,3400,3200
Keralam,Thirssur,"Marottichal  VFPCK Market",Banana,"Nendra Bale","Grade A",26/07/2026,4100,4400,4200
"Tamil Nadu",Thanjavur,"Tirukattupalli(Uzhavar Sandhai )","Bitter gourd","Bitter Gourd",Local,26/07/2026,3200,3200,3200
"Tamil Nadu",Thanjavur,"Tirukattupalli(Uzhavar Sandhai )",Pumpkin,Pumpkin,Local,26/07/2026,2400,2400,2400
"Tamil Nadu",Thanjavur,"Tirukattupalli(Uzhavar Sandhai )","Green Chilli","Green Chilly",Local,26/07/2026,4600,4600,4600
"Tamil Nadu",Thanjavur,"Tirukattupalli(Uzhavar Sandhai )",Snakeguard,Snakeguard,Local,26/07/2026,4000,5000,4500
"Tamil Nadu",Thanjavur,"Tirukattupalli(Uzhavar Sandhai )",Mango(Raw-Ripe),"Mango - Raw-Ripe",Local,26/07/2026,3400,3400,3400
"Tamil Nadu",Thanjavur,"Tirukattupalli(Uzhavar Sandhai )","Onion Green","Onion Green",Local,26/07/2026,6000,6000,6000
"Tamil Nadu",Thiruchirappalli,"Thuraiyur APMC",Brinjal,Other,Local,26/07/2026,3500,4000,3750
"Tamil Nadu",Thiruchirappalli,"Thuraiyur APMC","Bitter gourd",Other,Local,26/07/2026,5600,6600,6100
"Tamil Nadu",Thiruchirappalli,"Thuraiyur APMC","Bhindi(Ladies Finger)",Bhindi,Local,26/07/2026,3000,3500,3250
"Tamil Nadu",Thiruchirappalli,"Thuraiyur APMC",Coconut,Coconut,Local,26/07/2026,5500,6500,6000
"Tamil Nadu",Thiruchirappalli,"Thuraiyur APMC","Sweet Potato","Hosur Red",Local,26/07/2026,4000,4500,4250
"Tamil Nadu",Thiruchirappalli,"Thuraiyur APMC",Cabbage,Cabbage,Local,26/07/2026,3500,4000,3750
"Tamil Nadu",Thiruchirappalli,"Thuraiyur APMC",Ridgeguard(Tori),Ridgeguard(Tori),Local,26/07/2026,5500,6600,6050
"Tamil Nadu",Thiruchirappalli,"Thuraiyur APMC",Raddish,Raddish,Local,26/07/2026,3500,4000,3750
"Tamil Nadu",Thiruchirappalli,"Thuraiyur APMC",Guava,"Guava Allahabad",Local,26/07/2026,6000,7000,6500
Karnataka,Koppal,"Kustagi APMC","Kulthi(Horse Gram)","Horse gram (Whole)",Medium,26/07/2026,4900,4900,4900
Karnataka,Koppal,"Kustagi APMC","Castor Seed","Castor seed",Medium,26/07/2026,6800,6800,680
Karnataka,Koppal,"Kustagi APMC",Cowpea(Lobia/Karamani),"Cowpea (Whole)",Medium,26/07/2026,6000,8800,8329
"Tamil Nadu",Villupuram,"Tindivanam APMC",Groundnut,"Big (With Shell)",Local,26/07/2026,7000,7000,7000
"Tamil Nadu",Villupuram,"Tindivanam APMC",Chikoos(Sapota),Sapota,Local,26/07/2026,6000,6000,6000
"Tamil Nadu",Villupuram,"Tindivanam APMC",Beans,"Beans (Whole)",Local,26/07/2026,7800,7800,7800
"Tamil Nadu",Villupuram,"Tindivanam APMC",Coconut,Coconut,Local,26/07/2026,5500,5500,5500
"Tamil Nadu",Villupuram,"Tindivanam APMC",Raddish,Raddish,Local,26/07/2026,4600,4600,4600
"Tamil Nadu",Villupuram,"Tindivanam APMC",Marigold(Calcutta),Marigold(Calcutta),Local,26/07/2026,40000,40000,40000
"Tamil Nadu",Villupuram,"Tindivanam APMC",Lemon,Lemon,Local,26/07/2026,7000,7000,7000
"Tamil Nadu",Villupuram,"Tindivanam APMC","Onion Green","Onion Green",Local,26/07/2026,5800,5800,5800
"Tamil Nadu",Villupuram,"Ulundurpettai APMC",Potato,"Red Nanital",Local,26/07/2026,4000,4000,4000
"Tamil Nadu",Villupuram,"Ulundurpettai APMC","Cluster beans","Cluster Beans",Local,26/07/2026,6000,6000,6000
"Tamil Nadu",Villupuram,"Ulundurpettai APMC",Amaranthus,Amaranthus,Local,26/07/2026,2500,2500,2500
"Tamil Nadu",Villupuram,"Ulundurpettai APMC",Guava,"Guava Allahabad",Local,26/07/2026,5000,5000,5000
"Tamil Nadu",Villupuram,"Ulundurpettai APMC","Elephant Yam(Suran)/Amorphophallus","Elephant Yam (Suran)",Local,26/07/2026,6000,6000,6000
"Tamil Nadu",Villupuram,"Ulundurpettai APMC",Lemon,Lemon,Local,26/07/2026,5000,5000,5000
Maharashtra,"Chattrapati Sambhajinagar","Chattrapati Sambhajinagar APMC",Guava,Other,Local,26/07/2026,3000,6000,4500
Maharashtra,"Chattrapati Sambhajinagar","Chattrapati Sambhajinagar APMC",Drumstick,Other,Local,26/07/2026,3000,4500,3750
Maharashtra,"Chattrapati Sambhajinagar","Chattrapati Sambhajinagar APMC","Green Chilli",Other,Local,26/07/2026,3500,5000,4250
"Uttar Pradesh",Etah,"Etah APMC",Groundnut,Other,FAQ,26/07/2026,6400,6900,6647.12
Maharashtra,Gadchiroli,"Armori(Desaiganj) APMC",Paddy(Common),Other,FAQ,26/07/2026,2600,3400,2993
Maharashtra,Pune,"Pune APMC",Apple,Other,Local,26/07/2026,4000,11000,7500
Maharashtra,Pune,"Pune APMC",Seetapal,Other,Local,26/07/2026,3000,7000,5000
Maharashtra,Pune,"Pune APMC","Amla(Nelli Kai)",Other,Local,26/07/2026,3000,5000,4000
Maharashtra,Pune,"Pune APMC","Karbuja(Musk Melon)",Other,Local,26/07/2026,2500,4000,3200
Maharashtra,Pune,"Pune APMC",Potato,Local,Local,26/07/2026,700,1500,1100
Maharashtra,Pune,"Pune APMC","Sweet Pumpkin",Other,Local,26/07/2026,800,1500,1150
Maharashtra,Pune,"Pune APMC","Bottle gourd",Other,Local,26/07/2026,1000,3500,2250
Maharashtra,Pune,"Pune APMC",Cauliflower,Other,Local,26/07/2026,1000,2200,1600
Maharashtra,Pune,"Pune APMC","Bitter gourd",Other,Local,26/07/2026,1200,4000,2600
Maharashtra,Pune,"Pune APMC",Cabbage,Other,Local,26/07/2026,1000,2000,1500
Maharashtra,Pune,"Pune APMC","Sweet Potato",Other,Local,26/07/2026,1500,3500,2500
Maharashtra,Pune,"Pune APMC","Peas Wet",Other,Local,26/07/2026,5000,12000,8500
Maharashtra,Pune,"Pune APMC","Green Chilli",Other,Local,26/07/2026,2500,5000,3750
Maharashtra,Pune,"Pune(Moshi) APMC",Plum,Other,Local,26/07/2026,10000,10000,10000
Maharashtra,Pune,"Pune(Moshi) APMC",Apple,Other,Local,26/07/2026,18000,20000,19000
Maharashtra,Pune,"Pune(Moshi) APMC","Amla(Nelli Kai)",Other,Local,26/07/2026,4000,4000,4000
Maharashtra,Pune,"Pune(Moshi) APMC","Chilly Capsicum",Other,Local,26/07/2026,4000,4000,4000
Maharashtra,Pune,"Pune(Moshi) APMC",Drumstick,Other,Local,26/07/2026,5000,6000,5500
Maharashtra,Pune,"Pune(Moshi) APMC",Tomato,Local,Local,26/07/2026,1500,2000,1750
Maharashtra,Pune,"Pune(Moshi) APMC","Little gourd(Kundru)",Other,Local,26/07/2026,3000,3000,3000
Maharashtra,Pune,"Pune(Moshi) APMC",Brinjal,Other,Local,26/07/2026,2000,3000,2500
Maharashtra,Pune,"Pune(Moshi) APMC","Green Chilli",Other,Local,26/07/2026,5000,6000,5500
"Uttar Pradesh",Etah,"Aliganj APMC",Maize,Other,FAQ,26/07/2026,1800,1900,1848.78
"Uttar Pradesh",Etah,"Aliganj APMC",Tobacco,Other,FAQ,26/07/2026,1000,1500,1188.73
"Uttar Pradesh",Aligarh,"Aligarh APMC",Maize,Other,FAQ,26/07/2026,1950,1950,1950
"Uttar Pradesh",Aligarh,"Aligarh APMC",Wheat,Other,FAQ,26/07/2026,2500,2500,2500
"Uttar Pradesh",Azamgarh,"Azamgarh APMC",Onion,Other,FAQ,26/07/2026,1000,1000,1000
"Uttar Pradesh",Farukhabad,"Farukhabad APMC",Potato,Other,FAQ,26/07/2026,615,635,623.77
"Uttar Pradesh","Bhadohi(Sant Ravi Nagar)","Gopiganj APMC",Rice,Common,FAQ,26/07/2026,2300,2300,2300
"Uttar Pradesh",Jhansi,"Jhansi APMC",gulli,Other,FAQ,26/07/2026,4950,5400,5076.91
"Uttar Pradesh",Farukhabad,"Kayamganj APMC",Wood,Other,FAQ,26/07/2026,700,700,700
"Uttar Pradesh",Farukhabad,"Kayamganj APMC",Tobacco,Other,FAQ,26/07/2026,1800,1800,1800
Karnataka,Chitradurga,"Hiriyur APMC","Ground Nut Seed","Ground Nut Seed",Medium,26/07/2026,12000,12000,12000
Gujarat,Amreli,"Damnagar APMC","Green Chilli","Green Chilly",Local,26/07/2026,5000,5000,5000
Gujarat,Amreli,"Damnagar APMC",Guar,Gwar,Local,26/07/2026,3500,3500,3500
Gujarat,Amreli,"Damnagar APMC",Coriander(Leaves),Coriander,Local,26/07/2026,9000,9000,9000
Gujarat,Rajkot,"Gondal(Veg.market Gondal) APMC","Bhindi(Ladies Finger)",Bhindi,Local,26/07/2026,1000,4000,2500
"Tamil Nadu",Madurai,"Chokkikulam(Uzhavar Sandhai )",Apple,American,Local,26/07/2026,18000,27000,22500
"Tamil Nadu",Madurai,"Chokkikulam(Uzhavar Sandhai )","Betal Leaves",Mysore,Local,26/07/2026,18000,24000,21000
"Tamil Nadu",Madurai,"Chokkikulam(Uzhavar Sandhai )",Cabbage,Cabbage,Local,26/07/2026,3000,3600,3300
"Tamil Nadu",Madurai,"Chokkikulam(Uzhavar Sandhai )","Green Avare(W)","Green Avare (W)",Local,26/07/2026,7000,9500,8250
"Tamil Nadu",Madurai,"Chokkikulam(Uzhavar Sandhai )",Lemon,Lemon,Local,26/07/2026,5000,6000,5500
"Tamil Nadu",Madurai,"Chokkikulam(Uzhavar Sandhai )",Mashrooms,Mashrooms,Local,26/07/2026,22500,25000,23750
"Tamil Nadu",Madurai,"Chokkikulam(Uzhavar Sandhai )","Amla(Nelli Kai)",Amla,Local,26/07/2026,6000,6500,6250
"Uttar Pradesh",Ghaziabad,"Noida APMC",Capsicum,Other,FAQ,26/07/2026,3500,3500,3500
"Uttar Pradesh",Ghaziabad,"Noida APMC",Rice,Common,FAQ,26/07/2026,4490,11315,5656.12
"Uttar Pradesh",Ghaziabad,"Noida APMC",Groundnut,Other,FAQ,26/07/2026,15576,17886,16022.06
"Andhra Pradesh",NTR,"Mylavaram APMC",Paddy(Common),1001,FAQ,26/07/2026,2369,2369,2369
Telangana,Warangal,"Warangal APMC",Carrot,Carrot,FAQ,26/07/2026,3500,4000,3750
Telangana,Warangal,"Warangal APMC",Cucumbar(Kheera),Cucumbar,FAQ,26/07/2026,2000,2500,2250
Telangana,Warangal,"Warangal APMC",Ridgeguard(Tori),Ridgeguard(Tori),FAQ,26/07/2026,2500,3000,2750
Telangana,Warangal,"Warangal APMC",Tomato,Tomato,FAQ,26/07/2026,1000,1400,1200
"Andhra Pradesh",Prakasam,"Addanki APMC",Paddy(Common),Other,Local,26/07/2026,2390,2430,2400
"Uttar Pradesh",Kanpur,"Kanpur(Grain) APMC",Tomato,Other,FAQ,26/07/2026,2100,2100,2100
"Uttar Pradesh",Kanpur,"Kanpur(Grain) APMC",Tobacco,Other,FAQ,26/07/2026,2000,2000,2000
"Uttar Pradesh",Shahjahanpur,"Shahjahanpur APMC",Maize,Other,FAQ,26/07/2026,1600,1600,1600
Uttarakhand,Haridwar,"Roorkee APMC",Banana,Other,Medium,26/07/2026,800,1300,1000
Odisha,Sonepur,"Dungurapalli APMC","Little gourd(Kundru)",Other,Local,26/07/2026,3500,4000,3680
Maharashtra,Raigad,"Alibagh APMC",Rice,Other,Local,26/07/2026,4000,4500,4250
"Tamil Nadu",Cuddalore,"Viruthachalam(Uzhavar Sandhai )",Banana,Besrai,Local,26/07/2026,4000,7000,5500
"Tamil Nadu",Cuddalore,"Viruthachalam(Uzhavar Sandhai )","Cluster beans","Cluster Beans",Local,26/07/2026,4000,4000,4000
"Tamil Nadu",Cuddalore,"Viruthachalam(Uzhavar Sandhai )",Raddish,Raddish,Local,26/07/2026,4000,4000,4000
"Tamil Nadu",Cuddalore,"Viruthachalam(Uzhavar Sandhai )",Lemon,Lemon,Local,26/07/2026,6000,6000,6000
"Tamil Nadu",Cuddalore,"Viruthachalam(Uzhavar Sandhai )",Mint(Pudina),Mint(Pudina),Local,26/07/2026,6000,6000,6000
"Tamil Nadu",Dharmapuri,"Dharmapuri(Uzhavar Sandhai )","Water Melon","Water Melon",Local,26/07/2026,1800,2000,1900
"Tamil Nadu",Dharmapuri,"Dharmapuri(Uzhavar Sandhai )","Bitter gourd","Bitter Gourd",Local,26/07/2026,4600,5000,4800
"Tamil Nadu",Dharmapuri,"Dharmapuri(Uzhavar Sandhai )",Cabbage,Cabbage,Local,26/07/2026,4200,4400,4300
"Tamil Nadu",Dharmapuri,"Dharmapuri(Uzhavar Sandhai )",Cucumbar(Kheera),Cucumbar,Local,26/07/2026,4200,4500,4350
"Tamil Nadu",Dharmapuri,"Dharmapuri(Uzhavar Sandhai )","Tender Coconut","Tender Coconut",Local,26/07/2026,2800,3000,2900
"Tamil Nadu",Dharmapuri,"Dharmapuri(Uzhavar Sandhai )","Tamarind Fruit","Tamarind Fruit",Local,26/07/2026,11000,11800,11400
"Tamil Nadu",Dharmapuri,"Dharmapuri(Uzhavar Sandhai )",Lemon,Lemon,Local,26/07/2026,10800,11500,11150
"Tamil Nadu",Dharmapuri,"Dharmapuri(Uzhavar Sandhai )","Amla(Nelli Kai)",Amla,Local,26/07/2026,5600,6000,5800
"Tamil Nadu",Dharmapuri,"Palacode(Uzhavar Sandhai )",Cauliflower,Ranchi,Local,26/07/2026,2500,3000,2750
"Tamil Nadu",Dharmapuri,"Palacode(Uzhavar Sandhai )",Potato,Other,Local,26/07/2026,2800,3000,2900
"Tamil Nadu",Dharmapuri,"Palacode(Uzhavar Sandhai )",Mango,Neelam,Local,26/07/2026,4000,4500,4250
"Tamil Nadu",Dharmapuri,"Palacode(Uzhavar Sandhai )",Brinjal,Other,Local,26/07/2026,3000,3500,3250
"Tamil Nadu",Dharmapuri,"Palacode(Uzhavar Sandhai )","Bitter gourd",Other,Local,26/07/2026,4500,4800,4650
"Tamil Nadu",Dharmapuri,"Palacode(Uzhavar Sandhai )",Amaranthus,Amaranthus,Local,26/07/2026,2000,2500,2250
"Tamil Nadu",Dharmapuri,"Palacode(Uzhavar Sandhai )","Green Chilli","Green Chilly",Local,26/07/2026,4200,4500,4350
"Tamil Nadu",Dharmapuri,"Palacode(Uzhavar Sandhai )",Beans,"Beans (Whole)",Local,26/07/2026,8500,9000,8750
"Tamil Nadu",Dharmapuri,"Palacode(Uzhavar Sandhai )",Cabbage,Cabbage,Local,26/07/2026,3600,4000,3800
"Tamil Nadu",Dharmapuri,"Palacode(Uzhavar Sandhai )",Drumstick,Drumstick,Local,26/07/2026,5500,6000,5750
"Tamil Nadu",Dharmapuri,"Palacode(Uzhavar Sandhai )",Mango(Raw-Ripe),"Mango - Raw-Ripe",Local,26/07/2026,2800,3000,2900
"Tamil Nadu",Dharmapuri,"Palacode(Uzhavar Sandhai )",Guava,"Guava Allahabad",Local,26/07/2026,5500,6000,5750
"Tamil Nadu",Dharmapuri,"Palacode(Uzhavar Sandhai )","Amla(Nelli Kai)",Amla,Local,26/07/2026,7500,8000,7750
"Tamil Nadu",Dharmapuri,"Pennagaram(Uzhavar Sandhai )",Potato,"Red Nanital",Local,26/07/2026,3300,3500,3400
"Tamil Nadu",Dharmapuri,"Pennagaram(Uzhavar Sandhai )",Brinjal,Round,Local,26/07/2026,3700,4000,3850
"Tamil Nadu",Dharmapuri,"Pennagaram(Uzhavar Sandhai )",Pumpkin,Pumpkin,Local,26/07/2026,1800,2000,1900
"Tamil Nadu",Dharmapuri,"Pennagaram(Uzhavar Sandhai )","Banana - Green","Banana - Green",Local,26/07/2026,2800,3000,2900
"Tamil Nadu",Dharmapuri,"Pennagaram(Uzhavar Sandhai )",Coconut,Coconut,Local,26/07/2026,4700,5000,4850
"Tamil Nadu",Dharmapuri,"Pennagaram(Uzhavar Sandhai )",Carrot,Pusakesar,Local,26/07/2026,7500,8000,7750
"Tamil Nadu",Dharmapuri,"Pennagaram(Uzhavar Sandhai )",Cabbage,Cabbage,Local,26/07/2026,4600,5000,4800
"Tamil Nadu",Dharmapuri,"Pennagaram(Uzhavar Sandhai )",Snakeguard,Snakeguard,Local,26/07/2026,3300,3500,3400
"Tamil Nadu",Dharmapuri,"Pennagaram(Uzhavar Sandhai )",Beetroot,Beetroot,Local,26/07/2026,4600,5000,4800
"Tamil Nadu",Dharmapuri,"Pennagaram(Uzhavar Sandhai )","Green Avare(W)","Green Avare (W)",Local,26/07/2026,6600,7000,6800
"Tamil Nadu",Dindigul,"Chinnalapatti(Uzhavar Sandhai )",Potato,"Red Nanital",Local,26/07/2026,3600,4000,3800
"Tamil Nadu",Dindigul,"Chinnalapatti(Uzhavar Sandhai )",Mango,Safeda,Local,26/07/2026,4000,5000,4500
"Tamil Nadu",Dindigul,"Chinnalapatti(Uzhavar Sandhai )","Bottle gourd","Bottle Gourd",Local,26/07/2026,2500,3000,2750
"Tamil Nadu",Dindigul,"Chinnalapatti(Uzhavar Sandhai )","Bhindi(Ladies Finger)",Bhindi,Local,26/07/2026,3600,4000,3800
"Tamil Nadu",Dindigul,"Chinnalapatti(Uzhavar Sandhai )",Ginger(Green),"Green Ginger",Local,26/07/2026,18000,18000,18000
"Tamil Nadu",Dindigul,"Chinnalapatti(Uzhavar Sandhai )",Carrot,Pusakesar,Local,26/07/2026,9000,10000,9500
"Tamil Nadu",Dindigul,"Dindigul(Uzhavar Sandhai )",Cauliflower,Ranchi,Local,26/07/2026,4000,5000,4500
"Tamil Nadu",Dindigul,"Dindigul(Uzhavar Sandhai )",Coriander(Leaves),"I Sort",Local,26/07/2026,5000,6000,5500
"Tamil Nadu",Dindigul,"Dindigul(Uzhavar Sandhai )",Chikoos(Sapota),Sapota,Local,26/07/2026,3000,3000,3000
"Tamil Nadu",Dindigul,"Dindigul(Uzhavar Sandhai )","Tamarind Fruit","Tamarind Fruit",Local,26/07/2026,12000,14000,13000
"Tamil Nadu",Dindigul,"Dindigul(Uzhavar Sandhai )","Onion Green","Onion Green",Local,26/07/2026,5000,6000,5500
"Tamil Nadu",Dindigul,"Dindigul(Uzhavar Sandhai )",Mint(Pudina),Mint(Pudina),Local,26/07/2026,4000,5000,4500
"Tamil Nadu",Erode,"Periyar Nagar(Uzhavar Sandhai )",Ashgourd,Gouard,Local,26/07/2026,2000,2400,2200
"Tamil Nadu",Erode,"Periyar Nagar(Uzhavar Sandhai )","Banana - Green","Banana - Green",Local,26/07/2026,3000,3500,3250
"Tamil Nadu",Erode,"Periyar Nagar(Uzhavar Sandhai )","Onion Green","Onion Green",Local,26/07/2026,4500,5000,4750
"Tamil Nadu",Erode,"Perundurai(Uzhavar Sandhai )",Mango,Safeda,Local,26/07/2026,5500,6000,5750
"Tamil Nadu",Erode,"Perundurai(Uzhavar Sandhai )",Tomato,Deshi,Local,26/07/2026,1800,2200,2000
"Tamil Nadu",Erode,"Perundurai(Uzhavar Sandhai )",Coconut,Coconut,Local,26/07/2026,4000,4500,4250
"Tamil Nadu",Erode,"Perundurai(Uzhavar Sandhai )",Ridgeguard(Tori),Ridgeguard(Tori),Local,26/07/2026,5000,5500,5250
"Tamil Nadu",Erode,"Perundurai(Uzhavar Sandhai )",Drumstick,Drumstick,Local,26/07/2026,5500,6000,5750
"Tamil Nadu",Erode,"Thalavadi(Uzhavar Sandhai )",Onion,Bellary,Local,26/07/2026,3500,4000,3750
"Tamil Nadu",Erode,"Thalavadi(Uzhavar Sandhai )",Potato,"Red Nanital",Local,26/07/2026,3000,3600,3300
"Tamil Nadu",Erode,"Thalavadi(Uzhavar Sandhai )",Amaranthus,Amaranthus,Local,26/07/2026,3500,4000,3750
"Tamil Nadu",Erode,"Thalavadi(Uzhavar Sandhai )","Banana - Green","Banana - Green",Local,26/07/2026,3000,3500,3250
"Tamil Nadu",Erode,"Thalavadi(Uzhavar Sandhai )",Coconut,Coconut,Local,26/07/2026,4400,4800,4600
"Tamil Nadu",Erode,"Thalavadi(Uzhavar Sandhai )","Sweet Potato","Hosur Red",Local,26/07/2026,2500,3000,2750
"Tamil Nadu",Erode,"Thalavadi(Uzhavar Sandhai )",Carrot,Pusakesar,Local,26/07/2026,7000,7800,7400
"Tamil Nadu",Erode,"Thalavadi(Uzhavar Sandhai )","Chow Chow","Chow Chow",Local,26/07/2026,2800,3200,3000
"Tamil Nadu",Kallakuruchi,"Sankarapuram(Uzhavar Sandhai )",Groundnut,"Big (With Shell)",Local,26/07/2026,7000,7000,7000
"Tamil Nadu",Kallakuruchi,"Sankarapuram(Uzhavar Sandhai )","Bitter gourd","Bitter Gourd",Local,26/07/2026,6000,6000,6000
"Tamil Nadu",Kallakuruchi,"Sankarapuram(Uzhavar Sandhai )","Green Chilli","Green Chilly",Local,26/07/2026,6000,6000,6000
"Tamil Nadu",Kallakuruchi,"Sankarapuram(Uzhavar Sandhai )","Banana - Green","Banana - Green",Local,26/07/2026,3000,3000,3000
"Tamil Nadu",Kallakuruchi,"Sankarapuram(Uzhavar Sandhai )",Tapioca,Tapioca,Local,26/07/2026,3000,3000,3000
"Tamil Nadu",Kallakuruchi,"Sankarapuram(Uzhavar Sandhai )",Carrot,Pusakesar,Local,26/07/2026,10000,10000,10000
"Tamil Nadu",Kallakuruchi,"Sankarapuram(Uzhavar Sandhai )",Snakeguard,Snakeguard,Local,26/07/2026,5000,5000,5000
"Tamil Nadu",Kallakuruchi,"Sankarapuram(Uzhavar Sandhai )","Elephant Yam(Suran)/Amorphophallus","Elephant Yam (Suran)",Local,26/07/2026,4000,4000,4000
"Tamil Nadu",Kallakuruchi,"Sankarapuram(Uzhavar Sandhai )","Amla(Nelli Kai)",Amla,Local,26/07/2026,7000,7000,7000
"Tamil Nadu",Kallakuruchi,"Sankarapuram(Uzhavar Sandhai )","Onion Green","Onion Green",Local,26/07/2026,5000,5000,5000
"Tamil Nadu",Kallakuruchi,"Sankarapuram(Uzhavar Sandhai )",Mint(Pudina),Mint(Pudina),Local,26/07/2026,3000,3000,3000
"Tamil Nadu",Krishnagiri,"Avallapalli(Uzhavar Sandhai )",Potato,"Red Nanital",Local,26/07/2026,2000,2500,2250
"Tamil Nadu",Krishnagiri,"Avallapalli(Uzhavar Sandhai )",Brinjal,Round,Local,26/07/2026,3500,4000,3750
"Tamil Nadu",Krishnagiri,"Avallapalli(Uzhavar Sandhai )","Bitter gourd","Bitter Gourd",Local,26/07/2026,5000,6000,5500
"Tamil Nadu",Krishnagiri,"Avallapalli(Uzhavar Sandhai )","Green Chilli","Green Chilly",Local,26/07/2026,5500,6000,5750
"Tamil Nadu",Krishnagiri,"Avallapalli(Uzhavar Sandhai )",Cowpea(Veg),"Cowpea (Veg)",Local,26/07/2026,5500,6000,5750
"Tamil Nadu",Krishnagiri,"Avallapalli(Uzhavar Sandhai )",Tapioca,Tapioca,Local,26/07/2026,3500,4000,3750
"Tamil Nadu",Krishnagiri,"Avallapalli(Uzhavar Sandhai )",Ginger(Green),"Green Ginger",Local,26/07/2026,16000,18000,17000
"Tamil Nadu",Krishnagiri,"Avallapalli(Uzhavar Sandhai )","Chow Chow","Chow Chow",Local,26/07/2026,3000,3500,3250
"Tamil Nadu",Krishnagiri,"Avallapalli(Uzhavar Sandhai )","Elephant Yam(Suran)/Amorphophallus","Elephant Yam (Suran)",Local,26/07/2026,4500,5000,4750
"Tamil Nadu",Krishnagiri,"Avallapalli(Uzhavar Sandhai )",Colacasia,Colacasia,Local,26/07/2026,5000,6000,5500
"Tamil Nadu",Dharmapuri,"Karimangalam(Uzhavar Sandhai)",Potato,Other,Local,26/07/2026,2800,3000,2900
"Tamil Nadu",Dharmapuri,"Karimangalam(Uzhavar Sandhai)",Mango,Safeda,Local,26/07/2026,3300,3500,3400
"Tamil Nadu",Dharmapuri,"Karimangalam(Uzhavar Sandhai)","Cluster beans","Cluster Beans",Local,26/07/2026,3800,4000,3900
"Tamil Nadu",Dharmapuri,"Karimangalam(Uzhavar Sandhai)",Ginger(Green),"Green Ginger",Local,26/07/2026,22000,24000,23000
"Tamil Nadu",Dharmapuri,"Karimangalam(Uzhavar Sandhai)",Thondekai,Thondekai,Local,26/07/2026,4500,5000,4750
"Tamil Nadu",Krishnagiri,"Denkanikottai(Uzhavar Sandhai )",Cauliflower,Ranchi,Local,26/07/2026,3500,4000,3750
"Tamil Nadu",Krishnagiri,"Denkanikottai(Uzhavar Sandhai )",Tomato,Deshi,Local,26/07/2026,1500,1700,1600
"Tamil Nadu",Krishnagiri,"Denkanikottai(Uzhavar Sandhai )","Sweet Potato","Hosur Red",Local,26/07/2026,4500,5000,4750
"Tamil Nadu",Krishnagiri,"Denkanikottai(Uzhavar Sandhai )",Ridgeguard(Tori),Ridgeguard(Tori),Local,26/07/2026,4500,5000,4750
"Tamil Nadu",Krishnagiri,"Denkanikottai(Uzhavar Sandhai )",Thondekai,Thondekai,Local,26/07/2026,4000,5000,4500
"Tamil Nadu",Krishnagiri,"Denkanikottai(Uzhavar Sandhai )","Knool Khol","Knool Khol",Local,26/07/2026,3500,4000,3750
"Tamil Nadu",Krishnagiri,"Hosur(Uzhavar Sandhai )",Potato,"Red Nanital",Local,26/07/2026,2000,2500,2250
"Tamil Nadu",Krishnagiri,"Hosur(Uzhavar Sandhai )",Groundnut,"Big (With Shell)",Local,26/07/2026,7000,8000,7500
"Tamil Nadu",Krishnagiri,"Hosur(Uzhavar Sandhai )",Chikoos(Sapota),Sapota,Local,26/07/2026,7000,8000,7500
"Tamil Nadu",Krishnagiri,"Hosur(Uzhavar Sandhai )",Papaya,Papaya,Local,26/07/2026,3000,3500,3250
"Tamil Nadu",Krishnagiri,"Hosur(Uzhavar Sandhai )",Cowpea(Veg),"Cowpea (Veg)",Local,26/07/2026,5000,6000,5500
"Tamil Nadu",Krishnagiri,"Hosur(Uzhavar Sandhai )","Banana - Green","Banana - Green",Local,26/07/2026,4000,5000,4500
"Tamil Nadu",Krishnagiri,"Hosur(Uzhavar Sandhai )",Ginger(Green),"Green Ginger",Local,26/07/2026,16000,18000,17000
"Tamil Nadu",Krishnagiri,"Hosur(Uzhavar Sandhai )",Beetroot,Beetroot,Local,26/07/2026,3500,4000,3750
"Tamil Nadu",Krishnagiri,"Hosur(Uzhavar Sandhai )",Cucumbar(Kheera),Cucumbar,Local,26/07/2026,3000,3500,3250
"Tamil Nadu",Krishnagiri,"Hosur(Uzhavar Sandhai )",Thondekai,Thondekai,Local,26/07/2026,3500,4000,3750
"Tamil Nadu",Krishnagiri,"Hosur(Uzhavar Sandhai )","Chow Chow","Chow Chow",Local,26/07/2026,2500,3000,2750
"Tamil Nadu",Krishnagiri,"Hosur(Uzhavar Sandhai )",Drumstick,Drumstick,Local,26/07/2026,4000,5000,4500
"Tamil Nadu",Krishnagiri,"Hosur(Uzhavar Sandhai )","Karbuja(Musk Melon)",Karbhuja,Local,26/07/2026,3000,3500,3250
"Tamil Nadu",Krishnagiri,"Hosur(Uzhavar Sandhai )",Jasmine,Jasmine,Local,26/07/2026,32000,36000,34000
"Tamil Nadu",Krishnagiri,"Hosur(Uzhavar Sandhai )",Yam(Ratalu),"Yam (Ratalu)",Local,26/07/2026,4000,5000,4500
"Tamil Nadu",Krishnagiri,"Hosur(Uzhavar Sandhai )",Lemon,Lemon,Local,26/07/2026,8000,10000,9000
"Tamil Nadu",Krishnagiri,"Hosur(Uzhavar Sandhai )",Colacasia,Colacasia,Local,26/07/2026,5000,6000,5500
"Tamil Nadu",Krishnagiri,"Krishnagiri(Uzhavar Sandhai )",Garlic,Garlic,Local,26/07/2026,20000,24000,22000
"Tamil Nadu",Krishnagiri,"Krishnagiri(Uzhavar Sandhai )",Papaya,Papaya,Local,26/07/2026,2400,2800,2600
"Tamil Nadu",Krishnagiri,"Krishnagiri(Uzhavar Sandhai )","Cluster beans","Cluster Beans",Local,26/07/2026,3500,4000,3750
"Tamil Nadu",Krishnagiri,"Krishnagiri(Uzhavar Sandhai )","Bitter gourd","Bitter Gourd",Local,26/07/2026,4000,4400,4200
"Tamil Nadu",Krishnagiri,"Krishnagiri(Uzhavar Sandhai )",Beans,"Beans (Whole)",Local,26/07/2026,7000,8000,7500
"Tamil Nadu",Krishnagiri,"Krishnagiri(Uzhavar Sandhai )",Ginger(Green),"Green Ginger",Local,26/07/2026,16000,18000,17000
"Tamil Nadu",Krishnagiri,"Krishnagiri(Uzhavar Sandhai )",Coconut,Coconut,Local,26/07/2026,4500,5000,4750
"Tamil Nadu",Krishnagiri,"Krishnagiri(Uzhavar Sandhai )",Cabbage,Cabbage,Local,26/07/2026,3500,4000,3750
"Tamil Nadu",Krishnagiri,"Krishnagiri(Uzhavar Sandhai )",Thondekai,Thondekai,Local,26/07/2026,4500,5000,4750
"Tamil Nadu",Madurai,"Anaiyur(Uzhavar Sandhai )",Groundnut,"Big (With Shell)",Local,26/07/2026,6000,7000,6500
"Tamil Nadu",Madurai,"Anaiyur(Uzhavar Sandhai )",Mango,Safeda,Local,26/07/2026,4000,7000,5500
"Tamil Nadu",Madurai,"Anaiyur(Uzhavar Sandhai )","Bitter gourd","Bitter Gourd",Local,26/07/2026,6000,7000,6500
"Tamil Nadu",Madurai,"Anaiyur(Uzhavar Sandhai )","Banana - Green","Banana - Green",Local,26/07/2026,2000,2400,2200
"Tamil Nadu",Madurai,"Anaiyur(Uzhavar Sandhai )","Sweet Potato","Hosur Red",Local,26/07/2026,3600,4000,3800
"Tamil Nadu",Madurai,"Anaiyur(Uzhavar Sandhai )",Beetroot,Beetroot,Local,26/07/2026,5000,5500,5250
"Tamil Nadu",Madurai,"Anaiyur(Uzhavar Sandhai )",Cucumbar(Kheera),Cucumbar,Local,26/07/2026,4000,5000,4500
"Tamil Nadu",Madurai,"Anaiyur(Uzhavar Sandhai )",Raddish,Raddish,Local,26/07/2026,3000,3500,3250
"Tamil Nadu",Madurai,"Anaiyur(Uzhavar Sandhai )",Capsicum,Capsicum,Local,26/07/2026,9000,10000,9500
"Tamil Nadu",Madurai,"Anaiyur(Uzhavar Sandhai )",Mango(Raw-Ripe),"Mango - Raw-Ripe",Local,26/07/2026,2000,3500,2750
"Tamil Nadu",Madurai,"Anaiyur(Uzhavar Sandhai )",Guava,"Guava Allahabad",Local,26/07/2026,7000,8000,7500
"Tamil Nadu",Madurai,"Anaiyur(Uzhavar Sandhai )","Onion Green","Onion Green",Local,26/07/2026,5500,6000,5750
"Tamil Nadu",Madurai,"Usilampatti(Uzhavar Sandhai )",Ashgourd,Gouard,Local,26/07/2026,2400,2600,2500
"Tamil Nadu",Madurai,"Usilampatti(Uzhavar Sandhai )",Drumstick,Drumstick,Local,26/07/2026,6000,7000,6500
"Tamil Nadu",Nagapattinam,"Nagapattinam(Uzhavar Sandhai )",Garlic,Garlic,Local,26/07/2026,18300,18300,18300
"Tamil Nadu",Nagapattinam,"Nagapattinam(Uzhavar Sandhai )",Papaya,Papaya,Local,26/07/2026,3800,3800,3800
"Tamil Nadu",Nagapattinam,"Nagapattinam(Uzhavar Sandhai )","Cluster beans","Cluster Beans",Local,26/07/2026,4600,4600,4600
"Tamil Nadu",Nagapattinam,"Nagapattinam(Uzhavar Sandhai )","Bitter gourd","Bitter Gourd",Local,26/07/2026,5200,5200,5200
"Tamil Nadu",Nagapattinam,"Nagapattinam(Uzhavar Sandhai )",Pumpkin,Pumpkin,Local,26/07/2026,3400,3400,3400
"Tamil Nadu",Nagapattinam,"Nagapattinam(Uzhavar Sandhai )",Amaranthus,Amaranthus,Local,26/07/2026,1400,1800,1600
"Tamil Nadu",Nagapattinam,"Nagapattinam(Uzhavar Sandhai )",Snakeguard,Snakeguard,Local,26/07/2026,3100,3500,3300
"Tamil Nadu",Nagapattinam,"Nagapattinam(Uzhavar Sandhai )","Chow Chow","Chow Chow",Local,26/07/2026,2800,3300,3050
"Tamil Nadu",Nagapattinam,"Nagapattinam(Uzhavar Sandhai )",Mango(Raw-Ripe),"Mango - Raw-Ripe",Local,26/07/2026,2500,3500,3000
"Tamil Nadu",Nagapattinam,"Sirkali(Uzhavar Sandhai )",Onion,Bellary,Local,26/07/2026,2500,3000,2750
"Tamil Nadu",Nagapattinam,"Sirkali(Uzhavar Sandhai )",Cauliflower,Ranchi,Local,26/07/2026,5000,5000,5000
"Tamil Nadu",Nagapattinam,"Sirkali(Uzhavar Sandhai )",Brinjal,Round,Local,26/07/2026,5000,5500,5250
"Tamil Nadu",Nagapattinam,"Sirkali(Uzhavar Sandhai )",Amaranthus,Amaranthus,Local,26/07/2026,1500,2000,1750
"Tamil Nadu",Nagapattinam,"Sirkali(Uzhavar Sandhai )",Coconut,Coconut,Local,26/07/2026,3500,4000,3750
"Tamil Nadu",Nagapattinam,"Sirkali(Uzhavar Sandhai )",Snakeguard,Snakeguard,Local,26/07/2026,4500,5000,4750
"Tamil Nadu",Nagapattinam,"Sirkali(Uzhavar Sandhai )",Cucumbar(Kheera),Cucumbar,Local,26/07/2026,2500,3000,2750
"Tamil Nadu",Nagapattinam,"Sirkali(Uzhavar Sandhai )",Ridgeguard(Tori),Ridgeguard(Tori),Local,26/07/2026,5500,6000,5750
"Tamil Nadu",Nagapattinam,"Sirkali(Uzhavar Sandhai )","Elephant Yam(Suran)/Amorphophallus","Elephant Yam (Suran)",Local,26/07/2026,6500,7000,6750
"Tamil Nadu",Namakkal,"Kumarapalayam(Uzhavar Sandhai )",Onion,Bellary,Local,26/07/2026,4000,4400,4200
"Tamil Nadu",Namakkal,"Kumarapalayam(Uzhavar Sandhai )",Coriander(Leaves),"I Sort",Local,26/07/2026,7500,8500,8000
"Tamil Nadu",Namakkal,"Kumarapalayam(Uzhavar Sandhai )",Tomato,Deshi,Local,26/07/2026,1500,2000,1750
"Tamil Nadu",Namakkal,"Kumarapalayam(Uzhavar Sandhai )","Bottle gourd","Bottle Gourd",Local,26/07/2026,2000,2400,2200
"Tamil Nadu",Namakkal,"Kumarapalayam(Uzhavar Sandhai )",Amaranthus,Amaranthus,Local,26/07/2026,3000,3500,3250
"Tamil Nadu",Namakkal,"Kumarapalayam(Uzhavar Sandhai )","Banana - Green","Banana - Green",Local,26/07/2026,3500,4000,3750
"Tamil Nadu",Namakkal,"Kumarapalayam(Uzhavar Sandhai )",Carrot,Pusakesar,Local,26/07/2026,7500,8500,8000
"Tamil Nadu",Namakkal,"Kumarapalayam(Uzhavar Sandhai )",Cabbage,Cabbage,Local,26/07/2026,3800,4200,4000
"Tamil Nadu",Namakkal,"Kumarapalayam(Uzhavar Sandhai )",Beetroot,Beetroot,Local,26/07/2026,6000,7000,6500
"Tamil Nadu",Namakkal,"Mohanur(Uzhavar Sandhai )","Bottle gourd","Bottle Gourd",Local,26/07/2026,2200,2500,2350
"Tamil Nadu",Namakkal,"Mohanur(Uzhavar Sandhai )",Amaranthus,Amaranthus,Local,26/07/2026,4800,6000,5400
"Tamil Nadu",Namakkal,"Mohanur(Uzhavar Sandhai )",Beans,"Beans (Whole)",Local,26/07/2026,7500,8000,7750
"Tamil Nadu",Namakkal,"Mohanur(Uzhavar Sandhai )",Carrot,Pusakesar,Local,26/07/2026,7600,9000,8300
"Tamil Nadu",Namakkal,"Mohanur(Uzhavar Sandhai )","Chow Chow","Chow Chow",Local,26/07/2026,3600,4000,3800
"Tamil Nadu",Namakkal,"Mohanur(Uzhavar Sandhai )","Tender Coconut","Tender Coconut",Local,26/07/2026,2400,3600,3000
"Tamil Nadu",Namakkal,"Mohanur(Uzhavar Sandhai )","Onion Green","Onion Green",Local,26/07/2026,2400,7000,4700
"Tamil Nadu",Namakkal,"Namakkal(Uzhavar Sandhai )",Garlic,Garlic,Local,26/07/2026,25000,28000,26500
"Tamil Nadu",Namakkal,"Namakkal(Uzhavar Sandhai )","Water Melon","Water Melon",Local,26/07/2026,1200,1500,1350
"Tamil Nadu",Namakkal,"Namakkal(Uzhavar Sandhai )",Ridgeguard(Tori),Ridgeguard(Tori),Local,26/07/2026,4500,5400,4950
"Tamil Nadu",Namakkal,"Namakkal(Uzhavar Sandhai )",Mango(Raw-Ripe),"Mango - Raw-Ripe",Local,26/07/2026,3000,3500,3250
"Tamil Nadu",Namakkal,"Namakkal(Uzhavar Sandhai )","Knool Khol","Knool Khol",Local,26/07/2026,3500,4000,3750
"Tamil Nadu",Namakkal,"Namakkal(Uzhavar Sandhai )",Lime,Lime,Local,26/07/2026,3500,4000,3750
"Tamil Nadu",Namakkal,"Namakkal(Uzhavar Sandhai )","Jack Fruit(Ripe)","Jack Fruit",Local,26/07/2026,2500,3000,2750
"Tamil Nadu",Namakkal,"Namakkal(Uzhavar Sandhai )",Jasmine,Jasmine,Local,26/07/2026,30000,35000,32500
"Tamil Nadu",Namakkal,"Namakkal(Uzhavar Sandhai )","Tamarind Fruit","Tamarind Fruit",Local,26/07/2026,12000,14000,13000
"Tamil Nadu",Namakkal,"Paramathivelur(Uzhavar Sandhai )","Cluster beans","Cluster Beans",Local,26/07/2026,4000,4500,4250
"Tamil Nadu",Namakkal,"Paramathivelur(Uzhavar Sandhai )","Bhindi(Ladies Finger)",Bhindi,Local,26/07/2026,4000,4500,4250
"Tamil Nadu",Namakkal,"Paramathivelur(Uzhavar Sandhai )",Ginger(Green),"Green Ginger",Local,26/07/2026,20000,21000,20500
"Tamil Nadu",Namakkal,"Paramathivelur(Uzhavar Sandhai )","Elephant Yam(Suran)/Amorphophallus","Elephant Yam (Suran)",Local,26/07/2026,3000,3500,3250
"Tamil Nadu",Namakkal,"Paramathivelur(Uzhavar Sandhai )",Mint(Pudina),Mint(Pudina),Local,26/07/2026,3500,4000,3750
"Tamil Nadu",Namakkal,"Rasipuram(Uzhavar Sandhai )",Potato,Other,Local,26/07/2026,3200,3500,3350
"Tamil Nadu",Namakkal,"Rasipuram(Uzhavar Sandhai )",Beetroot,Beetroot,Local,26/07/2026,6000,8000,7000
"Tamil Nadu",Namakkal,"Rasipuram(Uzhavar Sandhai )",Mango(Raw-Ripe),"Mango - Raw-Ripe",Local,26/07/2026,3000,4000,3500
"Tamil Nadu",Namakkal,"Rasipuram(Uzhavar Sandhai )",Marigold(Calcutta),Marigold(Calcutta),Local,26/07/2026,28000,30000,29000
"Tamil Nadu",Namakkal,"Rasipuram(Uzhavar Sandhai )","Tamarind Fruit","Tamarind Fruit",Local,26/07/2026,13000,15000,14000
"Tamil Nadu",Namakkal,"Rasipuram(Uzhavar Sandhai )",Yam(Ratalu),"Yam (Ratalu)",Local,26/07/2026,6500,7000,6750
"Tamil Nadu",Namakkal,"Rasipuram(Uzhavar Sandhai )","Custard Apple(Sharifa)","Custard Apple(Sharifa)",Local,26/07/2026,3500,4000,3750
"Tamil Nadu",Namakkal,"Rasipuram(Uzhavar Sandhai )","Amla(Nelli Kai)",Amla,Local,26/07/2026,8500,9000,8750
"Tamil Nadu",Namakkal,"Rasipuram(Uzhavar Sandhai )",Rose(Local),"Rose (Local)",Local,26/07/2026,16000,18000,17000
"Tamil Nadu",Namakkal,"Rasipuram(Uzhavar Sandhai )","Sweet Corn ","Sweet Corn ",Local,26/07/2026,2000,2500,2250
"Tamil Nadu",Madurai,"Palanganatham(Uzhavar Sandhai )",Garlic,Garlic,Local,26/07/2026,13000,27000,20000
"Tamil Nadu",Madurai,"Palanganatham(Uzhavar Sandhai )",Brinjal,Other,Local,26/07/2026,4500,5000,4750
"Tamil Nadu",Madurai,"Palanganatham(Uzhavar Sandhai )",Papaya,Papaya,Local,26/07/2026,4000,4500,4250
"Tamil Nadu",Madurai,"Palanganatham(Uzhavar Sandhai )","Bhindi(Ladies Finger)",Bhindi,Local,26/07/2026,3000,3600,3300
"Tamil Nadu",Madurai,"Palanganatham(Uzhavar Sandhai )",Amaranthus,Amaranthus,Local,26/07/2026,3000,3600,3300
"Tamil Nadu",Madurai,"Palanganatham(Uzhavar Sandhai )",Beetroot,Beetroot,Local,26/07/2026,5000,6000,5500
"Tamil Nadu",Madurai,"Palanganatham(Uzhavar Sandhai )",Raddish,Raddish,Local,26/07/2026,3000,3500,3250
"Tamil Nadu",Madurai,"Palanganatham(Uzhavar Sandhai )",Thondekai,Thondekai,Local,26/07/2026,5000,6000,5500
"Tamil Nadu",Madurai,"Palanganatham(Uzhavar Sandhai )",Lime,Lime,Local,26/07/2026,12000,15000,13500
"Tamil Nadu",Madurai,"Palanganatham(Uzhavar Sandhai )","Indian Beans(Seam)","Indian Beans (Seam)",Local,26/07/2026,5000,5500,5250
"Tamil Nadu",Madurai,"Palanganatham(Uzhavar Sandhai )",Mint(Pudina),Mint(Pudina),Local,26/07/2026,5000,6000,5500
"Tamil Nadu",Madurai,"Anna nagar(Uzhavar Sandhai )",Garlic,Garlic,Local,26/07/2026,14000,14000,14000
"Tamil Nadu",Madurai,"Anna nagar(Uzhavar Sandhai )",Groundnut,"Big (With Shell)",Local,26/07/2026,6000,7000,6500
"Tamil Nadu",Madurai,"Anna nagar(Uzhavar Sandhai )",Papaya,Papaya,Local,26/07/2026,4000,4500,4250
"Tamil Nadu",Madurai,"Anna nagar(Uzhavar Sandhai )",Beans,"Beans (Whole)",Local,26/07/2026,6400,8000,7200
"Tamil Nadu",Madurai,"Anna nagar(Uzhavar Sandhai )",Tapioca,Tapioca,Local,26/07/2026,3600,3600,3600
"Tamil Nadu",Madurai,"Anna nagar(Uzhavar Sandhai )","Sweet Potato","Hosur Red",Local,26/07/2026,4000,4600,4300
"Tamil Nadu",Madurai,"Anna nagar(Uzhavar Sandhai )",Carrot,Pusakesar,Local,26/07/2026,10000,10800,10400
"Tamil Nadu",Madurai,"Anna nagar(Uzhavar Sandhai )","Green Avare(W)",Other,Local,26/07/2026,7600,7600,7600
"Tamil Nadu",Madurai,"Anna nagar(Uzhavar Sandhai )",Drumstick,Drumstick,Local,26/07/2026,5000,5600,5300
"Tamil Nadu",Madurai,"Anna nagar(Uzhavar Sandhai )","Tamarind Fruit","Tamarind Fruit",Local,26/07/2026,14000,14000,14000
"Tamil Nadu",Madurai,"Anna nagar(Uzhavar Sandhai )",Yam(Ratalu),"Yam (Ratalu)",Local,26/07/2026,8600,8600,8600
"Tamil Nadu",Madurai,"Anna nagar(Uzhavar Sandhai )",Lemon,Lemon,Local,26/07/2026,5000,6000,5500
"Tamil Nadu",Madurai,"Anna nagar(Uzhavar Sandhai )",Turnip,Turnip,Local,26/07/2026,8000,9000,8500
"Tamil Nadu",Madurai,"Anna nagar(Uzhavar Sandhai )","Onion Green","Onion Green",Local,26/07/2026,6600,7200,6900
"Tamil Nadu",Perambalur,"Perambalur(Uzhavar Sandhai )",Apple,American,Local,26/07/2026,24000,26000,25000
"Tamil Nadu",Perambalur,"Perambalur(Uzhavar Sandhai )",Banana,"Red Banana",Local,26/07/2026,6000,7000,6500
"Tamil Nadu",Perambalur,"Perambalur(Uzhavar Sandhai )","Bhindi(Ladies Finger)",Bhindi,Local,26/07/2026,3200,4000,3600
"Tamil Nadu",Perambalur,"Perambalur(Uzhavar Sandhai )",Amaranthus,Amaranthus,Local,26/07/2026,2500,3000,2750
"Tamil Nadu",Perambalur,"Perambalur(Uzhavar Sandhai )","Green Avare(W)",Other,Local,26/07/2026,7200,11600,9400
"Tamil Nadu",Perambalur,"Perambalur(Uzhavar Sandhai )",Drumstick,Drumstick,Local,26/07/2026,5000,6000,5500
"Tamil Nadu",Perambalur,"Perambalur(Uzhavar Sandhai )","Elephant Yam(Suran)/Amorphophallus","Elephant Yam (Suran)",Local,26/07/2026,5600,5600,5600
"Tamil Nadu",Perambalur,"Perambalur(Uzhavar Sandhai )","Onion Green","Onion Green",Local,26/07/2026,3000,6000,4500
"Tamil Nadu",Perambalur,"Perambalur(Uzhavar Sandhai )","Sweet Corn ","Sweet Corn ",Local,26/07/2026,4000,5000,4500
"Tamil Nadu",Salem,"Mecheri(Uzhavar Sandhai)","Bitter gourd","Bitter Gourd",Local,26/07/2026,5000,5500,5250
"Tamil Nadu",Salem,"Mecheri(Uzhavar Sandhai)","Bhindi(Ladies Finger)",Bhindi,Local,26/07/2026,3000,3500,3250
"Tamil Nadu",Salem,"Mecheri(Uzhavar Sandhai)",Amaranthus,Amaranthus,Local,26/07/2026,2000,2500,2250
"Tamil Nadu",Salem,"Mecheri(Uzhavar Sandhai)",Cowpea(Veg),"Cowpea (Veg)",Local,26/07/2026,5500,6000,5750
"Tamil Nadu",Salem,"Mecheri(Uzhavar Sandhai)",Snakeguard,Snakeguard,Local,26/07/2026,3500,4000,3750
"Tamil Nadu",Salem,"Mecheri(Uzhavar Sandhai)",Ridgeguard(Tori),Ridgeguard(Tori),Local,26/07/2026,4500,5000,4750
"Tamil Nadu",Salem,"Mecheri(Uzhavar Sandhai)",Mint(Pudina),Mint(Pudina),Local,26/07/2026,2500,3000,2750
"Tamil Nadu",Ranipet,"Arcot(Uzhavar Sandhai )",Banana,Other,Local,26/07/2026,6000,6000,6000
"Tamil Nadu",Ranipet,"Arcot(Uzhavar Sandhai )",Tomato,Deshi,Local,26/07/2026,1600,1800,1700
"Tamil Nadu",Ranipet,"Arcot(Uzhavar Sandhai )","Cluster beans","Cluster Beans",Local,26/07/2026,5000,5000,5000
"Tamil Nadu",Ranipet,"Arcot(Uzhavar Sandhai )","Green Chilli","Green Chilly",Local,26/07/2026,6000,6000,6000
"Tamil Nadu",Ranipet,"Arcot(Uzhavar Sandhai )",Tapioca,Tapioca,Local,26/07/2026,4000,4000,4000
"Tamil Nadu",Ranipet,"Arcot(Uzhavar Sandhai )",Coconut,Coconut,Local,26/07/2026,4000,5000,4500
"Tamil Nadu",Ranipet,"Arcot(Uzhavar Sandhai )",Drumstick,Drumstick,Local,26/07/2026,6000,6000,6000
"Tamil Nadu",Ranipet,"Arcot(Uzhavar Sandhai )",Mango(Raw-Ripe),"Mango - Raw-Ripe",Local,26/07/2026,3000,3000,3000
"Tamil Nadu",Ranipet,"Arcot(Uzhavar Sandhai )","Sweet Corn ","Sweet Corn ",Local,26/07/2026,4000,4000,4000
"Tamil Nadu",Ranipet,"Ranipettai(Uzhavar Sandhai )",Potato,Other,Local,26/07/2026,2500,2500,2500
"Tamil Nadu",Ranipet,"Ranipettai(Uzhavar Sandhai )",Mango,Safeda,Local,26/07/2026,5000,6000,5500
"Tamil Nadu",Ranipet,"Ranipettai(Uzhavar Sandhai )",Amaranthus,Amaranthus,Local,26/07/2026,2400,3000,2700
"Tamil Nadu",Ranipet,"Ranipettai(Uzhavar Sandhai )","Banana - Green","Banana - Green",Local,26/07/2026,5000,5000,5000
"Tamil Nadu",Ranipet,"Ranipettai(Uzhavar Sandhai )",Tapioca,Tapioca,Local,26/07/2026,4000,4000,4000
"Tamil Nadu",Ranipet,"Ranipettai(Uzhavar Sandhai )",Carrot,Pusakesar,Local,26/07/2026,6500,6500,6500
"Tamil Nadu",Ranipet,"Ranipettai(Uzhavar Sandhai )",Cabbage,Cabbage,Local,26/07/2026,3600,3600,3600
"Tamil Nadu",Ranipet,"Ranipettai(Uzhavar Sandhai )",Cucumbar(Kheera),Cucumbar,Local,26/07/2026,4800,4800,4800
"Tamil Nadu",Ranipet,"Ranipettai(Uzhavar Sandhai )","Green Avare(W)",Other,Local,26/07/2026,5000,5200,5100
"Tamil Nadu",Ranipet,"Ranipettai(Uzhavar Sandhai )",Mango(Raw-Ripe),"Mango - Raw-Ripe",Local,26/07/2026,2000,3000,2500
"Tamil Nadu",Ranipet,"Ranipettai(Uzhavar Sandhai )","Knool Khol","Knool Khol",Local,26/07/2026,4500,4500,4500
"Tamil Nadu",Ranipet,"Ranipettai(Uzhavar Sandhai )","Tender Coconut","Tender Coconut",Local,26/07/2026,2500,3000,2750
"Tamil Nadu",Salem,"Ammapet(Uzhavar Sandhai )",Banana,"Red Banana",Local,26/07/2026,7000,7500,7250
"Tamil Nadu",Salem,"Ammapet(Uzhavar Sandhai )",Brinjal,Round,Local,26/07/2026,3800,4000,3900
"Tamil Nadu",Salem,"Ammapet(Uzhavar Sandhai )",Chikoos(Sapota),Sapota,Local,26/07/2026,3500,4000,3750
"Tamil Nadu",Salem,"Ammapet(Uzhavar Sandhai )",Coconut,Coconut,Local,26/07/2026,5200,5500,5350
"Tamil Nadu",Salem,"Ammapet(Uzhavar Sandhai )",Ridgeguard(Tori),Ridgeguard(Tori),Local,26/07/2026,4200,4500,4350
"Tamil Nadu",Salem,"Ammapet(Uzhavar Sandhai )",Drumstick,Drumstick,Local,26/07/2026,4400,5000,4700
"Tamil Nadu",Salem,"Ammapet(Uzhavar Sandhai )",Mango(Raw-Ripe),"Mango - Raw-Ripe",Local,26/07/2026,3000,3500,3250
"Tamil Nadu",Salem,"Ammapet(Uzhavar Sandhai )","Indian Beans(Seam)","Indian Beans (Seam)",Local,26/07/2026,5600,6000,5800
"Tamil Nadu",Salem,"Ammapet(Uzhavar Sandhai )",Mashrooms,Mashrooms,Local,26/07/2026,19000,20000,19500
"Tamil Nadu",Salem,"Mettur(Uzhavar Sandhai )",Mango,Neelam,Local,26/07/2026,5500,6000,5750
"Tamil Nadu",Salem,"Mettur(Uzhavar Sandhai )",Papaya,Papaya,Local,26/07/2026,2500,3000,2750
"Tamil Nadu",Salem,"Mettur(Uzhavar Sandhai )",Ashgourd,Gouard,Local,26/07/2026,2000,2500,2250
"Tamil Nadu",Salem,"Mettur(Uzhavar Sandhai )","Green Chilli","Green Chilly",Local,26/07/2026,4500,5000,4750
"Tamil Nadu",Salem,"Mettur(Uzhavar Sandhai )",Beans,"Beans (Whole)",Local,26/07/2026,6500,7000,6750
"Tamil Nadu",Salem,"Mettur(Uzhavar Sandhai )",Cucumbar(Kheera),Cucumbar,Local,26/07/2026,3500,4000,3750
"Tamil Nadu",Salem,"Mettur(Uzhavar Sandhai )","Chow Chow","Chow Chow",Local,26/07/2026,3500,4000,3750
"Tamil Nadu",Salem,"Mettur(Uzhavar Sandhai )","Karbuja(Musk Melon)",Karbhuja,Local,26/07/2026,3000,3500,3250
"Tamil Nadu",Salem,"Mettur(Uzhavar Sandhai )","Indian Beans(Seam)","Indian Beans (Seam)",Local,26/07/2026,6500,7000,6750
"Tamil Nadu",Salem,"Sooramangalam(Uzhavar Sandhai )",Onion,Bellary,Local,26/07/2026,3500,3800,3650
"Tamil Nadu",Salem,"Sooramangalam(Uzhavar Sandhai )",Banana,"Red Banana",Local,26/07/2026,7000,7500,7250
"Tamil Nadu",Salem,"Sooramangalam(Uzhavar Sandhai )",Mango,Neelam,Local,26/07/2026,4000,5000,4500
"Tamil Nadu",Salem,"Sooramangalam(Uzhavar Sandhai )","Green Peas","Green Peas",Local,26/07/2026,14000,14400,14200
"Tamil Nadu",Salem,"Sooramangalam(Uzhavar Sandhai )","Cluster beans","Cluster Beans",Local,26/07/2026,3000,3600,3300
"Tamil Nadu",Salem,"Sooramangalam(Uzhavar Sandhai )",Pumpkin,Pumpkin,Local,26/07/2026,2000,2200,2100
"Tamil Nadu",Salem,"Sooramangalam(Uzhavar Sandhai )","Green Chilli","Green Chilly",Local,26/07/2026,3800,4000,3900
"Tamil Nadu",Salem,"Sooramangalam(Uzhavar Sandhai )",Beans,"Beans (Whole)",Local,26/07/2026,8000,9000,8500
"Tamil Nadu",Salem,"Sooramangalam(Uzhavar Sandhai )",Ginger(Green),"Green Ginger",Local,26/07/2026,18000,18500,18250
"Tamil Nadu",Salem,"Sooramangalam(Uzhavar Sandhai )",Carrot,Pusakesar,Local,26/07/2026,9000,9600,9300
"Tamil Nadu",Salem,"Sooramangalam(Uzhavar Sandhai )","Green Avare(W)",Other,Local,26/07/2026,5500,5800,5650
"Tamil Nadu",Salem,"Sooramangalam(Uzhavar Sandhai )",Drumstick,Drumstick,Local,26/07/2026,5000,5500,5250
"Tamil Nadu",Salem,"Sooramangalam(Uzhavar Sandhai )","Knool Khol","Knool Khol",Local,26/07/2026,5000,5400,5200
"Tamil Nadu",Salem,"Sooramangalam(Uzhavar Sandhai )",Marigold(Calcutta),Marigold(Calcutta),Local,26/07/2026,15000,16000,15500
"Tamil Nadu",Salem,"Sooramangalam(Uzhavar Sandhai )","Indian Beans(Seam)","Indian Beans (Seam)",Local,26/07/2026,4500,5000,4750
"Tamil Nadu",Salem,"Sooramangalam(Uzhavar Sandhai )","Custard Apple(Sharifa)","Custard Apple(Sharifa)",Local,26/07/2026,3500,4000,3750
"Tamil Nadu",Salem,"Sooramangalam(Uzhavar Sandhai )","Onion Green","Onion Green",Local,26/07/2026,4500,5000,4750
"Tamil Nadu",Salem,"Thammampatti (Uzhavar Sandhai )",Potato,Other,Local,26/07/2026,2800,3000,2900
"Tamil Nadu",Salem,"Thammampatti (Uzhavar Sandhai )",Garlic,Garlic,Local,26/07/2026,20000,24000,22000
"Tamil Nadu",Salem,"Thammampatti (Uzhavar Sandhai )",Mango,Safeda,Local,26/07/2026,4000,5000,4500
"Tamil Nadu",Salem,"Thammampatti (Uzhavar Sandhai )","Bottle gourd","Bottle Gourd",Local,26/07/2026,2000,2500,2250
"Tamil Nadu",Salem,"Thammampatti (Uzhavar Sandhai )",Pumpkin,Pumpkin,Local,26/07/2026,2000,2000,2000
"Tamil Nadu",Salem,"Thammampatti (Uzhavar Sandhai )",Beans,"Beans (Whole)",Local,26/07/2026,6000,6000,6000
"Tamil Nadu",Salem,"Thammampatti (Uzhavar Sandhai )",Snakeguard,Snakeguard,Local,26/07/2026,3500,3800,3650
"Tamil Nadu",Salem,"Thammampatti (Uzhavar Sandhai )",Ridgeguard(Tori),Ridgeguard(Tori),Local,26/07/2026,4500,5000,4750
"Tamil Nadu",Salem,"Thammampatti (Uzhavar Sandhai )",Raddish,Raddish,Local,26/07/2026,2000,2500,2250
"Tamil Nadu",Salem,"Thammampatti (Uzhavar Sandhai )",Capsicum,Capsicum,Local,26/07/2026,9500,10000,9750
"Tamil Nadu",Salem,"Thammampatti (Uzhavar Sandhai )",Guava,"Guava Allahabad",Local,26/07/2026,6000,6000,6000
"Tamil Nadu",Salem,"Thathakapatti(Uzhavar Sandhai )",Onion,Bellary,Local,26/07/2026,3500,4000,3750
"Tamil Nadu",Salem,"Thathakapatti(Uzhavar Sandhai )",Brinjal,Round,Local,26/07/2026,4400,5000,4700
"Tamil Nadu",Salem,"Thathakapatti(Uzhavar Sandhai )","Cluster beans","Cluster Beans",Local,26/07/2026,3400,3600,3500
"Tamil Nadu",Salem,"Thathakapatti(Uzhavar Sandhai )","Green Chilli","Green Chilly",Local,26/07/2026,4000,4400,4200
"Tamil Nadu",Salem,"Thathakapatti(Uzhavar Sandhai )",Cowpea(Veg),"Cowpea (Veg)",Local,26/07/2026,3500,4000,3750
"Tamil Nadu",Salem,"Thathakapatti(Uzhavar Sandhai )",Carrot,Pusakesar,Local,26/07/2026,9000,9600,9300
"Tamil Nadu",Salem,"Thathakapatti(Uzhavar Sandhai )",Cabbage,Cabbage,Local,26/07/2026,3500,4000,3750
"Tamil Nadu",Salem,"Thathakapatti(Uzhavar Sandhai )",Beetroot,Beetroot,Local,26/07/2026,7000,8000,7500
"Tamil Nadu",Salem,"Thathakapatti(Uzhavar Sandhai )",Cucumbar(Kheera),Cucumbar,Local,26/07/2026,4000,4000,4000
"Tamil Nadu",Salem,"Thathakapatti(Uzhavar Sandhai )",Ridgeguard(Tori),Ridgeguard(Tori),Local,26/07/2026,3500,4500,4000
"Tamil Nadu",Salem,"Thathakapatti(Uzhavar Sandhai )",Yam(Ratalu),"Yam (Ratalu)",Local,26/07/2026,6000,7000,6500
"Tamil Nadu",Salem,"Thathakapatti(Uzhavar Sandhai )",Rose(Local),"Rose (Local)",Local,26/07/2026,12000,14000,13000
"Tamil Nadu",Salem,"Thathakapatti(Uzhavar Sandhai )","Sweet Corn ","Sweet Corn ",Local,26/07/2026,3000,4000,3500
"Uttar Pradesh",Ghazipur,"Saidpur APMC",Wood,Eucalyptus,FAQ,26/07/2026,350,350,350
"Uttar Pradesh",Etah,"Awagarh APMC",Tomato,Other,FAQ,26/07/2026,1200,1200,1200
"Tamil Nadu",Tenkasi,"Sankarankoil(Uzhavar Sandhai )",Papaya,Papaya,Local,26/07/2026,3500,3500,3500
"Tamil Nadu",Tenkasi,"Sankarankoil(Uzhavar Sandhai )",Drumstick,Drumstick,Local,26/07/2026,6000,6000,6000
"Tamil Nadu",Tenkasi,"Sankarankoil(Uzhavar Sandhai )","Elephant Yam(Suran)/Amorphophallus","Elephant Yam (Suran)",Local,26/07/2026,4000,4000,4000
"Tamil Nadu",Tenkasi,"Tenkasi(Uzhavar Sandhai )",Banana,"Red Banana",Local,26/07/2026,6000,7000,6500
"Tamil Nadu",Tenkasi,"Tenkasi(Uzhavar Sandhai )",Mango,Neelam,Local,26/07/2026,4000,4000,4000
"Tamil Nadu",Tenkasi,"Tenkasi(Uzhavar Sandhai )",Cauliflower,Ranchi,Local,26/07/2026,5000,5000,5000
"Tamil Nadu",Tenkasi,"Tenkasi(Uzhavar Sandhai )",Amaranthus,Amaranthus,Local,26/07/2026,1500,2000,1750
"Tamil Nadu",Tenkasi,"Tenkasi(Uzhavar Sandhai )",Tapioca,Tapioca,Local,26/07/2026,4000,4000,4000
"Tamil Nadu",Tenkasi,"Tenkasi(Uzhavar Sandhai )",Ginger(Green),"Green Ginger",Local,26/07/2026,18000,18000,18000
"Tamil Nadu",Tenkasi,"Tenkasi(Uzhavar Sandhai )",Coconut,Coconut,Local,26/07/2026,5000,5000,5000
"Tamil Nadu",Tenkasi,"Tenkasi(Uzhavar Sandhai )",Beetroot,Beetroot,Local,26/07/2026,5000,5000,5000
"Tamil Nadu",Tenkasi,"Tenkasi(Uzhavar Sandhai )",Cucumbar(Kheera),Cucumbar,Local,26/07/2026,5000,5000,5000
"Tamil Nadu",Tenkasi,"Tenkasi(Uzhavar Sandhai )",Ridgeguard(Tori),Ridgeguard(Tori),Local,26/07/2026,4000,4000,4000
"Tamil Nadu",Tenkasi,"Tenkasi(Uzhavar Sandhai )",Raddish,Raddish,Local,26/07/2026,4000,4000,4000
"Tamil Nadu",Tenkasi,"Tenkasi(Uzhavar Sandhai )",Capsicum,Capsicum,Local,26/07/2026,8000,8000,8000
"Tamil Nadu",Tenkasi,"Tenkasi(Uzhavar Sandhai )",Drumstick,Drumstick,Local,26/07/2026,4000,5000,4500
"Tamil Nadu",Tenkasi,"Tenkasi(Uzhavar Sandhai )",Lime,Lime,Local,26/07/2026,4000,4000,4000
"Tamil Nadu",Tenkasi,"Tenkasi(Uzhavar Sandhai )",Yam(Ratalu),"Yam (Ratalu)",Local,26/07/2026,8000,8000,8000
"Tamil Nadu",Tenkasi,"Tenkasi(Uzhavar Sandhai )",Mashrooms,Mashrooms,Local,26/07/2026,21000,21000,21000
"Tamil Nadu",Tenkasi,"Tenkasi(Uzhavar Sandhai )","Amla(Nelli Kai)",Amla,Local,26/07/2026,5000,6000,5500
"Tamil Nadu",Pudukkottai,"Pudukottai(Uzhavar Sandhai )",Onion,Bellary,Local,26/07/2026,4500,5000,4750
"Tamil Nadu",Pudukkottai,"Pudukottai(Uzhavar Sandhai )",Potato,"Red Nanital",Local,26/07/2026,6000,7000,6500
"Tamil Nadu",Pudukkottai,"Pudukottai(Uzhavar Sandhai )",Banana,"Red Banana",Local,26/07/2026,7000,8000,7500
"Tamil Nadu",Pudukkottai,"Pudukottai(Uzhavar Sandhai )","Water Melon","Water Melon",Local,26/07/2026,1000,1500,1250
"Tamil Nadu",Pudukkottai,"Pudukottai(Uzhavar Sandhai )","Bitter gourd","Bitter Gourd",Local,26/07/2026,10000,11000,10500
"Tamil Nadu",Pudukkottai,"Pudukottai(Uzhavar Sandhai )","Bottle gourd","Bottle Gourd",Local,26/07/2026,2500,3000,2750
"Tamil Nadu",Pudukkottai,"Pudukottai(Uzhavar Sandhai )",Beans,"Beans (Whole)",Local,26/07/2026,7000,8000,7500
"Tamil Nadu",Pudukkottai,"Pudukottai(Uzhavar Sandhai )",Tapioca,Tapioca,Local,26/07/2026,3000,4000,3500
"Tamil Nadu",Pudukkottai,"Pudukottai(Uzhavar Sandhai )","Green Avare(W)","Green Avare (W)",Local,26/07/2026,6500,7000,6750
"Tamil Nadu",Pudukkottai,"Pudukottai(Uzhavar Sandhai )","Chow Chow","Chow Chow",Local,26/07/2026,4000,4500,4250
"Tamil Nadu",Pudukkottai,"Pudukottai(Uzhavar Sandhai )",Mango(Raw-Ripe),"Mango - Raw-Ripe",Local,26/07/2026,3500,4000,3750
"Tamil Nadu",Pudukkottai,"Pudukottai(Uzhavar Sandhai )","Jack Fruit(Ripe)","Jack Fruit",Local,26/07/2026,1500,2000,1750
"Tamil Nadu",Pudukkottai,"Pudukottai(Uzhavar Sandhai )",Lemon,Lemon,Local,26/07/2026,4500,5000,4750
"Tamil Nadu",Thanjavur,"Kumbakonam (Uzhavar Sandhai )",Brinjal,Round,Local,26/07/2026,5400,7200,6300
"Tamil Nadu",Thanjavur,"Kumbakonam (Uzhavar Sandhai )","Banana - Green","Banana - Green",Local,26/07/2026,4800,4800,4800
"Tamil Nadu",Thanjavur,"Kumbakonam (Uzhavar Sandhai )",Ginger(Green),"Green Ginger",Local,26/07/2026,14000,24000,19000
"Tamil Nadu",Thanjavur,"Kumbakonam (Uzhavar Sandhai )","Sweet Potato","Hosur Red",Local,26/07/2026,5000,5000,5000
"Tamil Nadu",Thanjavur,"Kumbakonam (Uzhavar Sandhai )",Carrot,Pusakesar,Local,26/07/2026,7800,7800,7800
"Tamil Nadu",Thanjavur,"Kumbakonam (Uzhavar Sandhai )",Snakeguard,Snakeguard,Local,26/07/2026,4800,4800,4800
"Tamil Nadu",Thanjavur,"Kumbakonam (Uzhavar Sandhai )",Ridgeguard(Tori),Ridgeguard(Tori),Local,26/07/2026,7200,7200,7200
"Tamil Nadu",Thanjavur,"Kumbakonam (Uzhavar Sandhai )",Raddish,Raddish,Local,26/07/2026,4800,4800,4800
"Tamil Nadu",Thanjavur,"Kumbakonam (Uzhavar Sandhai )",Thondekai,Thondekai,Local,26/07/2026,6000,6000,6000
"Tamil Nadu",Thanjavur,"Kumbakonam (Uzhavar Sandhai )",Capsicum,Capsicum,Local,26/07/2026,9600,9600,9600
"Tamil Nadu",Thanjavur,"Kumbakonam (Uzhavar Sandhai )","Green Avare(W)","Green Avare (W)",Local,26/07/2026,7800,7800,7800
"Tamil Nadu",Thanjavur,"Kumbakonam (Uzhavar Sandhai )","Chow Chow","Chow Chow",Local,26/07/2026,4800,4800,4800
"Tamil Nadu",Thanjavur,"Kumbakonam (Uzhavar Sandhai )",Drumstick,Drumstick,Local,26/07/2026,4800,4800,4800
"Tamil Nadu",Thanjavur,"Kumbakonam (Uzhavar Sandhai )",Mango(Raw-Ripe),"Mango - Raw-Ripe",Local,26/07/2026,2400,2400,2400
"Tamil Nadu",Thanjavur,"Kumbakonam (Uzhavar Sandhai )",Lime,Lime,Local,26/07/2026,4000,4000,4000
"Tamil Nadu",Thanjavur,"Kumbakonam (Uzhavar Sandhai )",Lemon,Lemon,Local,26/07/2026,8500,8500,8500
"Tamil Nadu",Thanjavur,"Kumbakonam (Uzhavar Sandhai )",Colacasia,Colacasia,Local,26/07/2026,6000,6000,6000
"Tamil Nadu",Thanjavur,"Kumbakonam (Uzhavar Sandhai )","Onion Green","Onion Green",Local,26/07/2026,4800,6000,5400
"Tamil Nadu","The Nilgiris","Udhagamandalam(Uzhavar Sandhai )",Garlic,Garlic,Local,26/07/2026,20000,22000,21000
"Tamil Nadu","The Nilgiris","Udhagamandalam(Uzhavar Sandhai )",Mango,Safeda,Local,26/07/2026,10000,12000,11000
"Tamil Nadu","The Nilgiris","Udhagamandalam(Uzhavar Sandhai )",Brinjal,Other,Local,26/07/2026,4500,4800,4650
"Tamil Nadu","The Nilgiris","Udhagamandalam(Uzhavar Sandhai )","Bhindi(Ladies Finger)",Bhindi,Local,26/07/2026,4500,4800,4650
"Tamil Nadu","The Nilgiris","Udhagamandalam(Uzhavar Sandhai )","Sweet Potato","Hosur Red",Local,26/07/2026,3500,4000,3750
"Tamil Nadu","The Nilgiris","Udhagamandalam(Uzhavar Sandhai )",Ridgeguard(Tori),Ridgeguard(Tori),Local,26/07/2026,5000,5400,5200
"Tamil Nadu","The Nilgiris","Udhagamandalam(Uzhavar Sandhai )",Capsicum,Capsicum,Local,26/07/2026,7000,8000,7500
"Tamil Nadu","The Nilgiris","Udhagamandalam(Uzhavar Sandhai )","Knool Khol","Knool Khol",Local,26/07/2026,4000,4500,4250
"Tamil Nadu","The Nilgiris","Udhagamandalam(Uzhavar Sandhai )",Lime,Lime,Local,26/07/2026,15000,17000,16000
"Tamil Nadu","The Nilgiris","Udhagamandalam(Uzhavar Sandhai )",Guava,"Guava Allahabad",Local,26/07/2026,7000,8000,7500
"Tamil Nadu","The Nilgiris","Udhagamandalam(Uzhavar Sandhai )",Turnip,Turnip,Local,26/07/2026,3500,4000,3750
"Tamil Nadu",Theni,"Andipatti(Uzhavar Sandhai )",Garlic,Garlic,Local,26/07/2026,24000,24000,24000
"Tamil Nadu",Theni,"Andipatti(Uzhavar Sandhai )",Banana,Karpura,Local,26/07/2026,4500,5000,4750
"Tamil Nadu",Theni,"Andipatti(Uzhavar Sandhai )",Coriander(Leaves),"I Sort",Local,26/07/2026,5200,5400,5300
"Tamil Nadu",Theni,"Andipatti(Uzhavar Sandhai )",Tomato,Other,Local,26/07/2026,1800,2000,1900
"Tamil Nadu",Theni,"Andipatti(Uzhavar Sandhai )","Cluster beans","Cluster Beans",Local,26/07/2026,3200,3400,3300
"Tamil Nadu",Theni,"Andipatti(Uzhavar Sandhai )",Pumpkin,Pumpkin,Local,26/07/2026,1600,1800,1700
"Tamil Nadu",Theni,"Andipatti(Uzhavar Sandhai )",Amaranthus,Amaranthus,Local,26/07/2026,2000,2000,2000
"Tamil Nadu",Theni,"Andipatti(Uzhavar Sandhai )",Cabbage,Cabbage,Local,26/07/2026,3800,4000,3900
"Tamil Nadu",Theni,"Andipatti(Uzhavar Sandhai )",Mango(Raw-Ripe),"Mango - Raw-Ripe",Local,26/07/2026,3000,3500,3250
"Tamil Nadu",Theni,"Bodinayakanur(Uzhavar Sandhai )",Mango,Safeda,Local,26/07/2026,5000,5000,5000
"Tamil Nadu",Theni,"Bodinayakanur(Uzhavar Sandhai )","Bottle gourd","Bottle Gourd",Local,26/07/2026,2000,2000,2000
"Tamil Nadu",Theni,"Bodinayakanur(Uzhavar Sandhai )","Banana - Green","Banana - Green",Local,26/07/2026,3200,3200,3200
"Tamil Nadu",Theni,"Bodinayakanur(Uzhavar Sandhai )",Raddish,Raddish,Local,26/07/2026,3000,3000,3000
"Tamil Nadu",Theni,"Bodinayakanur(Uzhavar Sandhai )","Chow Chow","Chow Chow",Local,26/07/2026,2800,2800,2800
"Tamil Nadu",Theni,"Bodinayakanur(Uzhavar Sandhai )","Onion Green","Onion Green",Local,26/07/2026,6000,6000,6000
"Tamil Nadu",Theni,"Chinnamanur(Uzhavar Sandhai )","Bottle gourd","Bottle Gourd",Local,26/07/2026,2400,2400,2400
"Tamil Nadu",Theni,"Chinnamanur(Uzhavar Sandhai )",Amaranthus,Amaranthus,Local,26/07/2026,2500,2500,2500
"Tamil Nadu",Theni,"Chinnamanur(Uzhavar Sandhai )","Banana - Green","Banana - Green",Local,26/07/2026,3600,3600,3600
"Tamil Nadu",Theni,"Chinnamanur(Uzhavar Sandhai )",Beans,"Beans (Whole)",Local,26/07/2026,7500,8400,7950
"Tamil Nadu",Theni,"Chinnamanur(Uzhavar Sandhai )",Coconut,Coconut,Local,26/07/2026,5200,5200,5200
"Tamil Nadu",Theni,"Chinnamanur(Uzhavar Sandhai )",Carrot,Pusakesar,Local,26/07/2026,8400,8400,8400
"Tamil Nadu",Theni,"Chinnamanur(Uzhavar Sandhai )",Beetroot,Beetroot,Local,26/07/2026,4500,4500,4500
"Tamil Nadu",Theni,"Chinnamanur(Uzhavar Sandhai )",Thondekai,Thondekai,Local,26/07/2026,5000,5000,5000
"Tamil Nadu",Theni,"Chinnamanur(Uzhavar Sandhai )","Knool Khol","Knool Khol",Local,26/07/2026,4800,4800,4800
"Tamil Nadu",Theni,"Chinnamanur(Uzhavar Sandhai )",Mint(Pudina),Mint(Pudina),Local,26/07/2026,5500,5500,5500
"Tamil Nadu",Theni,"Kambam(Uzhavar Sandhai )",Brinjal,Round,Local,26/07/2026,3500,4000,3750
"Tamil Nadu",Theni,"Kambam(Uzhavar Sandhai )",Coriander(Leaves),"I Sort",Local,26/07/2026,5500,5500,5500
"Tamil Nadu",Theni,"Kambam(Uzhavar Sandhai )",Tomato,Deshi,Local,26/07/2026,1800,2000,1900
"Tamil Nadu",Theni,"Kambam(Uzhavar Sandhai )",Amaranthus,Amaranthus,Local,26/07/2026,2000,2500,2250
"Tamil Nadu",Theni,"Kambam(Uzhavar Sandhai )","Green Chilli","Green Chilly",Local,26/07/2026,4500,5000,4750
"Tamil Nadu",Theni,"Kambam(Uzhavar Sandhai )",Cowpea(Veg),"Cowpea (Veg)",Local,26/07/2026,4000,4000,4000
"Tamil Nadu",Theni,"Kambam(Uzhavar Sandhai )",Beans,"Beans (Whole)",Local,26/07/2026,7000,8000,7500
"Tamil Nadu",Theni,"Kambam(Uzhavar Sandhai )",Coconut,Coconut,Local,26/07/2026,4800,4800,4800
"Tamil Nadu",Theni,"Kambam(Uzhavar Sandhai )",Carrot,Pusakesar,Local,26/07/2026,7500,7500,7500
"Tamil Nadu",Theni,"Kambam(Uzhavar Sandhai )",Cabbage,Cabbage,Local,26/07/2026,4000,4000,4000
"Tamil Nadu",Theni,"Kambam(Uzhavar Sandhai )",Thondekai,Thondekai,Local,26/07/2026,4600,4600,4600
"Tamil Nadu",Theni,"Kambam(Uzhavar Sandhai )","Green Avare(W)","Green Avare (W)",Local,26/07/2026,6500,7000,6750
"Tamil Nadu",Theni,"Kambam(Uzhavar Sandhai )",Mango(Raw-Ripe),"Mango - Raw-Ripe",Local,26/07/2026,3200,3200,3200
"Tamil Nadu",Theni,"Kambam(Uzhavar Sandhai )",Lime,Lime,Local,26/07/2026,14000,14000,14000
"Tamil Nadu",Theni,"Kambam(Uzhavar Sandhai )",Lemon,Lemon,Local,26/07/2026,4500,5000,4750
"Tamil Nadu",Theni,"Kambam(Uzhavar Sandhai )",Mashrooms,Mashrooms,Local,26/07/2026,25000,25000,25000
"Tamil Nadu",Theni,"Theni(Uzhavar Sandhai )",Garlic,Garlic,Local,26/07/2026,10000,20000,15000
"Tamil Nadu",Theni,"Theni(Uzhavar Sandhai )",Orange,Darjeeling,Local,26/07/2026,16000,16000,16000
"Tamil Nadu",Theni,"Theni(Uzhavar Sandhai )",Brinjal,Other,Local,26/07/2026,4000,4400,4200
"Tamil Nadu",Theni,"Theni(Uzhavar Sandhai )",Coriander(Leaves),"I Sort",Local,26/07/2026,5400,5400,5400
"Tamil Nadu",Theni,"Theni(Uzhavar Sandhai )","Green Peas","Green Peas",Local,26/07/2026,14500,14500,14500
"Tamil Nadu",Theni,"Theni(Uzhavar Sandhai )","Water Melon","Water Melon",Local,26/07/2026,2500,2500,2500
"Tamil Nadu",Theni,"Theni(Uzhavar Sandhai )","Bitter gourd","Bitter Gourd",Local,26/07/2026,6000,6000,6000
"Tamil Nadu",Theni,"Theni(Uzhavar Sandhai )","Bottle gourd","Bottle Gourd",Local,26/07/2026,1200,1800,1500
"Tamil Nadu",Theni,"Theni(Uzhavar Sandhai )","Bhindi(Ladies Finger)",Bhindi,Local,26/07/2026,3500,3800,3650
"Tamil Nadu",Theni,"Theni(Uzhavar Sandhai )","Banana - Green","Banana - Green",Local,26/07/2026,2500,3000,2750
"Tamil Nadu",Theni,"Theni(Uzhavar Sandhai )",Coconut,Coconut,Local,26/07/2026,5000,5000,5000
"Tamil Nadu",Theni,"Theni(Uzhavar Sandhai )","Sweet Potato","Hosur Red",Local,26/07/2026,4000,4000,4000
"Tamil Nadu",Theni,"Theni(Uzhavar Sandhai )",Thondekai,Thondekai,Local,26/07/2026,5000,5000,5000
"Tamil Nadu",Theni,"Theni(Uzhavar Sandhai )","Chow Chow","Chow Chow",Local,26/07/2026,2800,2800,2800
"Tamil Nadu",Theni,"Theni(Uzhavar Sandhai )",Lime,Lime,Local,26/07/2026,11000,14000,12500
"Tamil Nadu",Theni,"Theni(Uzhavar Sandhai )","Elephant Yam(Suran)/Amorphophallus","Elephant Yam (Suran)",Local,26/07/2026,4000,4000,4000
"Tamil Nadu",Thirunelveli,"Melapalayam(Uzhavar Sandhai )",Potato,Other,Local,26/07/2026,2400,2600,2500
"Tamil Nadu",Thirunelveli,"Melapalayam(Uzhavar Sandhai )",Brinjal,Other,Local,26/07/2026,4500,5000,4750
"Tamil Nadu",Thirunelveli,"Melapalayam(Uzhavar Sandhai )",Chikoos(Sapota),Sapota,Local,26/07/2026,4000,5000,4500
"Tamil Nadu",Thirunelveli,"Melapalayam(Uzhavar Sandhai )",Amaranthus,Amaranthus,Local,26/07/2026,1200,1500,1350
"Tamil Nadu",Thirunelveli,"Melapalayam(Uzhavar Sandhai )","Banana - Green","Banana - Green",Local,26/07/2026,2500,3000,2750
"Tamil Nadu",Thirunelveli,"Melapalayam(Uzhavar Sandhai )",Cabbage,Cabbage,Local,26/07/2026,4000,4400,4200
"Tamil Nadu",Thirunelveli,"Melapalayam(Uzhavar Sandhai )",Cucumbar(Kheera),Cucumbar,Local,26/07/2026,4000,6500,5250
"Tamil Nadu",Thirunelveli,"Melapalayam(Uzhavar Sandhai )",Thondekai,Thondekai,Local,26/07/2026,4500,5000,4750
"Tamil Nadu",Thirunelveli,"Melapalayam(Uzhavar Sandhai )",Mango(Raw-Ripe),"Mango - Raw-Ripe",Local,26/07/2026,3000,3500,3250
"Tamil Nadu",Thirunelveli,"Melapalayam(Uzhavar Sandhai )",Guava,"Guava Allahabad",Local,26/07/2026,6000,8000,7000
"Tamil Nadu",Thirunelveli,"NGO Colony(Uzhavar Sandhai )",Potato,"Red Nanital",Local,26/07/2026,2400,2600,2500
"Tamil Nadu",Thirunelveli,"NGO Colony(Uzhavar Sandhai )",Banana,Besrai,Local,26/07/2026,5000,10000,7500
"Tamil Nadu",Thirunelveli,"NGO Colony(Uzhavar Sandhai )",Ashgourd,Gouard,Local,26/07/2026,1400,1600,1500
"Tamil Nadu",Thirunelveli,"NGO Colony(Uzhavar Sandhai )","Bhindi(Ladies Finger)",Bhindi,Local,26/07/2026,3200,3500,3350
"Tamil Nadu",Thirunelveli,"NGO Colony(Uzhavar Sandhai )",Amaranthus,Amaranthus,Local,26/07/2026,1000,1500,1250
"Tamil Nadu",Thirunelveli,"NGO Colony(Uzhavar Sandhai )",Ginger(Green),"Green Ginger",Local,26/07/2026,17000,17500,17250
"Tamil Nadu",Thirunelveli,"NGO Colony(Uzhavar Sandhai )",Carrot,Pusakesar,Local,26/07/2026,4600,8800,6700
"Tamil Nadu",Thirunelveli,"NGO Colony(Uzhavar Sandhai )",Cabbage,Cabbage,Local,26/07/2026,4000,4400,4200
"Tamil Nadu",Thirunelveli,"NGO Colony(Uzhavar Sandhai )",Ridgeguard(Tori),Ridgeguard(Tori),Local,26/07/2026,3500,4000,3750
"Tamil Nadu",Thirunelveli,"NGO Colony(Uzhavar Sandhai )",Capsicum,Capsicum,Local,26/07/2026,6500,7000,6750
"Tamil Nadu",Thirunelveli,"NGO Colony(Uzhavar Sandhai )","Chow Chow","Chow Chow",Local,26/07/2026,3300,3500,3400
"Tamil Nadu",Thirunelveli,"NGO Colony(Uzhavar Sandhai )",Drumstick,Drumstick,Local,26/07/2026,2600,2800,2700
"Tamil Nadu",Thirunelveli,"NGO Colony(Uzhavar Sandhai )",Mint(Pudina),Mint(Pudina),Local,26/07/2026,7000,7500,7250
"Tamil Nadu",Thirunelveli,"Palayamkottai(Uzhavar Sandhai )",Grapes,Annabesahai,Local,26/07/2026,11000,12000,11500
"Tamil Nadu",Thirunelveli,"Palayamkottai(Uzhavar Sandhai )",Potato,"Red Nanital",Local,26/07/2026,2400,2600,2500
"Tamil Nadu",Thirunelveli,"Palayamkottai(Uzhavar Sandhai )",Cauliflower,Ranchi,Local,26/07/2026,4200,4400,4300
"Tamil Nadu",Thirunelveli,"Palayamkottai(Uzhavar Sandhai )",Brinjal,Other,Local,26/07/2026,4500,5000,4750
"Tamil Nadu",Thirunelveli,"Palayamkottai(Uzhavar Sandhai )",Papaya,Papaya,Local,26/07/2026,3500,4000,3750
"Tamil Nadu",Thirunelveli,"Palayamkottai(Uzhavar Sandhai )","Mousambi(Sweet Lime)",Mousambi,Local,26/07/2026,10000,12000,11000
"Tamil Nadu",Thirunelveli,"Palayamkottai(Uzhavar Sandhai )",Cowpea(Veg),"Cowpea (Veg)",Local,26/07/2026,2800,3000,2900
"Tamil Nadu",Thirunelveli,"Palayamkottai(Uzhavar Sandhai )","Banana - Green","Banana - Green",Local,26/07/2026,2500,3000,2750
"Tamil Nadu",Thirunelveli,"Palayamkottai(Uzhavar Sandhai )",Beans,"Beans (Whole)",Local,26/07/2026,8400,8600,8500
"Tamil Nadu",Thirunelveli,"Palayamkottai(Uzhavar Sandhai )",Snakeguard,Snakeguard,Local,26/07/2026,1600,1800,1700
"Tamil Nadu",Thirunelveli,"Palayamkottai(Uzhavar Sandhai )",Ridgeguard(Tori),Ridgeguard(Tori),Local,26/07/2026,3500,4000,3750
"Tamil Nadu",Thirunelveli,"Palayamkottai(Uzhavar Sandhai )",Thondekai,Thondekai,Local,26/07/2026,4500,5000,4750
"Tamil Nadu",Thirunelveli,"Palayamkottai(Uzhavar Sandhai )",Capsicum,Capsicum,Local,26/07/2026,6500,7000,6750
"Tamil Nadu",Thirunelveli,"Palayamkottai(Uzhavar Sandhai )",Drumstick,Drumstick,Local,26/07/2026,2500,2800,2650
"Tamil Nadu",Thirunelveli,"Palayamkottai(Uzhavar Sandhai )",Mint(Pudina),Mint(Pudina),Local,26/07/2026,7000,7500,7250
"Tamil Nadu",Thirupur,"Kangayam(Uzhavar Sandhai )","Cluster beans","Cluster Beans",Local,26/07/2026,4200,4500,4350
"Tamil Nadu",Thirupur,"Kangayam(Uzhavar Sandhai )",Pumpkin,Pumpkin,Local,26/07/2026,1900,2200,2050
"Tamil Nadu",Thirupur,"Kangayam(Uzhavar Sandhai )",Coconut,Coconut,Local,26/07/2026,4500,5000,4750
"Tamil Nadu",Thirupur,"Kangayam(Uzhavar Sandhai )","Tender Coconut","Tender Coconut",Local,26/07/2026,2500,3000,2750
"Tamil Nadu",Thirupur,"Tiruppur (North) (Uzhavar Sandhai )",Garlic,Garlic,Local,26/07/2026,12000,13000,12500
"Tamil Nadu",Thirupur,"Tiruppur (North) (Uzhavar Sandhai )",Chikoos(Sapota),Sapota,Local,26/07/2026,4500,5000,4750
"Tamil Nadu",Thirupur,"Tiruppur (North) (Uzhavar Sandhai )","Bitter gourd",Other,Local,26/07/2026,4000,4800,4400
"Tamil Nadu",Thirupur,"Tiruppur (North) (Uzhavar Sandhai )","Green Chilli","Green Chilly",Local,26/07/2026,4000,4500,4250
"Tamil Nadu",Thirupur,"Tiruppur (North) (Uzhavar Sandhai )",Ginger(Green),"Green Ginger",Local,26/07/2026,18000,20000,19000
"Tamil Nadu",Thirupur,"Tiruppur (North) (Uzhavar Sandhai )","Sweet Potato","Hosur Red",Local,26/07/2026,3000,4000,3500
"Tamil Nadu",Thirupur,"Tiruppur (North) (Uzhavar Sandhai )",Carrot,Pusakesar,Local,26/07/2026,7000,8000,7500
"Tamil Nadu",Thirupur,"Tiruppur (North) (Uzhavar Sandhai )",Snakeguard,Snakeguard,Local,26/07/2026,3000,3600,3300
"Tamil Nadu",Thirupur,"Tiruppur (North) (Uzhavar Sandhai )","Chow Chow","Chow Chow",Local,26/07/2026,2500,3000,2750
"Tamil Nadu",Thirupur,"Tiruppur (North) (Uzhavar Sandhai )",Drumstick,Drumstick,Local,26/07/2026,5000,6000,5500
"Tamil Nadu",Thirupur,"Tiruppur (North) (Uzhavar Sandhai )",Guava,"Guava Allahabad",Local,26/07/2026,4500,5000,4750
"Tamil Nadu",Thirupur,"Tiruppur (South) (Uzhavar Sandhai )",Potato,Other,Local,26/07/2026,6000,7000,6500
"Tamil Nadu",Thirupur,"Tiruppur (South) (Uzhavar Sandhai )",Cauliflower,Ranchi,Local,26/07/2026,2500,3000,2750
"Tamil Nadu",Thirupur,"Tiruppur (South) (Uzhavar Sandhai )",Amaranthus,Amaranthus,Local,26/07/2026,2500,3000,2750
"Tamil Nadu",Thirupur,"Tiruppur (South) (Uzhavar Sandhai )","Green Chilli","Green Chilly",Local,26/07/2026,4000,5000,4500
"Tamil Nadu",Thirupur,"Tiruppur (South) (Uzhavar Sandhai )",Beans,"Beans (Whole)",Local,26/07/2026,7000,8000,7500
"Tamil Nadu",Thirupur,"Tiruppur (South) (Uzhavar Sandhai )","Chow Chow","Chow Chow",Local,26/07/2026,2500,3000,2750
"Tamil Nadu",Thiruvannamalai,"Chengam(Uzhavar Sandhai )",Amaranthus,Amaranthus,Local,26/07/2026,800,1000,900
"Tamil Nadu",Thiruvannamalai,"Chengam(Uzhavar Sandhai )",Beans,"Beans (Whole)",Local,26/07/2026,7000,8000,7500
"Tamil Nadu",Thiruvannamalai,"Chengam(Uzhavar Sandhai )",Cabbage,Cabbage,Local,26/07/2026,3300,4000,3650
"Tamil Nadu",Thiruvannamalai,"Chengam(Uzhavar Sandhai )",Snakeguard,Snakeguard,Local,26/07/2026,3300,4000,3650
"Tamil Nadu",Thiruvannamalai,"Keelpennathur(Uzhavar Sandhai )",Cauliflower,Ranchi,Local,26/07/2026,2500,3000,2750
"Tamil Nadu",Thiruvannamalai,"Keelpennathur(Uzhavar Sandhai )",Snakeguard,Snakeguard,Local,26/07/2026,5000,6000,5500
"Tamil Nadu",Thiruvannamalai,"Keelpennathur(Uzhavar Sandhai )",Cucumbar(Kheera),Cucumbar,Local,26/07/2026,5000,6000,5500
"Tamil Nadu",Thiruvannamalai,"Keelpennathur(Uzhavar Sandhai )","Chow Chow","Chow Chow",Local,26/07/2026,5000,6000,5500
"Tamil Nadu",Thiruvannamalai,"Tamarainagar(Uzhavar Sandhai )",Banana,Besrai,Local,26/07/2026,5000,6000,5500
"Tamil Nadu",Thiruvannamalai,"Tamarainagar(Uzhavar Sandhai )",Brinjal,Round,Local,26/07/2026,7000,8000,7500
"Tamil Nadu",Thiruvannamalai,"Tamarainagar(Uzhavar Sandhai )",Ashgourd,Gouard,Local,26/07/2026,2500,3000,2750
"Tamil Nadu",Thiruvannamalai,"Tamarainagar(Uzhavar Sandhai )","Bhindi(Ladies Finger)",Bhindi,Local,26/07/2026,3000,3600,3300
"Tamil Nadu",Thiruvannamalai,"Tamarainagar(Uzhavar Sandhai )",Beans,"Beans (Whole)",Local,26/07/2026,7000,8000,7500
"Tamil Nadu",Thiruvannamalai,"Tamarainagar(Uzhavar Sandhai )",Ridgeguard(Tori),Ridgeguard(Tori),Local,26/07/2026,5000,6000,5500
"Tamil Nadu",Thiruvannamalai,"Tamarainagar(Uzhavar Sandhai )","Green Avare(W)","Green Avare (W)",Local,26/07/2026,5000,6000,5500
"Tamil Nadu",Thiruvannamalai,"Tamarainagar(Uzhavar Sandhai )",Guava,"Guava Allahabad",Local,26/07/2026,5000,6000,5500
"Tamil Nadu",Thiruvannamalai,"Tamarainagar(Uzhavar Sandhai )","Amla(Nelli Kai)",Amla,Local,26/07/2026,8000,10000,9000
"Tamil Nadu",Thiruvannamalai,"Vandavasi(Uzhavar Sandhai )",Potato,Other,Local,26/07/2026,2500,3000,2750
"Tamil Nadu",Thiruvannamalai,"Vandavasi(Uzhavar Sandhai )",Coriander(Leaves),"I Sort",Local,26/07/2026,4000,5000,4500
"Tamil Nadu",Thiruvannamalai,"Vandavasi(Uzhavar Sandhai )","Bhindi(Ladies Finger)",Bhindi,Local,26/07/2026,3600,4200,3900
"Tamil Nadu",Thiruvannamalai,"Vandavasi(Uzhavar Sandhai )",Snakeguard,Snakeguard,Local,26/07/2026,2500,3000,2750
"Tamil Nadu",Thiruvannamalai,"Vandavasi(Uzhavar Sandhai )",Guava,"Guava Allahabad",Local,26/07/2026,4000,5000,4500
"Tamil Nadu",Thiruvannamalai,"Vandavasi(Uzhavar Sandhai )",Yam(Ratalu),"Yam (Ratalu)",Local,26/07/2026,4000,5000,4500
"Tamil Nadu",Thiruvannamalai,"Vandavasi(Uzhavar Sandhai )",Colacasia,Colacasia,Local,26/07/2026,3600,4200,3900
"Tamil Nadu",Thiruvarur,"Muthupettai(Uzhavar Sandhai )",Onion,Bellary,Local,26/07/2026,3600,3600,3600
"Tamil Nadu",Thiruvarur,"Muthupettai(Uzhavar Sandhai )",Brinjal,Round,Local,26/07/2026,4000,4000,4000
"Tamil Nadu",Thiruvarur,"Muthupettai(Uzhavar Sandhai )",Pumpkin,Pumpkin,Local,26/07/2026,2400,2400,2400
"Tamil Nadu",Thiruvarur,"Muthupettai(Uzhavar Sandhai )","Bhindi(Ladies Finger)",Bhindi,Local,26/07/2026,3600,3600,3600
"Tamil Nadu",Thiruvarur,"Muthupettai(Uzhavar Sandhai )",Mango(Raw-Ripe),"Mango - Raw-Ripe",Local,26/07/2026,2000,2000,2000
Bihar,Sheikhpura,"Barbigha APMC",Brinjal,"Arkasheela Mattigulla",FAQ,26/07/2026,2940,3100,3015
"Tamil Nadu",Thiruvarur,"Needamangalam(Uzhavar Sandhai )",Coriander(Leaves),"I Sort",Local,26/07/2026,6000,6000,6000
"Tamil Nadu",Thiruvarur,"Needamangalam(Uzhavar Sandhai )","Green Avare(W)","Green Avare (W)",Local,26/07/2026,5400,5400,5400
"Tamil Nadu",Thiruvarur,"Tiruvarur(Uzhavar Sandhai )","Bitter gourd","Bitter Gourd",Local,26/07/2026,6000,6000,6000
"Tamil Nadu",Thiruvarur,"Tiruvarur(Uzhavar Sandhai )","Bhindi(Ladies Finger)",Bhindi,Local,26/07/2026,4000,4000,4000
"Tamil Nadu",Thiruvarur,"Tiruvarur(Uzhavar Sandhai )",Amaranthus,Amaranthus,Local,26/07/2026,1500,2000,1750
"Tamil Nadu",Thiruvarur,"Tiruvarur(Uzhavar Sandhai )","Banana - Green","Banana - Green",Local,26/07/2026,3500,3500,3500
"Tamil Nadu",Thiruvarur,"Tiruvarur(Uzhavar Sandhai )",Lime,Lime,Local,26/07/2026,3000,3000,3000
"Uttar Pradesh",Unnao,"Bangarmau APMC",Wheat,Dara,FAQ,26/07/2026,2400,2400,2400
"Uttar Pradesh",Barabanki,"Barabanki APMC",Wheat,Medium,FAQ,26/07/2026,2500,2500,2500
"Uttar Pradesh",Barabanki,"Barabanki APMC",Wheat,Hybrid,FAQ,26/07/2026,2450,2450,2450
"Uttar Pradesh",Barabanki,"Barabanki APMC",Wheat,Dara,FAQ,26/07/2026,2450,2450,2450
"Tamil Nadu",Villupuram,"Gingee(Uzhavar Sandhai )","Cluster beans","Cluster Beans",Local,26/07/2026,3500,3500,3500
"Tamil Nadu",Villupuram,"Gingee(Uzhavar Sandhai )","Bottle gourd","Bottle Gourd",Local,26/07/2026,2500,2500,2500
"Tamil Nadu",Villupuram,"Gingee(Uzhavar Sandhai )",Cabbage,Cabbage,Local,26/07/2026,4000,4000,4000
"Tamil Nadu",Villupuram,"Gingee(Uzhavar Sandhai )",Mango(Raw-Ripe),"Mango - Raw-Ripe",Local,26/07/2026,2500,2500,2500
"Tamil Nadu",Villupuram,"Gingee(Uzhavar Sandhai )","Knool Khol","Knool Khol",Local,26/07/2026,7000,7000,7000
"Tamil Nadu",Villupuram,"Gingee(Uzhavar Sandhai )","Tender Coconut","Tender Coconut",Local,26/07/2026,3500,4000,3750
"Tamil Nadu",Villupuram,"Gingee(Uzhavar Sandhai )",Yam(Ratalu),"Yam (Ratalu)",Local,26/07/2026,6000,6000,6000
"Tamil Nadu",Villupuram,"Gingee(Uzhavar Sandhai )","Amla(Nelli Kai)",Amla,Local,26/07/2026,8000,8000,8000
"Tamil Nadu",Thiruvarur,"Valangaiman APMC",Brinjal,Round,Local,26/07/2026,5000,5000,5000
"Tamil Nadu",Thiruvarur,"Valangaiman APMC","Bottle gourd","Bottle Gourd",Local,26/07/2026,3000,3000,3000
"Tamil Nadu",Thiruvarur,"Valangaiman APMC",Amaranthus,Amaranthus,Local,26/07/2026,2000,2000,2000
"Tamil Nadu",Thiruvarur,"Valangaiman APMC","Green Chilli","Green Chilly",Local,26/07/2026,4000,4000,4000
"Tamil Nadu",Thiruvarur,"Valangaiman APMC","Banana - Green","Banana - Green",Local,26/07/2026,4000,4000,4000
"Tamil Nadu",Virudhunagar,"Aruppukottai(Uzhavar Sandhai )",Potato,"Red Nanital",Local,26/07/2026,3000,3500,3250
"Tamil Nadu",Virudhunagar,"Aruppukottai(Uzhavar Sandhai )",Banana,Besrai,Local,26/07/2026,3500,4000,3750
"Tamil Nadu",Virudhunagar,"Aruppukottai(Uzhavar Sandhai )",Tomato,Deshi,Local,26/07/2026,1800,2000,1900
"Tamil Nadu",Virudhunagar,"Aruppukottai(Uzhavar Sandhai )","Bitter gourd",Other,Local,26/07/2026,7500,8000,7750
"Tamil Nadu",Virudhunagar,"Aruppukottai(Uzhavar Sandhai )",Beans,"Beans (Whole)",Local,26/07/2026,8500,9000,8750
"Tamil Nadu",Virudhunagar,"Aruppukottai(Uzhavar Sandhai )",Thondekai,Thondekai,Local,26/07/2026,3500,4000,3750
"Tamil Nadu",Virudhunagar,"Aruppukottai(Uzhavar Sandhai )","Green Avare(W)","Green Avare (W)",Local,26/07/2026,6500,7000,6750
"Tamil Nadu",Virudhunagar,"Aruppukottai(Uzhavar Sandhai )",Colacasia,Colacasia,Local,26/07/2026,5500,6000,5750
"Andhra Pradesh",Srikakulam,"Ichapuram APMC",Paddy(Common),Sannalu,Local,26/07/2026,2369,2369,2369
"Uttar Pradesh",Pillibhit,"Bishalpur APMC",Wheat,Dara,FAQ,26/07/2026,2500,2500,2500
"Uttar Pradesh",Aligarh,"Charra APMC",Maize,Other,FAQ,26/07/2026,1950,2100,2041.95
"Tamil Nadu",Virudhunagar,"Kariyapatti(Uzhavar Sandhai )",Chikoos(Sapota),Sapota,Local,26/07/2026,3500,4000,3750
"Tamil Nadu",Virudhunagar,"Kariyapatti(Uzhavar Sandhai )",Snakeguard,Snakeguard,Local,26/07/2026,4500,5000,4750
"Tamil Nadu",Virudhunagar,"Kariyapatti(Uzhavar Sandhai )",Raddish,Raddish,Local,26/07/2026,3500,4000,3750
"Tamil Nadu",Virudhunagar,"Kariyapatti(Uzhavar Sandhai )","Chow Chow","Chow Chow",Local,26/07/2026,3500,4000,3750
"Tamil Nadu",Virudhunagar,"Kariyapatti(Uzhavar Sandhai )",Lemon,Lemon,Local,26/07/2026,6500,7000,6750
"Uttar Pradesh",Bulandshahar,"Divai APMC",Maize,Other,FAQ,26/07/2026,1900,1900,1900
"Tamil Nadu",Thiruvellore,"Tiruvallur(Uzhavar Sandhai )","Bottle gourd","Bottle Gourd",Local,26/07/2026,3000,3000,3000
"Tamil Nadu",Thiruvellore,"Tiruvallur(Uzhavar Sandhai )",Ashgourd,Gouard,Local,26/07/2026,3000,3000,3000
"Tamil Nadu",Thiruvellore,"Tiruvallur(Uzhavar Sandhai )","Banana - Green","Banana - Green",Local,26/07/2026,4000,4000,4000
"Tamil Nadu",Thiruvellore,"Tiruvallur(Uzhavar Sandhai )",Coconut,Coconut,Local,26/07/2026,6000,6000,6000
"Madhya Pradesh",Dhar,"Manawar(F&V) APMC","Green Chilli","Green Chilly","Grade B",26/07/2026,2600,3000,2725
"Madhya Pradesh",Dhar,"Manawar(F&V) APMC","Bottle gourd","Bottle Gourd","Grade B",26/07/2026,700,850,714
"Madhya Pradesh",Dhar,"Manawar(F&V) APMC","Sponge gourd","Sponge gourd","Grade B",26/07/2026,1000,1200,1033
"Madhya Pradesh",Dhar,"Manawar(F&V) APMC",Pumpkin,Pumpkin,"Grade B",26/07/2026,600,800,666
"Madhya Pradesh",Dhar,"Manawar(F&V) APMC","Pea Pod/Pea Cod/हरी मटर",Pea,"Grade B",26/07/2026,1300,1800,1400
"Tamil Nadu",Vellore,"Katpadi (Uzhavar Sandhai )",Garlic,Garlic,Local,26/07/2026,20000,20000,20000
"Tamil Nadu",Vellore,"Katpadi (Uzhavar Sandhai )",Groundnut,"Big (With Shell)",Local,26/07/2026,8000,8000,8000
"Tamil Nadu",Vellore,"Katpadi (Uzhavar Sandhai )",Apple,American,Local,26/07/2026,25000,25000,25000
"Tamil Nadu",Vellore,"Katpadi (Uzhavar Sandhai )",Cauliflower,Ranchi,Local,26/07/2026,2500,3000,2750
"Tamil Nadu",Vellore,"Katpadi (Uzhavar Sandhai )","Bitter gourd","Bitter Gourd",Local,26/07/2026,7000,7000,7000
"Tamil Nadu",Vellore,"Katpadi (Uzhavar Sandhai )",Beans,"Beans (Whole)",Local,26/07/2026,8000,8000,8000
"Tamil Nadu",Vellore,"Katpadi (Uzhavar Sandhai )",Ginger(Green),"Green Ginger",Local,26/07/2026,18000,18000,18000
"Tamil Nadu",Vellore,"Katpadi (Uzhavar Sandhai )",Raddish,Raddish,Local,26/07/2026,3500,3500,3500
"Tamil Nadu",Vellore,"Katpadi (Uzhavar Sandhai )",Mango(Raw-Ripe),"Mango - Raw-Ripe",Local,26/07/2026,2000,2500,2250
"Tamil Nadu",Vellore,"Katpadi (Uzhavar Sandhai )",Rose(Local),"Rose (Local)",Local,26/07/2026,13000,13000,13000
"Tamil Nadu",Madurai,"Thirumangalam(Uzhavar Sandhai )",Papaya,Papaya,Local,26/07/2026,4000,4500,4250
"Tamil Nadu",Madurai,"Thirumangalam(Uzhavar Sandhai )",Amaranthus,Amaranthus,Local,26/07/2026,3000,3600,3300
"Tamil Nadu",Madurai,"Thirumangalam(Uzhavar Sandhai )",Coconut,Coconut,Local,26/07/2026,5000,6000,5500
"Tamil Nadu",Madurai,"Thirumangalam(Uzhavar Sandhai )",Raddish,Raddish,Local,26/07/2026,3000,3500,3250
"Tamil Nadu",Madurai,"Thirumangalam(Uzhavar Sandhai )","Green Avare(W)","Green Avare (W)",Local,26/07/2026,9000,9500,9250
"Tamil Nadu",Madurai,"Thirumangalam(Uzhavar Sandhai )",Lemon,Lemon,Local,26/07/2026,5000,6000,5500
"Tamil Nadu",Madurai,"Melur(Uzhavar Sandhai )",Ashgourd,Gouard,Local,26/07/2026,2400,2600,2500
"Tamil Nadu",Madurai,"Melur(Uzhavar Sandhai )","Bhindi(Ladies Finger)",Bhindi,Local,26/07/2026,3000,3600,3300
"Tamil Nadu",Madurai,"Melur(Uzhavar Sandhai )",Amaranthus,Amaranthus,Local,26/07/2026,3000,3600,3300
"Tamil Nadu",Madurai,"Melur(Uzhavar Sandhai )",Coconut,Coconut,Local,26/07/2026,5800,6000,5900
"Tamil Nadu",Madurai,"Melur(Uzhavar Sandhai )",Ridgeguard(Tori),Ridgeguard(Tori),Local,26/07/2026,6000,6500,6250
"Tamil Nadu",Madurai,"Melur(Uzhavar Sandhai )","Green Avare(W)","Green Avare (W)",Local,26/07/2026,8500,9500,9000
"Tamil Nadu",Madurai,"Melur(Uzhavar Sandhai )",Drumstick,Drumstick,Local,26/07/2026,6000,7000,6500
"Tamil Nadu",Madurai,"Melur(Uzhavar Sandhai )",Lime,Lime,Local,26/07/2026,2500,4000,3250
"Tamil Nadu",Madurai,"Melur(Uzhavar Sandhai )","Elephant Yam(Suran)/Amorphophallus","Elephant Yam (Suran)",Local,26/07/2026,4000,4500,4250
"Tamil Nadu",Salem,"Vazhapadi(Uzhavar Sandhai)",Chikoos(Sapota),Sapota,Local,26/07/2026,4000,4000,4000
"Tamil Nadu",Salem,"Vazhapadi(Uzhavar Sandhai)",Papaya,Papaya,Local,26/07/2026,4000,4000,4000
"Tamil Nadu",Salem,"Vazhapadi(Uzhavar Sandhai)",Cucumbar(Kheera),Cucumbar,Local,26/07/2026,5000,5000,5000
"Tamil Nadu",Salem,"Vazhapadi(Uzhavar Sandhai)",Raddish,Raddish,Local,26/07/2026,3400,3400,3400
"Tamil Nadu",Salem,"Vazhapadi(Uzhavar Sandhai)","Green Avare(W)","Green Avare (W)",Local,26/07/2026,8000,8600,8300
"Tamil Nadu",Salem,"Vazhapadi(Uzhavar Sandhai)",Drumstick,Drumstick,Local,26/07/2026,6000,6000,6000
"Tamil Nadu",Salem,"Vazhapadi(Uzhavar Sandhai)","Tamarind Fruit","Tamarind Fruit",Local,26/07/2026,15000,15000,15000
"Tamil Nadu",Salem,"Vazhapadi(Uzhavar Sandhai)","Onion Green","Onion Green",Local,26/07/2026,5000,6000,5500
"Tamil Nadu",Salem,"Vazhapadi(Uzhavar Sandhai)",Mint(Pudina),Mint(Pudina),Local,26/07/2026,5000,5000,5000
"Tamil Nadu",Karur,"Gandhigramam(Uzhavar Sandhai)",Tomato,Other,Local,26/07/2026,1800,2000,1900
"Tamil Nadu",Karur,"Gandhigramam(Uzhavar Sandhai)",Ashgourd,Gouard,Local,26/07/2026,2500,2800,2650
"Tamil Nadu",Karur,"Gandhigramam(Uzhavar Sandhai)",Pumpkin,Pumpkin,Local,26/07/2026,2500,2800,2650
"Tamil Nadu",Karur,"Gandhigramam(Uzhavar Sandhai)",Amaranthus,Amaranthus,Local,26/07/2026,2000,2500,2250
"Tamil Nadu",Karur,"Gandhigramam(Uzhavar Sandhai)","Sweet Potato","Hosur Red",Local,26/07/2026,3500,4000,3750
"Tamil Nadu",Karur,"Gandhigramam(Uzhavar Sandhai)",Beetroot,Beetroot,Local,26/07/2026,9500,10000,9750
"Tamil Nadu",Karur,"Gandhigramam(Uzhavar Sandhai)",Thondekai,Thondekai,Local,26/07/2026,5000,5500,5250
"Tamil Nadu",Karur,"Gandhigramam(Uzhavar Sandhai)","Chow Chow","Chow Chow",Local,26/07/2026,3500,4000,3750
"Tamil Nadu",Karur,"Gandhigramam(Uzhavar Sandhai)","Elephant Yam(Suran)/Amorphophallus","Elephant Yam (Suran)",Local,26/07/2026,4000,5000,4500
"Tamil Nadu",Karur,"Gandhigramam(Uzhavar Sandhai)",Mint(Pudina),Mint(Pudina),Local,26/07/2026,6500,7000,6750
"Tamil Nadu",Pudukkottai,"Aranthangi(Uzhavar Sandhai )",Papaya,Papaya,Local,26/07/2026,2500,3000,2750
"Tamil Nadu",Pudukkottai,"Aranthangi(Uzhavar Sandhai )","Banana - Green","Banana - Green",Local,26/07/2026,2500,3000,2750
"Tamil Nadu",Pudukkottai,"Aranthangi(Uzhavar Sandhai )","Green Avare(W)",Other,Local,26/07/2026,6000,7000,6500
"Tamil Nadu",Pudukkottai,"Aranthangi(Uzhavar Sandhai )","Onion Green","Onion Green",Local,26/07/2026,6000,7000,6500
"Tamil Nadu",Coimbatore,"Sulur(Uzhavar Sandhai )",Potato,Other,Local,26/07/2026,6000,7800,6900
"Tamil Nadu",Coimbatore,"Sulur(Uzhavar Sandhai )",Garlic,Garlic,Local,26/07/2026,20000,22000,21000
"Tamil Nadu",Coimbatore,"Sulur(Uzhavar Sandhai )","Bitter gourd","Bitter Gourd",Local,26/07/2026,6000,6500,6250
"Tamil Nadu",Coimbatore,"Sulur(Uzhavar Sandhai )",Tapioca,Tapioca,Local,26/07/2026,3000,3500,3250
"Tamil Nadu",Coimbatore,"Sulur(Uzhavar Sandhai )",Ridgeguard(Tori),Ridgeguard(Tori),Local,26/07/2026,6000,6500,6250
"Tamil Nadu",Coimbatore,"Sulur(Uzhavar Sandhai )",Lemon,Lemon,Local,26/07/2026,8000,8500,8250
"Tamil Nadu",Coimbatore,"Sulur(Uzhavar Sandhai )","Amla(Nelli Kai)",Amla,Local,26/07/2026,8000,8500,8250
"Tamil Nadu",Coimbatore,"Sulur(Uzhavar Sandhai )","Onion Green","Onion Green",Local,26/07/2026,5500,5800,5650
"Tamil Nadu",Coimbatore,"Sulur(Uzhavar Sandhai )",Mint(Pudina),Mint(Pudina),Local,26/07/2026,6500,7000,6750
"Tamil Nadu",Pudukkottai,"Gandarvakottai(Uzhavar Sandhai )",Coriander(Leaves),"I Sort",Local,26/07/2026,4500,5000,4750
"Tamil Nadu",Pudukkottai,"Gandarvakottai(Uzhavar Sandhai )","Cluster beans","Cluster Beans",Local,26/07/2026,4500,5000,4750
"Tamil Nadu",Pudukkottai,"Gandarvakottai(Uzhavar Sandhai )","Bhindi(Ladies Finger)",Bhindi,Local,26/07/2026,3500,4000,3750
"Tamil Nadu",Pudukkottai,"Gandarvakottai(Uzhavar Sandhai )",Raddish,Raddish,Local,26/07/2026,3000,3500,3250
"Tamil Nadu",Pudukkottai,"Gandarvakottai(Uzhavar Sandhai )",Mint(Pudina),Mint(Pudina),Local,26/07/2026,4500,5000,4750
"Tamil Nadu",Cuddalore,"Panruti(Uzhavar Sandhai )",Onion,Bellary,Local,26/07/2026,3500,4000,3750
"Tamil Nadu",Cuddalore,"Panruti(Uzhavar Sandhai )","Cluster beans","Cluster Beans",Local,26/07/2026,4000,4000,4000
"Tamil Nadu",Cuddalore,"Panruti(Uzhavar Sandhai )","Bitter gourd","Bitter Gourd",Local,26/07/2026,6000,6000,6000
"Tamil Nadu",Cuddalore,"Panruti(Uzhavar Sandhai )",Coconut,Coconut,Local,26/07/2026,5000,6000,5500
"Tamil Nadu",Cuddalore,"Panruti(Uzhavar Sandhai )",Ridgeguard(Tori),Ridgeguard(Tori),Local,26/07/2026,5000,5000,5000
"Tamil Nadu",Cuddalore,"Panruti(Uzhavar Sandhai )",Drumstick,Drumstick,Local,26/07/2026,5000,5000,5000
"Tamil Nadu",Cuddalore,"Vadalur(Uzhavar Sandhai )",Onion,Bellary,Local,26/07/2026,3000,4000,3500
"Tamil Nadu",Cuddalore,"Vadalur(Uzhavar Sandhai )",Potato,Other,Local,26/07/2026,4000,5000,4500
"Tamil Nadu",Cuddalore,"Vadalur(Uzhavar Sandhai )",Brinjal,Other,Local,26/07/2026,6000,6000,6000
"Tamil Nadu",Cuddalore,"Vadalur(Uzhavar Sandhai )",Cabbage,Cabbage,Local,26/07/2026,4000,4000,4000
"Tamil Nadu",Cuddalore,"Vadalur(Uzhavar Sandhai )",Cucumbar(Kheera),Cucumbar,Local,26/07/2026,4000,4000,4000
"Tamil Nadu",Dharmapuri,"AJattihalli(Uzhavar Sandhai )",Brinjal,Other,Local,26/07/2026,3200,3600,3400
"Tamil Nadu",Dharmapuri,"AJattihalli(Uzhavar Sandhai )",Coriander(Leaves),"I Sort",Local,26/07/2026,7000,8000,7500
"Tamil Nadu",Dharmapuri,"AJattihalli(Uzhavar Sandhai )",Papaya,Papaya,Local,26/07/2026,3000,3500,3250
"Tamil Nadu",Dharmapuri,"AJattihalli(Uzhavar Sandhai )","Cluster beans","Cluster Beans",Local,26/07/2026,3200,3200,3200
"Tamil Nadu",Dharmapuri,"AJattihalli(Uzhavar Sandhai )",Pumpkin,Pumpkin,Local,26/07/2026,1800,1800,1800
"Tamil Nadu",Dharmapuri,"AJattihalli(Uzhavar Sandhai )",Cucumbar(Kheera),Cucumbar,Local,26/07/2026,4500,4500,4500
"Tamil Nadu",Dharmapuri,"AJattihalli(Uzhavar Sandhai )",Ridgeguard(Tori),Ridgeguard(Tori),Local,26/07/2026,4000,4000,4000
"Tamil Nadu",Dharmapuri,"AJattihalli(Uzhavar Sandhai )",Raddish,Raddish,Local,26/07/2026,2000,2400,2200
"Tamil Nadu",Dharmapuri,"AJattihalli(Uzhavar Sandhai )",Capsicum,Capsicum,Local,26/07/2026,9000,9000,9000
"Tamil Nadu",Dharmapuri,"AJattihalli(Uzhavar Sandhai )","Green Avare(W)",Other,Local,26/07/2026,5500,5500,5500
"Tamil Nadu",Dharmapuri,"AJattihalli(Uzhavar Sandhai )","Chow Chow","Chow Chow",Local,26/07/2026,4800,4800,4800
"Tamil Nadu",Dharmapuri,"AJattihalli(Uzhavar Sandhai )",Guava,"Guava Allahabad",Local,26/07/2026,6000,6000,6000
"Tamil Nadu",Dharmapuri,"AJattihalli(Uzhavar Sandhai )","Amla(Nelli Kai)",Amla,Local,26/07/2026,8000,8000,8000
Keralam,Thirssur,"Chelakkara VFPCK Market",Cowpea(Veg),Other,"Grade A",26/07/2026,5500,6000,6000
"Tamil Nadu",Nagapattinam,"Vedaranyam(Uzhavar Sandhai)",Pumpkin,Pumpkin,Local,26/07/2026,2200,2500,2350
"Tamil Nadu",Nagapattinam,"Vedaranyam(Uzhavar Sandhai)","Bhindi(Ladies Finger)",Bhindi,Local,26/07/2026,4200,4500,4350
"Tamil Nadu",Nagapattinam,"Vedaranyam(Uzhavar Sandhai)",Coconut,Coconut,Local,26/07/2026,4500,5000,4750
"Tamil Nadu",Nagapattinam,"Vedaranyam(Uzhavar Sandhai)",Snakeguard,Snakeguard,Local,26/07/2026,3400,3600,3500
"Tamil Nadu",Nagapattinam,"Vedaranyam(Uzhavar Sandhai)","Chow Chow","Chow Chow",Local,26/07/2026,2000,2400,2200
"Uttar Pradesh",Ayodhya,"Ayodhya APMC",Paddy(Common),Common,FAQ,26/07/2026,2000,2000,2000
"Tamil Nadu",Vellore,"Perampet(Uzhavar Sandhai)",Onion,Bellary,Local,26/07/2026,3000,3500,3250
"Tamil Nadu",Vellore,"Perampet(Uzhavar Sandhai)","Bitter gourd","Bitter Gourd",Local,26/07/2026,5000,5000,5000
"Tamil Nadu",Vellore,"Perampet(Uzhavar Sandhai)",Pumpkin,Pumpkin,Local,26/07/2026,2400,2400,2400
"Tamil Nadu",Vellore,"Perampet(Uzhavar Sandhai)",Cucumbar(Kheera),Cucumbar,Local,26/07/2026,3000,3000,3000
"Tamil Nadu",Vellore,"Perampet(Uzhavar Sandhai)",Guava,"Guava Allahabad",Local,26/07/2026,4000,4600,4300
"Tamil Nadu",Vellore,"Perampet(Uzhavar Sandhai)","Elephant Yam(Suran)/Amorphophallus","Elephant Yam (Suran)",Local,26/07/2026,5000,5600,5300
"Tamil Nadu",Vellore,"Perampet(Uzhavar Sandhai)",Mint(Pudina),Mint(Pudina),Local,26/07/2026,4000,4000,4000
"Tamil Nadu",Thanjavur,"Peravurani(Uzhavar Sandhai)",Pumpkin,Pumpkin,Local,26/07/2026,2500,2500,2500
"Tamil Nadu",Thanjavur,"Peravurani(Uzhavar Sandhai)",Raddish,Raddish,Local,26/07/2026,3000,3000,3000
Maharashtra,Pune,"Pune(Pimpri) APMC",Spinach,Other,Local,26/07/2026,8,10,9
Maharashtra,Pune,"Pune(Pimpri) APMC",Tomato,Local,Local,26/07/2026,2000,2000,2000
"Madhya Pradesh",Badwani,"Sendhwa(F&V) APMC","Bottle gourd","Bottle Gourd",Medium,26/07/2026,700,1200,900
"Madhya Pradesh",Badwani,"Sendhwa(F&V) APMC",Cabbage,Cabbage,Medium,26/07/2026,700,1400,1000
"Madhya Pradesh",Badwani,"Sendhwa(F&V) APMC",Brinjal,Round,Small,26/07/2026,800,1300,900
"Madhya Pradesh",Badwani,"Sendhwa(F&V) APMC","Green Chilli","Green Chilly",Medium,26/07/2026,1000,1400,1200
"Tamil Nadu",Karur,"Kulithalai(Uzhavar Sandhai )",Brinjal,Other,Local,26/07/2026,4000,4400,4200
"Tamil Nadu",Karur,"Kulithalai(Uzhavar Sandhai )",Papaya,Papaya,Local,26/07/2026,2500,3000,2750
"Tamil Nadu",Karur,"Kulithalai(Uzhavar Sandhai )","Bitter gourd",Other,Local,26/07/2026,5000,5500,5250
"Tamil Nadu",Karur,"Kulithalai(Uzhavar Sandhai )",Ginger(Green),"Green Ginger",Local,26/07/2026,19500,20000,19750
"Tamil Nadu",Karur,"Kulithalai(Uzhavar Sandhai )",Cucumbar(Kheera),Cucumbar,Local,26/07/2026,6000,6500,6250
"Tamil Nadu",Karur,"Kulithalai(Uzhavar Sandhai )",Ridgeguard(Tori),Ridgeguard(Tori),Local,26/07/2026,5000,5600,5300
"Tamil Nadu",Karur,"Kulithalai(Uzhavar Sandhai )","Amla(Nelli Kai)",Amla,Local,26/07/2026,7500,8000,7750
"Tamil Nadu",Karur,"Kulithalai(Uzhavar Sandhai )","Onion Green","Onion Green",Local,26/07/2026,5500,6000,5750
"Tamil Nadu",Karur,"Pallapatti (Uzhavar Sandhai )",Coriander(Leaves),"I Sort",Local,26/07/2026,6500,7000,6750
"Tamil Nadu",Karur,"Pallapatti (Uzhavar Sandhai )",Papaya,Papaya,Local,26/07/2026,2500,3000,2750
"Tamil Nadu",Karur,"Pallapatti (Uzhavar Sandhai )",Tomato,Other,Local,26/07/2026,1800,2000,1900
"Tamil Nadu",Karur,"Pallapatti (Uzhavar Sandhai )","Bitter gourd",Other,Local,26/07/2026,6500,7000,6750
"Tamil Nadu",Karur,"Pallapatti (Uzhavar Sandhai )","Bottle gourd","Bottle Gourd",Local,26/07/2026,2000,2500,2250
"Tamil Nadu",Karur,"Pallapatti (Uzhavar Sandhai )",Ashgourd,Gouard,Local,26/07/2026,2000,2500,2250
"Tamil Nadu",Karur,"Pallapatti (Uzhavar Sandhai )","Banana - Green","Banana - Green",Local,26/07/2026,2500,3000,2750
"Tamil Nadu",Karur,"Pallapatti (Uzhavar Sandhai )",Tapioca,Tapioca,Local,26/07/2026,2500,3000,2750
"Tamil Nadu",Karur,"Pallapatti (Uzhavar Sandhai )",Coconut,Coconut,Local,26/07/2026,4500,5000,4750
"Tamil Nadu",Karur,"Pallapatti (Uzhavar Sandhai )","Amla(Nelli Kai)",Amla,Local,26/07/2026,6500,7000,6750
"Tamil Nadu",Karur,"Pallapatti (Uzhavar Sandhai )","Onion Green","Onion Green",Local,26/07/2026,5500,6000,5750
"Tamil Nadu",Karur,"Velayuthampalayam(Uzhavar Sandhai )",Coriander(Leaves),"I Sort",Local,26/07/2026,7000,8000,7500
"Tamil Nadu",Karur,"Velayuthampalayam(Uzhavar Sandhai )","Cluster beans","Cluster Beans",Local,26/07/2026,3200,4000,3600
"Tamil Nadu",Karur,"Velayuthampalayam(Uzhavar Sandhai )","Bottle gourd","Bottle Gourd",Local,26/07/2026,2000,2500,2250
"Tamil Nadu",Karur,"Velayuthampalayam(Uzhavar Sandhai )","Green Avare(W)",Other,Local,26/07/2026,9000,10000,9500
"Tamil Nadu",Karur,"Velayuthampalayam(Uzhavar Sandhai )","Onion Green","Onion Green",Local,26/07/2026,5500,6500,6000
"Tamil Nadu",Karur,"Vengamedu(Uzhavar Sandhai )","Cluster beans","Cluster Beans",Local,26/07/2026,3500,4000,3750
"Tamil Nadu",Karur,"Vengamedu(Uzhavar Sandhai )",Amaranthus,Amaranthus,Local,26/07/2026,2000,2500,2250
"Tamil Nadu",Karur,"Vengamedu(Uzhavar Sandhai )",Snakeguard,Snakeguard,Local,26/07/2026,4000,4500,4250
"Tamil Nadu",Theni,"Devaram(Uzhavar Sandhai )",Onion,Bellary,Local,26/07/2026,3800,3800,3800
"Tamil Nadu",Theni,"Devaram(Uzhavar Sandhai )",Mango,Safeda,Local,26/07/2026,5000,5000,5000
"Tamil Nadu",Theni,"Devaram(Uzhavar Sandhai )",Papaya,Papaya,Local,26/07/2026,3000,3000,3000
"Tamil Nadu",Theni,"Devaram(Uzhavar Sandhai )","Bitter gourd","Bitter Gourd",Local,26/07/2026,5400,5400,5400
"Tamil Nadu",Theni,"Devaram(Uzhavar Sandhai )","Bottle gourd","Bottle Gourd",Local,26/07/2026,1600,1600,1600
"Tamil Nadu",Theni,"Devaram(Uzhavar Sandhai )","Bhindi(Ladies Finger)",Bhindi,Local,26/07/2026,4000,4000,4000
"Tamil Nadu",Theni,"Devaram(Uzhavar Sandhai )",Mango(Raw-Ripe),"Mango - Raw-Ripe",Local,26/07/2026,3000,3000,3000
"Tamil Nadu",Theni,"Devaram(Uzhavar Sandhai )","Amla(Nelli Kai)",Amla,Local,26/07/2026,6000,6000,6000
"Tamil Nadu",Theni,"Devaram(Uzhavar Sandhai )","Onion Green","Onion Green",Local,26/07/2026,6000,6000,6000
"Tamil Nadu",Salem,"Attayampatti(Uzhavar Sandhai )",Groundnut,"Big (With Shell)",Local,26/07/2026,7000,7000,7000
"Tamil Nadu",Salem,"Attayampatti(Uzhavar Sandhai )","Bitter gourd","Bitter Gourd",Local,26/07/2026,5000,5500,5250
"Tamil Nadu",Salem,"Attayampatti(Uzhavar Sandhai )",Amaranthus,Amaranthus,Local,26/07/2026,2400,2800,2600
"Tamil Nadu",Salem,"Attayampatti(Uzhavar Sandhai )","Sweet Potato","Hosur Red",Local,26/07/2026,4000,4000,4000
"Tamil Nadu",Salem,"Attayampatti(Uzhavar Sandhai )",Mango(Raw-Ripe),"Mango - Raw-Ripe",Local,26/07/2026,2000,2500,2250
"Tamil Nadu",Salem,"Attayampatti(Uzhavar Sandhai )",Lemon,Lemon,Local,26/07/2026,4500,5000,4750
"Tamil Nadu",Salem,"Attayampatti(Uzhavar Sandhai )","Onion Green","Onion Green",Local,26/07/2026,5000,5400,5200
"Tamil Nadu",Sivaganga,"Sivagangai (Uzhavar Sandhai )",Onion,Bellary,Local,26/07/2026,4000,4200,4100
"Tamil Nadu",Sivaganga,"Sivagangai (Uzhavar Sandhai )",Potato,"Red Nanital",Local,26/07/2026,5800,6200,6000
"Tamil Nadu",Sivaganga,"Sivagangai (Uzhavar Sandhai )","Cluster beans","Cluster Beans",Local,26/07/2026,3200,3800,3500
"Tamil Nadu",Sivaganga,"Sivagangai (Uzhavar Sandhai )","Banana - Green","Banana - Green",Local,26/07/2026,3000,3000,3000
"Tamil Nadu",Sivaganga,"Sivagangai (Uzhavar Sandhai )",Cabbage,Cabbage,Local,26/07/2026,3200,3800,3500
"Tamil Nadu",Sivaganga,"Sivagangai (Uzhavar Sandhai )",Lime,Lime,Local,26/07/2026,14000,15000,14500
"Tamil Nadu",Sivaganga,"Sivagangai (Uzhavar Sandhai )","Elephant Yam(Suran)/Amorphophallus","Elephant Yam (Suran)",Local,26/07/2026,4200,4600,4400
"Tamil Nadu",Sivaganga,"Devakottai (Uzhavar Sandhai )","Cluster beans","Cluster Beans",Local,26/07/2026,3200,3800,3500
"Tamil Nadu",Sivaganga,"Devakottai (Uzhavar Sandhai )","Bottle gourd","Bottle Gourd",Local,26/07/2026,3200,3400,3300
"Tamil Nadu",Sivaganga,"Devakottai (Uzhavar Sandhai )","Banana - Green","Banana - Green",Local,26/07/2026,2500,3000,2750
"Tamil Nadu",Sivaganga,"Devakottai (Uzhavar Sandhai )",Beetroot,Beetroot,Local,26/07/2026,4200,6000,5100
"Tamil Nadu",Sivaganga,"Devakottai (Uzhavar Sandhai )","Green Avare(W)",Other,Local,26/07/2026,6000,7200,6600
"Tamil Nadu",Sivaganga,"Devakottai (Uzhavar Sandhai )","Chow Chow","Chow Chow",Local,26/07/2026,2500,3400,2950
"Tamil Nadu",Sivaganga,"Devakottai (Uzhavar Sandhai )",Drumstick,Drumstick,Local,26/07/2026,3500,4400,3950
"Tamil Nadu",Salem,"Edapadi (Uzhavar Sandhai )",Onion,Bellary,Local,26/07/2026,3500,4000,3750
"Tamil Nadu",Salem,"Edapadi (Uzhavar Sandhai )",Banana,"Red Banana",Local,26/07/2026,6500,7000,6750
"Tamil Nadu",Salem,"Edapadi (Uzhavar Sandhai )",Amaranthus,Amaranthus,Local,26/07/2026,2200,2600,2400
"Tamil Nadu",Salem,"Edapadi (Uzhavar Sandhai )","Green Chilli","Green Chilly",Local,26/07/2026,4000,4500,4250
"Tamil Nadu",Salem,"Edapadi (Uzhavar Sandhai )",Coconut,Coconut,Local,26/07/2026,4500,5000,4750
"Tamil Nadu",Salem,"Edapadi (Uzhavar Sandhai )",Capsicum,Capsicum,Local,26/07/2026,7500,8000,7750
"Tamil Nadu",Salem,"Edapadi (Uzhavar Sandhai )","Chow Chow","Chow Chow",Local,26/07/2026,3200,3600,3400
"Tamil Nadu",Salem,"Edapadi (Uzhavar Sandhai )",Mango(Raw-Ripe),"Mango - Raw-Ripe",Local,26/07/2026,4000,4500,4250
"Tamil Nadu",Salem,"Edapadi (Uzhavar Sandhai )","Onion Green","Onion Green",Local,26/07/2026,4500,5000,4750
"Tamil Nadu",Salem,"Elampillai(Uzhavar Sandhai )",Groundnut,"Big (With Shell)",Local,26/07/2026,6500,7000,6750
"Tamil Nadu",Salem,"Elampillai(Uzhavar Sandhai )",Brinjal,Other,Local,26/07/2026,4500,5000,4750
"Tamil Nadu",Salem,"Elampillai(Uzhavar Sandhai )","Cluster beans","Cluster Beans",Local,26/07/2026,3000,3500,3250
"Tamil Nadu",Salem,"Elampillai(Uzhavar Sandhai )",Pumpkin,Pumpkin,Local,26/07/2026,2000,2400,2200
"Tamil Nadu",Salem,"Elampillai(Uzhavar Sandhai )","Green Chilli","Green Chilly",Local,26/07/2026,4000,4600,4300
"Tamil Nadu",Salem,"Elampillai(Uzhavar Sandhai )",Beans,"Beans (Whole)",Local,26/07/2026,7000,8000,7500
"Tamil Nadu",Salem,"Elampillai(Uzhavar Sandhai )",Tapioca,Tapioca,Local,26/07/2026,2500,3000,2750
"Tamil Nadu",Salem,"Elampillai(Uzhavar Sandhai )",Ginger(Green),"Green Ginger",Local,26/07/2026,18000,18500,18250
"Tamil Nadu",Salem,"Elampillai(Uzhavar Sandhai )",Beetroot,Beetroot,Local,26/07/2026,5000,6000,5500
"Tamil Nadu",Salem,"Elampillai(Uzhavar Sandhai )",Raddish,Raddish,Local,26/07/2026,3000,3500,3250
"Tamil Nadu",Salem,"Hasthampatti(Uzhavar Sandhai )",Coriander(Leaves),"I Sort",Local,26/07/2026,2500,3000,2750
"Tamil Nadu",Salem,"Hasthampatti(Uzhavar Sandhai )",Chikoos(Sapota),Sapota,Local,26/07/2026,3500,4000,3750
"Tamil Nadu",Salem,"Hasthampatti(Uzhavar Sandhai )","Water Melon","Water Melon",Local,26/07/2026,1500,2000,1750
"Tamil Nadu",Salem,"Hasthampatti(Uzhavar Sandhai )","Bitter gourd",Other,Local,26/07/2026,4500,5000,4750
"Tamil Nadu",Salem,"Hasthampatti(Uzhavar Sandhai )","Bhindi(Ladies Finger)",Bhindi,Local,26/07/2026,2500,3000,2750
"Tamil Nadu",Salem,"Hasthampatti(Uzhavar Sandhai )","Sweet Potato","Hosur Red",Local,26/07/2026,3000,3500,3250
"Tamil Nadu",Salem,"Hasthampatti(Uzhavar Sandhai )",Thondekai,Thondekai,Local,26/07/2026,4500,5000,4750
"Tamil Nadu",Salem,"Hasthampatti(Uzhavar Sandhai )",Mango(Raw-Ripe),"Mango - Raw-Ripe",Local,26/07/2026,3000,3500,3250
"Tamil Nadu",Salem,"Hasthampatti(Uzhavar Sandhai )",Guava,"Guava Allahabad",Local,26/07/2026,5000,7000,6000
"Tamil Nadu",Salem,"Hasthampatti(Uzhavar Sandhai )",Lemon,Lemon,Local,26/07/2026,3000,5000,4000
"Tamil Nadu",Salem,"Hasthampatti(Uzhavar Sandhai )",Mint(Pudina),Mint(Pudina),Local,26/07/2026,4000,4500,4250
"Tamil Nadu",Salem,"Jalagandapuram(Uzhavar Sandhai )",Chikoos(Sapota),Sapota,Local,26/07/2026,4000,4500,4250
"Tamil Nadu",Salem,"Jalagandapuram(Uzhavar Sandhai )",Tomato,Other,Local,26/07/2026,1500,1800,1650
"Tamil Nadu",Salem,"Jalagandapuram(Uzhavar Sandhai )","Bottle gourd","Bottle Gourd",Local,26/07/2026,2000,2500,2250
"Tamil Nadu",Salem,"Jalagandapuram(Uzhavar Sandhai )","Banana - Green","Banana - Green",Local,26/07/2026,2000,2400,2200
"Tamil Nadu",Salem,"Jalagandapuram(Uzhavar Sandhai )",Ginger(Green),"Green Ginger",Local,26/07/2026,16000,17500,16750
"Tamil Nadu",Salem,"Jalagandapuram(Uzhavar Sandhai )",Coconut,Coconut,Local,26/07/2026,4500,5000,4750
"Tamil Nadu",Salem,"Jalagandapuram(Uzhavar Sandhai )",Raddish,Raddish,Local,26/07/2026,3500,4000,3750
"Tamil Nadu",Salem,"Jalagandapuram(Uzhavar Sandhai )",Lemon,Lemon,Local,26/07/2026,5000,6000,5500
"Tamil Nadu",Sivaganga,"Singampunari(Uzhavar Sandhai )",Mango,Other,Local,26/07/2026,3600,4200,3900
"Tamil Nadu",Sivaganga,"Singampunari(Uzhavar Sandhai )","Bitter gourd",Other,Local,26/07/2026,5600,6200,5900
"Tamil Nadu",Sivaganga,"Singampunari(Uzhavar Sandhai )",Drumstick,Drumstick,Local,26/07/2026,4400,7200,5800
"Tamil Nadu",Sivaganga,"Singampunari(Uzhavar Sandhai )",Mint(Pudina),Mint(Pudina),Local,26/07/2026,5600,6200,5900
"Tamil Nadu",Sivaganga,"Karaikudi(Uzhavar Sandhai )",Potato,"Red Nanital",Local,26/07/2026,6000,6500,6250
"Tamil Nadu",Sivaganga,"Karaikudi(Uzhavar Sandhai )",Cauliflower,Ranchi,Local,26/07/2026,3000,3200,3100
"Tamil Nadu",Sivaganga,"Karaikudi(Uzhavar Sandhai )","Bottle gourd","Bottle Gourd",Local,26/07/2026,3400,3600,3500
"Tamil Nadu",Sivaganga,"Karaikudi(Uzhavar Sandhai )","Bhindi(Ladies Finger)",Bhindi,Local,26/07/2026,3500,4000,3750
"Tamil Nadu",Sivaganga,"Karaikudi(Uzhavar Sandhai )",Ginger(Green),"Green Ginger",Local,26/07/2026,15500,21500,18500
"Tamil Nadu",Sivaganga,"Karaikudi(Uzhavar Sandhai )",Cabbage,Cabbage,Local,26/07/2026,3400,4000,3700
"Tamil Nadu",Sivaganga,"Karaikudi(Uzhavar Sandhai )",Beetroot,Beetroot,Local,26/07/2026,5500,6000,5750
"Tamil Nadu",Sivaganga,"Karaikudi(Uzhavar Sandhai )",Ridgeguard(Tori),Ridgeguard(Tori),Local,26/07/2026,4000,4500,4250
"Tamil Nadu",Sivaganga,"Karaikudi(Uzhavar Sandhai )","Green Avare(W)","Green Avare (W)",Local,26/07/2026,7500,8000,7750
"Tamil Nadu",Sivaganga,"Tirupatthur(Uzhavar Sandhai )",Onion,Bellary,Local,26/07/2026,2800,3500,3150
"Tamil Nadu",Sivaganga,"Tirupatthur(Uzhavar Sandhai )",Banana,Karpura,Local,26/07/2026,4000,4000,4000
"Tamil Nadu",Sivaganga,"Tirupatthur(Uzhavar Sandhai )",Papaya,Papaya,Local,26/07/2026,4500,5000,4750
"Tamil Nadu",Sivaganga,"Tirupatthur(Uzhavar Sandhai )",Ashgourd,Gouard,Local,26/07/2026,2800,3000,2900
"Tamil Nadu",Sivaganga,"Tirupatthur(Uzhavar Sandhai )",Beetroot,Beetroot,Local,26/07/2026,4400,6000,5200
"Tamil Nadu",Sivaganga,"Tirupatthur(Uzhavar Sandhai )","Green Avare(W)",Other,Local,26/07/2026,6400,7500,6950
"Tamil Nadu",Sivaganga,"Tirupatthur(Uzhavar Sandhai )","Chow Chow","Chow Chow",Local,26/07/2026,2800,3500,3150
"Tamil Nadu",Sivaganga,"Tirupatthur(Uzhavar Sandhai )","Elephant Yam(Suran)/Amorphophallus","Elephant Yam (Suran)",Local,26/07/2026,4500,5000,4750
"Tamil Nadu",Thanjavur,"Pattukottai(Uzhavar Sandhai )",Banana,Besrai,Local,26/07/2026,3500,3500,3500
"Tamil Nadu",Thanjavur,"Pattukottai(Uzhavar Sandhai )",Cauliflower,Ranchi,Local,26/07/2026,4800,4800,4800
"Tamil Nadu",Thanjavur,"Pattukottai(Uzhavar Sandhai )","Bottle gourd","Bottle Gourd",Local,26/07/2026,2600,2600,2600
"Tamil Nadu",Thanjavur,"Pattukottai(Uzhavar Sandhai )","Bhindi(Ladies Finger)",Bhindi,Local,26/07/2026,3800,3800,3800
"Tamil Nadu",Thanjavur,"Pattukottai(Uzhavar Sandhai )","Green Avare(W)","Green Avare (W)",Local,26/07/2026,6400,6400,6400
"Tamil Nadu",Thanjavur,"Pattukottai(Uzhavar Sandhai )","Jack Fruit(Ripe)","Jack Fruit",Local,26/07/2026,2000,2000,2000
"Tamil Nadu",Thanjavur,"Pattukottai(Uzhavar Sandhai )","Elephant Yam(Suran)/Amorphophallus","Elephant Yam (Suran)",Local,26/07/2026,4500,4500,4500
"Tamil Nadu",Thanjavur,"Pattukottai(Uzhavar Sandhai )",Lemon,Lemon,Local,26/07/2026,4600,4600,4600
"Tamil Nadu",Thanjavur,"Thanjavur(Uzhavar Sandhai )",Garlic,Garlic,Local,26/07/2026,21000,21000,21000
"Tamil Nadu",Thanjavur,"Thanjavur(Uzhavar Sandhai )",Banana,Besrai,Local,26/07/2026,4000,8000,6000
"Tamil Nadu",Thanjavur,"Thanjavur(Uzhavar Sandhai )",Papaya,Papaya,Local,26/07/2026,5000,5000,5000
"Tamil Nadu",Thanjavur,"Thanjavur(Uzhavar Sandhai )",Coconut,Coconut,Local,26/07/2026,6000,6000,6000
"Tamil Nadu",Thanjavur,"Thanjavur(Uzhavar Sandhai )","Betal Leaves",Mysore,Local,26/07/2026,18000,18000,18000
"Tamil Nadu",Thanjavur,"Thanjavur(Uzhavar Sandhai )","Green Avare(W)",Other,Local,26/07/2026,8800,8800,8800
"Tamil Nadu",Thanjavur,"Thanjavur(Uzhavar Sandhai )",Mango(Raw-Ripe),"Mango - Raw-Ripe",Local,26/07/2026,3400,3400,3400
"Tamil Nadu",Thanjavur,"Thanjavur(Uzhavar Sandhai )",Yam(Ratalu),"Yam (Ratalu)",Local,26/07/2026,10000,10000,10000
"Tamil Nadu",Thiruchirappalli,"KKNagar(Uzhavar Sandhai )","Chili Red",Bold,Local,26/07/2026,25000,28000,26500
"Tamil Nadu",Thiruchirappalli,"KKNagar(Uzhavar Sandhai )",Banana,Poovan,Local,26/07/2026,5000,6000,5500
"Tamil Nadu",Thiruchirappalli,"KKNagar(Uzhavar Sandhai )",Papaya,Papaya,Local,26/07/2026,4800,4800,4800
"Tamil Nadu",Thiruchirappalli,"KKNagar(Uzhavar Sandhai )","Mousambi(Sweet Lime)",Mousambi,Local,26/07/2026,9000,9000,9000
"Tamil Nadu",Thiruchirappalli,"KKNagar(Uzhavar Sandhai )",Tomato,Deshi,Local,26/07/2026,2000,2000,2000
"Tamil Nadu",Thiruchirappalli,"KKNagar(Uzhavar Sandhai )",Ashgourd,Gouard,Local,26/07/2026,2400,2600,2500
"Tamil Nadu",Thiruchirappalli,"KKNagar(Uzhavar Sandhai )","Green Chilli","Green Chilly",Local,26/07/2026,5600,5600,5600
"Tamil Nadu",Thiruchirappalli,"KKNagar(Uzhavar Sandhai )",Cowpea(Veg),"Cowpea (Veg)",Local,26/07/2026,4600,4600,4600
"Tamil Nadu",Thiruchirappalli,"KKNagar(Uzhavar Sandhai )",Beans,"Beans (Whole)",Local,26/07/2026,7000,8000,7500
"Tamil Nadu",Thiruchirappalli,"KKNagar(Uzhavar Sandhai )","Green Avare(W)",Other,Local,26/07/2026,6400,6400,6400
"Tamil Nadu",Thiruchirappalli,"KKNagar(Uzhavar Sandhai )","Custard Apple(Sharifa)","Custard Apple(Sharifa)",Local,26/07/2026,8000,8000,8000
"Tamil Nadu",Thiruchirappalli,"KKNagar(Uzhavar Sandhai )","Amla(Nelli Kai)",Amla,Local,26/07/2026,8000,8000,8000
"Tamil Nadu",Thiruchirappalli,"KKNagar(Uzhavar Sandhai )",Mint(Pudina),Mint(Pudina),Local,26/07/2026,6500,6500,6500
"Tamil Nadu",Thiruchirappalli,"KKNagar(Uzhavar Sandhai )","Sweet Corn ","Sweet Corn ",Local,26/07/2026,3000,3000,3000
"Tamil Nadu",Thiruchirappalli,"Lalgudi(Uzhavar Sandhai )",Banana,Poovan,Local,26/07/2026,4000,5000,4500
"Tamil Nadu",Thiruchirappalli,"Lalgudi(Uzhavar Sandhai )",Coriander(Leaves),"I Sort",Local,26/07/2026,4600,4600,4600
"Tamil Nadu",Thiruchirappalli,"Lalgudi(Uzhavar Sandhai )","Green Chilli","Green Chilly",Local,26/07/2026,5400,5400,5400
"Tamil Nadu",Thiruchirappalli,"Lalgudi(Uzhavar Sandhai )","Banana - Green","Banana - Green",Local,26/07/2026,3000,3000,3000
"Tamil Nadu",Thiruchirappalli,"Lalgudi(Uzhavar Sandhai )",Ginger(Green),"Green Ginger",Local,26/07/2026,20000,20000,20000
"Tamil Nadu",Thiruchirappalli,"Lalgudi(Uzhavar Sandhai )","Sweet Potato","Hosur Red",Local,26/07/2026,5000,5000,5000
"Tamil Nadu",Thiruchirappalli,"Lalgudi(Uzhavar Sandhai )",Snakeguard,Snakeguard,Local,26/07/2026,4600,4600,4600
"Tamil Nadu",Thiruchirappalli,"Lalgudi(Uzhavar Sandhai )",Beetroot,Beetroot,Local,26/07/2026,5000,5000,5000
"Tamil Nadu",Thiruchirappalli,"Lalgudi(Uzhavar Sandhai )",Cucumbar(Kheera),Cucumbar,Local,26/07/2026,5000,5000,5000
"Tamil Nadu",Thiruchirappalli,"Lalgudi(Uzhavar Sandhai )",Drumstick,Drumstick,Local,26/07/2026,5000,5000,5000
"Tamil Nadu",Thiruchirappalli,"Lalgudi(Uzhavar Sandhai )",Guava,"Guava Allahabad",Local,26/07/2026,9000,9000,9000
"Tamil Nadu",Thiruchirappalli,"Lalgudi(Uzhavar Sandhai )",Yam(Ratalu),"Yam (Ratalu)",Local,26/07/2026,8000,8000,8000
"Tamil Nadu",Thiruchirappalli,"Lalgudi(Uzhavar Sandhai )",Mint(Pudina),Mint(Pudina),Local,26/07/2026,6600,6600,6600
"Tamil Nadu",Thiruchirappalli,"Manachanallur(Uzhavar Sandhai )",Banana,Karpura,Local,26/07/2026,4000,5000,4500
"Tamil Nadu",Thiruchirappalli,"Manachanallur(Uzhavar Sandhai )","Bitter gourd",Other,Local,26/07/2026,6000,6000,6000
"Tamil Nadu",Thiruchirappalli,"Manachanallur(Uzhavar Sandhai )","Banana - Green","Banana - Green",Local,26/07/2026,2500,2500,2500
"Tamil Nadu",Thiruchirappalli,"Manachanallur(Uzhavar Sandhai )",Beans,"Beans (Whole)",Local,26/07/2026,6500,7500,7000
"Tamil Nadu",Thiruchirappalli,"Manachanallur(Uzhavar Sandhai )",Cabbage,Cabbage,Local,26/07/2026,3500,4000,3750
"Tamil Nadu",Thiruchirappalli,"Manachanallur(Uzhavar Sandhai )",Ridgeguard(Tori),Ridgeguard(Tori),Local,26/07/2026,6000,6000,6000
"Tamil Nadu",Thiruchirappalli,"Manachanallur(Uzhavar Sandhai )","Chow Chow","Chow Chow",Local,26/07/2026,4000,4000,4000
"Tamil Nadu",Thiruchirappalli,"Manachanallur(Uzhavar Sandhai )",Guava,"Guava Allahabad",Local,26/07/2026,6000,7000,6500
"Tamil Nadu",Thiruchirappalli,"Manachanallur(Uzhavar Sandhai )","Onion Green","Onion Green",Local,26/07/2026,5000,6000,5500
"Tamil Nadu",Thiruchirappalli,"Manapparai(Uzhavar Sandhai )",Ginger(Green),"Green Ginger",Local,26/07/2026,18000,18000,18000
"Tamil Nadu",Thiruchirappalli,"Musiri(Uzhavar Sandhai )",Cauliflower,Ranchi,Local,26/07/2026,3000,3500,3250
"Tamil Nadu",Thiruchirappalli,"Musiri(Uzhavar Sandhai )",Banana,Other,Local,26/07/2026,4000,5000,4500
"Tamil Nadu",Thiruchirappalli,"Musiri(Uzhavar Sandhai )","Bitter gourd","Bitter Gourd",Local,26/07/2026,5000,6000,5500
"Tamil Nadu",Thiruchirappalli,"Musiri(Uzhavar Sandhai )",Ginger(Green),"Green Ginger",Local,26/07/2026,16000,18000,17000
"Tamil Nadu",Thiruchirappalli,"Musiri(Uzhavar Sandhai )",Coconut,Coconut,Local,26/07/2026,5000,5600,5300
"Tamil Nadu",Thiruchirappalli,"Musiri(Uzhavar Sandhai )",Carrot,Pusakesar,Local,26/07/2026,10000,11000,10500
"Tamil Nadu",Thiruchirappalli,"Musiri(Uzhavar Sandhai )",Mango(Raw-Ripe),"Mango - Raw-Ripe",Local,26/07/2026,3000,3500,3250
"Tamil Nadu",Thiruchirappalli,"Musiri(Uzhavar Sandhai )","Knool Khol","Knool Khol",Local,26/07/2026,3000,3600,3300
"Tamil Nadu",Thiruchirappalli,"Musiri(Uzhavar Sandhai )",Turnip,Turnip,Local,26/07/2026,3000,3600,3300
"Tamil Nadu",Thiruchirappalli,"Musiri(Uzhavar Sandhai )","Sweet Corn ","Sweet Corn ",Local,26/07/2026,2500,3000,2750
"Tamil Nadu",Thiruchirappalli,"Thiruverumbur(Uzhavar Sandhai )",Garlic,Garlic,Local,26/07/2026,18000,18000,18000
"Tamil Nadu",Thiruchirappalli,"Thiruverumbur(Uzhavar Sandhai )",Brinjal,Other,Local,26/07/2026,6000,6600,6300
"Tamil Nadu",Thiruchirappalli,"Thiruverumbur(Uzhavar Sandhai )","Cluster beans","Cluster Beans",Local,26/07/2026,4600,4600,4600
"Tamil Nadu",Thiruchirappalli,"Thiruverumbur(Uzhavar Sandhai )","Bitter gourd",Other,Local,26/07/2026,6000,6000,6000
"Tamil Nadu",Thiruchirappalli,"Thiruverumbur(Uzhavar Sandhai )","Bhindi(Ladies Finger)",Bhindi,Local,26/07/2026,3000,3000,3000
"Tamil Nadu",Thiruchirappalli,"Thiruverumbur(Uzhavar Sandhai )",Carrot,Pusakesar,Local,26/07/2026,11000,11000,11000
"Tamil Nadu",Thiruchirappalli,"Thiruverumbur(Uzhavar Sandhai )",Snakeguard,Snakeguard,Local,26/07/2026,4000,4000,4000
"Tamil Nadu",Thiruchirappalli,"Thiruverumbur(Uzhavar Sandhai )",Ridgeguard(Tori),Ridgeguard(Tori),Local,26/07/2026,6000,6000,6000
"Tamil Nadu",Thiruchirappalli,"Thiruverumbur(Uzhavar Sandhai )","Green Avare(W)",Other,Local,26/07/2026,6600,6600,6600
"Tamil Nadu",Thiruchirappalli,"Thiruverumbur(Uzhavar Sandhai )","Indian Beans(Seam)","Indian Beans (Seam)",Local,26/07/2026,7000,7000,7000
"Tamil Nadu",Thiruchirappalli,"Thiruverumbur(Uzhavar Sandhai )","Onion Green","Onion Green",Local,26/07/2026,7000,7000,7000
"Tamil Nadu",Virudhunagar,"Rajapalayam(Uzhavar Sandhai )",Banana,Besrai,Local,26/07/2026,3500,4000,3750
"Tamil Nadu",Virudhunagar,"Rajapalayam(Uzhavar Sandhai )",Brinjal,Round,Local,26/07/2026,4500,5000,4750
"Tamil Nadu",Virudhunagar,"Rajapalayam(Uzhavar Sandhai )",Amaranthus,Amaranthus,Local,26/07/2026,2500,3000,2750
"Tamil Nadu",Virudhunagar,"Rajapalayam(Uzhavar Sandhai )",Carrot,Pusakesar,Local,26/07/2026,5000,6000,5500
"Tamil Nadu",Virudhunagar,"Rajapalayam(Uzhavar Sandhai )",Snakeguard,Snakeguard,Local,26/07/2026,4500,5000,4750
"Tamil Nadu",Virudhunagar,"Rajapalayam(Uzhavar Sandhai )",Beetroot,Beetroot,Local,26/07/2026,4500,5400,4950
"Tamil Nadu",Virudhunagar,"Rajapalayam(Uzhavar Sandhai )",Raddish,Raddish,Local,26/07/2026,3500,4000,3750
"Tamil Nadu",Virudhunagar,"Rajapalayam(Uzhavar Sandhai )","Chow Chow","Chow Chow",Local,26/07/2026,3000,3500,3250
"Tamil Nadu",Virudhunagar,"Rajapalayam(Uzhavar Sandhai )",Drumstick,Drumstick,Local,26/07/2026,4500,5000,4750
"Tamil Nadu",Virudhunagar,"Rajapalayam(Uzhavar Sandhai )","Knool Khol","Knool Khol",Local,26/07/2026,6000,7000,6500
"Tamil Nadu",Virudhunagar,"Rajapalayam(Uzhavar Sandhai )","Elephant Yam(Suran)/Amorphophallus","Elephant Yam (Suran)",Local,26/07/2026,4500,5000,4750
"Tamil Nadu",Virudhunagar,"Rajapalayam(Uzhavar Sandhai )",Lemon,Lemon,Local,26/07/2026,6000,7000,6500
"Tamil Nadu",Virudhunagar,"Rajapalayam(Uzhavar Sandhai )",Mint(Pudina),Mint(Pudina),Local,26/07/2026,6000,7000,6500
"Tamil Nadu",Virudhunagar,"Sathur(Uzhavar Sandhai )",Papaya,Papaya,Local,26/07/2026,2500,3000,2750
"Tamil Nadu",Virudhunagar,"Sathur(Uzhavar Sandhai )","Cluster beans","Cluster Beans",Local,26/07/2026,3500,4000,3750
"Tamil Nadu",Virudhunagar,"Sathur(Uzhavar Sandhai )",Carrot,Pusakesar,Local,26/07/2026,4500,5000,4750
"Tamil Nadu",Virudhunagar,"Sathur(Uzhavar Sandhai )","Green Avare(W)","Green Avare (W)",Local,26/07/2026,8000,9000,8500
"Tamil Nadu",Virudhunagar,"Sathur(Uzhavar Sandhai )","Chow Chow","Chow Chow",Local,26/07/2026,2500,3000,2750
"Tamil Nadu",Virudhunagar,"Sathur(Uzhavar Sandhai )",Mint(Pudina),Mint(Pudina),Local,26/07/2026,4500,5000,4750
"Tamil Nadu",Virudhunagar,"Sivakasi(Uzhavar Sandhai )",Banana,Besrai,Local,26/07/2026,3500,4000,3750
"Tamil Nadu",Virudhunagar,"Sivakasi(Uzhavar Sandhai )","Cluster beans","Cluster Beans",Local,26/07/2026,3500,4000,3750
"Tamil Nadu",Virudhunagar,"Sivakasi(Uzhavar Sandhai )","Green Chilli","Green Chilly",Local,26/07/2026,4000,5000,4500
"Tamil Nadu",Virudhunagar,"Sivakasi(Uzhavar Sandhai )",Ginger(Green),"Green Ginger",Local,26/07/2026,18000,20000,19000
"Tamil Nadu",Virudhunagar,"Sivakasi(Uzhavar Sandhai )",Coconut,Coconut,Local,26/07/2026,4000,5000,4500
"Tamil Nadu",Virudhunagar,"Sivakasi(Uzhavar Sandhai )",Beetroot,Beetroot,Local,26/07/2026,4000,5000,4500
"Tamil Nadu",Virudhunagar,"Sivakasi(Uzhavar Sandhai )",Raddish,Raddish,Local,26/07/2026,3500,4000,3750
"Tamil Nadu",Virudhunagar,"Sivakasi(Uzhavar Sandhai )",Yam(Ratalu),"Yam (Ratalu)",Local,26/07/2026,7000,8000,7500
"Tamil Nadu",Virudhunagar,"Sivakasi(Uzhavar Sandhai )",Mint(Pudina),Mint(Pudina),Local,26/07/2026,4000,5000,4500
"Tamil Nadu",Virudhunagar,"Thalavaipuram(Uzhavar Sandhai )","Bhindi(Ladies Finger)",Bhindi,Local,26/07/2026,2500,3000,2750
"Tamil Nadu",Virudhunagar,"Thalavaipuram(Uzhavar Sandhai )","Banana - Green","Banana - Green",Local,26/07/2026,2800,3500,3150
"Tamil Nadu",Virudhunagar,"Thalavaipuram(Uzhavar Sandhai )",Snakeguard,Snakeguard,Local,26/07/2026,4000,5000,4500
"Tamil Nadu",Virudhunagar,"Thalavaipuram(Uzhavar Sandhai )",Guava,"Guava Allahabad",Local,26/07/2026,3200,4000,3600
"Tamil Nadu",Virudhunagar,"Thalavaipuram(Uzhavar Sandhai )",Colacasia,Colacasia,Local,26/07/2026,5000,6000,5500
"Tamil Nadu",Virudhunagar,"Virudhunagar(Uzhavar Sandhai )",Potato,"Red Nanital",Local,26/07/2026,4200,4400,4300
"Tamil Nadu",Virudhunagar,"Virudhunagar(Uzhavar Sandhai )","Bitter gourd","Bitter Gourd",Local,26/07/2026,6700,6800,6750
"Tamil Nadu",Virudhunagar,"Virudhunagar(Uzhavar Sandhai )","Chow Chow","Chow Chow",Local,26/07/2026,3300,3400,3350
"Tamil Nadu",Chengalpattu,"Madhuranthagam(Uzhavar Sandhai )",Ginger(Green),"Green Ginger",Local,26/07/2026,14000,14000,14000
"Tamil Nadu",Chengalpattu,"Madhuranthagam(Uzhavar Sandhai )",Coconut,Coconut,Local,26/07/2026,3000,4000,3500
"Tamil Nadu",Chengalpattu,"Madhuranthagam(Uzhavar Sandhai )","Green Avare(W)","Green Avare (W)",Local,26/07/2026,6000,6000,6000
"Tamil Nadu",Chengalpattu,"Nanganallur(Uzhavar Sandhai )",Potato,"Red Nanital",Local,26/07/2026,3500,4000,3750
"Tamil Nadu",Chengalpattu,"Nanganallur(Uzhavar Sandhai )",Garlic,Garlic,Local,26/07/2026,23000,24000,23500
"Tamil Nadu",Chengalpattu,"Nanganallur(Uzhavar Sandhai )",Pineapple,"Pine Apple",Local,26/07/2026,5500,6000,5750
"Tamil Nadu",Chengalpattu,"Nanganallur(Uzhavar Sandhai )",Cauliflower,Ranchi,Local,26/07/2026,3500,4000,3750
"Tamil Nadu",Chengalpattu,"Nanganallur(Uzhavar Sandhai )",Papaya,Papaya,Local,26/07/2026,5500,6000,5750
"Tamil Nadu",Chengalpattu,"Nanganallur(Uzhavar Sandhai )",Thondekai,Thondekai,Local,26/07/2026,5500,6000,5750
"Tamil Nadu",Chengalpattu,"Nanganallur(Uzhavar Sandhai )","Chow Chow","Chow Chow",Local,26/07/2026,4500,5000,4750
"Tamil Nadu",Chengalpattu,"Nanganallur(Uzhavar Sandhai )",Drumstick,Drumstick,Local,26/07/2026,6000,7000,6500
"Tamil Nadu",Chengalpattu,"Nanganallur(Uzhavar Sandhai )",Guava,"Guava Allahabad",Local,26/07/2026,5500,6000,5750
"Tamil Nadu",Chengalpattu,"Nanganallur(Uzhavar Sandhai )",Lemon,Lemon,Local,26/07/2026,5500,6000,5750
"Tamil Nadu",Chengalpattu,"Nanganallur(Uzhavar Sandhai )",Pear(Marasebu),Pears,Local,26/07/2026,13000,15000,14000
"Tamil Nadu",Chengalpattu,"Pallavaram(Uzhavar Sandhai )",Coriander(Leaves),"I Sort",Local,26/07/2026,7000,8000,7500
"Tamil Nadu",Chengalpattu,"Pallavaram(Uzhavar Sandhai )","Bhindi(Ladies Finger)",Bhindi,Local,26/07/2026,3500,4000,3750
"Tamil Nadu",Chengalpattu,"Pallavaram(Uzhavar Sandhai )",Tapioca,Tapioca,Local,26/07/2026,3500,4000,3750
"Tamil Nadu",Chengalpattu,"Pallavaram(Uzhavar Sandhai )",Coconut,Coconut,Local,26/07/2026,6000,7000,6500
"Tamil Nadu",Chengalpattu,"Pallavaram(Uzhavar Sandhai )",Carrot,Pusakesar,Local,26/07/2026,9000,10000,9500
"Tamil Nadu",Chengalpattu,"Pallavaram(Uzhavar Sandhai )",Snakeguard,Snakeguard,Local,26/07/2026,4000,5000,4500
"Tamil Nadu",Chengalpattu,"Pallavaram(Uzhavar Sandhai )",Beetroot,Beetroot,Local,26/07/2026,4000,5000,4500
"Tamil Nadu",Chengalpattu,"Pallavaram(Uzhavar Sandhai )",Cucumbar(Kheera),Cucumbar,Local,26/07/2026,5000,6000,5500
"Tamil Nadu",Chengalpattu,"Pallavaram(Uzhavar Sandhai )","Green Avare(W)",Other,Local,26/07/2026,8000,9000,8500
"Tamil Nadu",Chengalpattu,"Pallavaram(Uzhavar Sandhai )","Chow Chow","Chow Chow",Local,26/07/2026,4000,5000,4500
"Tamil Nadu",Chengalpattu,"Pallavaram(Uzhavar Sandhai )","Elephant Yam(Suran)/Amorphophallus","Elephant Yam (Suran)",Local,26/07/2026,6000,7000,6500
"Tamil Nadu",Chengalpattu,"Pallavaram(Uzhavar Sandhai )",Mashrooms,Mashrooms,Local,26/07/2026,22500,25000,23750
"Tamil Nadu",Chengalpattu,"Pallavaram(Uzhavar Sandhai )","Onion Green","Onion Green",Local,26/07/2026,6000,7000,6500
"Tamil Nadu","Nagercoil (Kannyiakumari)","Myladi(Uzhavar Sandhai )",Apple,American,Local,26/07/2026,24000,25000,24500
"Tamil Nadu","Nagercoil (Kannyiakumari)","Myladi(Uzhavar Sandhai )",Cauliflower,Ranchi,Local,26/07/2026,5500,6000,5750
"Tamil Nadu","Nagercoil (Kannyiakumari)","Myladi(Uzhavar Sandhai )",Cabbage,Cabbage,Local,26/07/2026,4500,5000,4750
"Tamil Nadu",Chengalpattu,"Jameenrayapettai(Uzhavar Sandhai )",Garlic,Garlic,Local,26/07/2026,18000,22000,20000
"Tamil Nadu",Chengalpattu,"Jameenrayapettai(Uzhavar Sandhai )",Banana,"Red Banana",Local,26/07/2026,7000,8000,7500
"Tamil Nadu",Chengalpattu,"Jameenrayapettai(Uzhavar Sandhai )",Papaya,Papaya,Local,26/07/2026,4000,5000,4500
"Tamil Nadu",Chengalpattu,"Jameenrayapettai(Uzhavar Sandhai )","Banana - Green","Banana - Green",Local,26/07/2026,3500,4000,3750
"Tamil Nadu",Chengalpattu,"Jameenrayapettai(Uzhavar Sandhai )",Tapioca,Tapioca,Local,26/07/2026,3500,4000,3750
"Tamil Nadu",Chengalpattu,"Jameenrayapettai(Uzhavar Sandhai )",Cucumbar(Kheera),Cucumbar,Local,26/07/2026,5000,6000,5500
"Tamil Nadu",Chengalpattu,"Jameenrayapettai(Uzhavar Sandhai )",Thondekai,Thondekai,Local,26/07/2026,4000,5000,4500
"Tamil Nadu",Chengalpattu,"Jameenrayapettai(Uzhavar Sandhai )","Green Avare(W)",Other,Local,26/07/2026,7000,8000,7500
"Tamil Nadu",Chengalpattu,"Jameenrayapettai(Uzhavar Sandhai )","Chow Chow","Chow Chow",Local,26/07/2026,4000,5000,4500
"Tamil Nadu",Chengalpattu,"Jameenrayapettai(Uzhavar Sandhai )","Knool Khol","Knool Khol",Local,26/07/2026,6000,7000,6500
"Tamil Nadu",Chengalpattu,"Jameenrayapettai(Uzhavar Sandhai )",Guava,"Guava Allahabad",Local,26/07/2026,5000,6000,5500
"Tamil Nadu",Chengalpattu,"Jameenrayapettai(Uzhavar Sandhai )",Pomegranate,Pomogranate,Local,26/07/2026,24000,25000,24500
"Tamil Nadu",Chengalpattu,"Jameenrayapettai(Uzhavar Sandhai )","Elephant Yam(Suran)/Amorphophallus","Elephant Yam (Suran)",Local,26/07/2026,6000,7000,6500
"Tamil Nadu",Chengalpattu,"Jameenrayapettai(Uzhavar Sandhai )","Tube Rose(Loose)","Tube Rose (Loose)",Local,26/07/2026,14000,15000,14500
"Tamil Nadu",Chengalpattu,"Jameenrayapettai(Uzhavar Sandhai )","Sweet Corn ","Sweet Corn ",Local,26/07/2026,4000,5000,4500
"Tamil Nadu",Chengalpattu,"Guduvancheri(Uzhavar Sandhai )",Coriander(Leaves),"I Sort",Local,26/07/2026,7000,8000,7500
"Tamil Nadu",Chengalpattu,"Guduvancheri(Uzhavar Sandhai )",Tomato,Other,Local,26/07/2026,1800,2000,1900
"Tamil Nadu",Chengalpattu,"Guduvancheri(Uzhavar Sandhai )","Banana - Green","Banana - Green",Local,26/07/2026,4000,5000,4500
"Tamil Nadu",Chengalpattu,"Guduvancheri(Uzhavar Sandhai )",Capsicum,Capsicum,Local,26/07/2026,8000,9000,8500
"Tamil Nadu",Chengalpattu,"Guduvancheri(Uzhavar Sandhai )",Lemon,Lemon,Local,26/07/2026,10000,12000,11000
"Tamil Nadu",Thirupur,"Dharapuram(Uzhavar Sandhai )","Bottle gourd","Bottle Gourd",Local,26/07/2026,1500,2000,1750
"Tamil Nadu",Thirupur,"Dharapuram(Uzhavar Sandhai )",Cabbage,Cabbage,Local,26/07/2026,3200,3800,3500
"Tamil Nadu",Thirupur,"Dharapuram(Uzhavar Sandhai )",Snakeguard,Snakeguard,Local,26/07/2026,3500,4000,3750
"Tamil Nadu",Thirupur,"Dharapuram(Uzhavar Sandhai )",Ridgeguard(Tori),Ridgeguard(Tori),Local,26/07/2026,5500,6000,5750
"Tamil Nadu",Thirupur,"Dharapuram(Uzhavar Sandhai )","Green Avare(W)","Green Avare (W)",Local,26/07/2026,5500,6000,5750
"Tamil Nadu",Thirupur,"Dharapuram(Uzhavar Sandhai )","Chow Chow","Chow Chow",Local,26/07/2026,3000,3500,3250
"Tamil Nadu",Thirupur,"Dharapuram(Uzhavar Sandhai )","Elephant Yam(Suran)/Amorphophallus","Elephant Yam (Suran)",Local,26/07/2026,4500,5000,4750
"Tamil Nadu",Thirupur,"Palladam(Uzhavar Sandhai )",Papaya,Papaya,Local,26/07/2026,2000,2500,2250
"Tamil Nadu",Thirupur,"Palladam(Uzhavar Sandhai )",Amaranthus,Amaranthus,Local,26/07/2026,2500,3000,2750
"Tamil Nadu",Thirupur,"Palladam(Uzhavar Sandhai )","Banana - Green","Banana - Green",Local,26/07/2026,2500,3000,2750
"Tamil Nadu",Thirupur,"Palladam(Uzhavar Sandhai )",Coconut,Coconut,Local,26/07/2026,4000,5000,4500
"Tamil Nadu",Thirupur,"Palladam(Uzhavar Sandhai )",Cabbage,Cabbage,Local,26/07/2026,3000,3500,3250
"Tamil Nadu",Thirupur,"Palladam(Uzhavar Sandhai )","Chow Chow","Chow Chow",Local,26/07/2026,2500,3000,2750
"Tamil Nadu",Thirupur,"Palladam(Uzhavar Sandhai )",Guava,"Guava Allahabad",Local,26/07/2026,4000,5000,4500
"Tamil Nadu",Thirupur,"Palladam(Uzhavar Sandhai )","Onion Green","Onion Green",Local,26/07/2026,5000,6000,5500
"Tamil Nadu",Thirupur,"Palladam(Uzhavar Sandhai )",Mint(Pudina),Mint(Pudina),Local,26/07/2026,2500,3000,2750
"Andhra Pradesh","YSR Kadapa","Simhadhripuram APMC",Maize,Hybrid/Local,FAQ,26/07/2026,2000,2200,2100
Telangana,"Ranga Reddy","Saroornagar,RBZ","Bitter gourd",Other,Medium,26/07/2026,3200,3200,3200
Telangana,"Ranga Reddy","Saroornagar,RBZ","Cluster beans","Cluster Beans",Medium,26/07/2026,3500,3500,3500
Telangana,"Ranga Reddy","Saroornagar,RBZ",Drumstick,Drumstick,Medium,26/07/2026,4500,4500,4500
"Uttar Pradesh",Hathras,"Haathras APMC",Potato,Other,FAQ,26/07/2026,500,1100,943.02
"Uttar Pradesh",Hathras,"Haathras APMC","Bajra(Pearl Millet/Cumbu)",Other,FAQ,26/07/2026,2015,2100,2065.87
"Uttar Pradesh",Bulandshahar,"Jahangirabad APMC",Potato,Other,FAQ,26/07/2026,400,400,400
"Uttar Pradesh","Jalaun (Orai)","Jalaun APMC",Wood,Other,FAQ,26/07/2026,300,300,300
"Uttar Pradesh","Jalaun (Orai)","Jalaun APMC",Wheat,"Mill Quality",FAQ,26/07/2026,2490,2490,2490
"Uttar Pradesh",Ghazipur,"Jangipura APMC","Green Chilli",Other,FAQ,26/07/2026,1500,1500,1500
"Uttar Pradesh",Bulandshahar,"Khurja APMC","Green Chilli",Other,FAQ,26/07/2026,1800,1800,1800
"Uttar Pradesh","Jalaun (Orai)","Konch APMC",Onion,Other,FAQ,26/07/2026,1700,1700,1700
"Uttar Pradesh","Jalaun (Orai)","Konch APMC",Mustard,Other,FAQ,26/07/2026,7000,7000,7000
"Uttar Pradesh",Hardoi,"Madhoganj APMC",Groundnut,Other,FAQ,26/07/2026,6000,6900,6562.88
"Uttar Pradesh",Sitapur,"Mehmoodabad APMC",Wood,Eucalyptus,FAQ,26/07/2026,500,500,500
"Tamil Nadu",Kallakuruchi,"Kallakurichi(Uzhavar Sandhai )",Groundnut,"Big (With Shell)",Local,26/07/2026,7000,7000,7000
"Tamil Nadu",Kallakuruchi,"Kallakurichi(Uzhavar Sandhai )","Bitter gourd","Bitter Gourd",Local,26/07/2026,6000,6000,6000
"Tamil Nadu",Kallakuruchi,"Kallakurichi(Uzhavar Sandhai )","Banana - Green","Banana - Green",Local,26/07/2026,3000,3000,3000
"Tamil Nadu",Kallakuruchi,"Kallakurichi(Uzhavar Sandhai )",Carrot,Pusakesar,Local,26/07/2026,10000,10000,10000
"Tamil Nadu",Kallakuruchi,"Kallakurichi(Uzhavar Sandhai )",Thondekai,Thondekai,Local,26/07/2026,5000,5000,5000
"Tamil Nadu",Kallakuruchi,"Kallakurichi(Uzhavar Sandhai )",Colacasia,Colacasia,Local,26/07/2026,4000,4000,4000
"Tamil Nadu",Kallakuruchi,"Kallakurichi(Uzhavar Sandhai )",Rose(Local),"Rose (Local)",Local,26/07/2026,35000,35000,35000
"Tamil Nadu",Kallakuruchi,"Kallakurichi(Uzhavar Sandhai )","Baby Corn","Baby Corn","Grade A",26/07/2026,3000,3000,3000
"Tamil Nadu",Thirupathur,"Natrampalli(Uzhavar Sandhai )",Cauliflower,Ranchi,Local,26/07/2026,2500,3000,2750
"Tamil Nadu",Thirupathur,"Natrampalli(Uzhavar Sandhai )",Banana,Besrai,Local,26/07/2026,4000,5000,4500
"Tamil Nadu",Thirupathur,"Natrampalli(Uzhavar Sandhai )",Brinjal,Round,Local,26/07/2026,4000,5000,4500
"Tamil Nadu",Thirupathur,"Natrampalli(Uzhavar Sandhai )",Tomato,Deshi,Local,26/07/2026,1000,1500,1250
"Tamil Nadu",Thirupathur,"Natrampalli(Uzhavar Sandhai )","Bhindi(Ladies Finger)",Bhindi,Local,26/07/2026,2500,3000,2750
"Tamil Nadu",Thirupathur,"Natrampalli(Uzhavar Sandhai )","Banana - Green","Banana - Green",Local,26/07/2026,2500,3000,2750
"Tamil Nadu",Thirupathur,"Natrampalli(Uzhavar Sandhai )",Beans,"Beans (Whole)",Local,26/07/2026,7000,8000,7500
"Tamil Nadu",Thirupathur,"Natrampalli(Uzhavar Sandhai )",Ginger(Green),"Green Ginger",Local,26/07/2026,18000,20000,19000
"Tamil Nadu",Thirupathur,"Natrampalli(Uzhavar Sandhai )",Drumstick,Drumstick,Local,26/07/2026,5000,6000,5500
Punjab,Jalandhar,"Phillaur APMC",Garlic,Other,FAQ,26/07/2026,10500,10500,10500
"Andhra Pradesh",NTR,"Jaggayyapeta APMC",Cotton,Desi,"Grade Range-1",26/07/2026,7710,7710,7710
"Andhra Pradesh",Srikakulam,"Kothabommali APMC",Paddy(Common),Paddy,Local,26/07/2026,2500,2500,2500
"Andhra Pradesh",Dr.B.R.A.Konaseema,"Razole APMC",Coconut,Medium,FAQ,26/07/2026,15315,15500,15315
"Andhra Pradesh",NTR,"Tiruvuru APMC",Maize,Hybrid,Local,26/07/2026,2400,2400,2400
"Tamil Nadu",Salem,"Athur(Uzhavar Sandhai )",Chikoos(Sapota),Sapota,Local,26/07/2026,3500,4000,3750
"Tamil Nadu",Salem,"Athur(Uzhavar Sandhai )","Knool Khol","Knool Khol",Local,26/07/2026,5500,6000,5750
"Tamil Nadu",Salem,"Athur(Uzhavar Sandhai )",Kakada,Kakada,Local,26/07/2026,18000,20000,19000
"Tamil Nadu",Salem,"Athur(Uzhavar Sandhai )",Lemon,Lemon,Local,26/07/2026,3500,4000,3750
"Tamil Nadu",Salem,"Athur(Uzhavar Sandhai )","Amla(Nelli Kai)",Amla,Local,26/07/2026,6000,7000,6500
"Tamil Nadu",Salem,"Athur(Uzhavar Sandhai )","Onion Green","Onion Green",Local,26/07/2026,4500,5000,4750
"Tamil Nadu",Theni,"Periyakulam(Uzhavar Sandhai )",Brinjal,Other,Local,26/07/2026,4200,4400,4300
"Tamil Nadu",Theni,"Periyakulam(Uzhavar Sandhai )",Pumpkin,Pumpkin,Local,26/07/2026,1600,1800,1700
"Tamil Nadu",Theni,"Periyakulam(Uzhavar Sandhai )",Ridgeguard(Tori),Ridgeguard(Tori),Local,26/07/2026,4800,5000,4900
"Tamil Nadu",Theni,"Periyakulam(Uzhavar Sandhai )","Green Avare(W)",Other,Local,26/07/2026,6800,7000,6900
"Tamil Nadu",Theni,"Periyakulam(Uzhavar Sandhai )",Yam(Ratalu),"Yam (Ratalu)",Local,26/07/2026,7300,7500,7400
"Tamil Nadu",Theni,"Periyakulam(Uzhavar Sandhai )",Lemon,Lemon,Local,26/07/2026,4000,4500,4250
"Tamil Nadu",Virudhunagar,"Srivilliputhur(Uzhavar Sandhai )",Carrot,Pusakesar,Local,26/07/2026,4500,5000,4750
"Tamil Nadu",Virudhunagar,"Srivilliputhur(Uzhavar Sandhai )",Cabbage,Cabbage,Local,26/07/2026,4000,4500,4250
"Tamil Nadu",Virudhunagar,"Srivilliputhur(Uzhavar Sandhai )",Thondekai,Thondekai,Local,26/07/2026,5000,6000,5500
"Tamil Nadu",Virudhunagar,"Srivilliputhur(Uzhavar Sandhai )",Lemon,Lemon,Local,26/07/2026,6000,7000,6500
"Uttar Pradesh",Prayagraj,"Prayagraj APMC",Wheat,Other,FAQ,26/07/2026,2450,2450,2450
"Uttar Pradesh",Prayagraj,"Prayagraj APMC",Tomato,Other,FAQ,26/07/2026,2500,2500,2500
"Uttar Pradesh",Pillibhit,"Puranpur APMC",Paddy(Common),Other,FAQ,26/07/2026,2300,2800,2559.07
"Uttar Pradesh",Sonbhadra,"Robertsganj APMC",Wheat,Dara,FAQ,26/07/2026,2500,2500,2500
"Uttar Pradesh",Barabanki,"Safdarganj APMC","Mentha Oil",Other,FAQ,26/07/2026,135000,135000,135000
"Uttar Pradesh",Shamli,"Shamli APMC",Potato,Other,FAQ,26/07/2026,800,1000,947.98
"Uttar Pradesh",Amethi,"Sultanpur APMC",Wheat,Dara,FAQ,26/07/2026,2450,2450,2450
"Uttar Pradesh",Firozabad,"Tundla APMC",Potato,Other,FAQ,26/07/2026,500,500,500
"Uttar Pradesh",Badaun,"Ujhani APMC",Potato,Other,FAQ,26/07/2026,640,640,640
"Uttar Pradesh",Badaun,"Ujhani APMC",Wood,Other,FAQ,26/07/2026,500,500,500
"Uttar Pradesh",Unnao,"Unnao APMC",Wheat,Dara,FAQ,26/07/2026,2560,2560,2560
"Uttar Pradesh",Ghazipur,"Yusufpur APMC",Paddy(Common),Common,FAQ,26/07/2026,2800,2800,2800
"Uttar Pradesh",Hardoi,"Sandila APMC",Rice,Common,FAQ,26/07/2026,2600,2600,2600
"West Bengal","North 24 Parganas","Habra APMC","Green Chilli","Green Chilly",FAQ,26/07/2026,8500,8600,8500
"West Bengal","North 24 Parganas","Habra APMC",Tomato,Other,FAQ,26/07/2026,2400,2500,2500
"West Bengal","North 24 Parganas","Habra APMC",Papaya(Raw),Other,FAQ,26/07/2026,1800,1900,1800
Punjab,Tarntaran,"Naushera Pannuan APMC",Brinjal,Other,Local,26/07/2026,1150,1150,1150
Punjab,Tarntaran,"Naushera Pannuan APMC",Carrot,Other,Local,26/07/2026,2000,2000,2000
"Tamil Nadu",Coimbatore,"Vadavalli(Uzhavar Sandhai )",Banana,Besrai,Local,26/07/2026,6500,7800,7150
"Tamil Nadu",Coimbatore,"Vadavalli(Uzhavar Sandhai )",Papaya,Papaya,Local,26/07/2026,3600,4200,3900
"Tamil Nadu",Coimbatore,"Vadavalli(Uzhavar Sandhai )","Cluster beans","Cluster Beans",Local,26/07/2026,3600,4000,3800
"Tamil Nadu",Coimbatore,"Vadavalli(Uzhavar Sandhai )",Pumpkin,Pumpkin,Local,26/07/2026,1500,2000,1750
"Tamil Nadu",Coimbatore,"Vadavalli(Uzhavar Sandhai )",Amaranthus,Amaranthus,Local,26/07/2026,3500,4000,3750
"Tamil Nadu",Coimbatore,"Vadavalli(Uzhavar Sandhai )",Tapioca,Tapioca,Local,26/07/2026,2800,3200,3000
"Tamil Nadu",Coimbatore,"Vadavalli(Uzhavar Sandhai )",Snakeguard,Snakeguard,Local,26/07/2026,2800,3400,3100
"Tamil Nadu",Coimbatore,"Vadavalli(Uzhavar Sandhai )",Beetroot,Beetroot,Local,26/07/2026,8000,9000,8500
"Tamil Nadu",Coimbatore,"Vadavalli(Uzhavar Sandhai )",Raddish,Raddish,Local,26/07/2026,3500,4000,3750
"Tamil Nadu",Coimbatore,"Vadavalli(Uzhavar Sandhai )",Capsicum,Capsicum,Local,26/07/2026,8000,9000,8500
"Tamil Nadu",Coimbatore,"Vadavalli(Uzhavar Sandhai )","Green Avare(W)",Other,Local,26/07/2026,6000,7000,6500
"Tamil Nadu",Coimbatore,"Vadavalli(Uzhavar Sandhai )",Drumstick,Drumstick,Local,26/07/2026,4500,5200,4850
Tripura,Gomati,"Nutanbazar APMC",Potato,Other,FAQ,26/07/2026,2350,2500,2450
"West Bengal",Darjeeling,"Karsiyang(Matigara) APMC","Squash(Chappal Kadoo)",Other,FAQ,26/07/2026,2800,3000,2900
"West Bengal",Darjeeling,"Darjeeling APMC",Cabbage,Other,FAQ,26/07/2026,2900,3100,3000
"West Bengal",Darjeeling,"Darjeeling APMC",Ginger(Green),Other,FAQ,26/07/2026,8900,9100,9000
"Uttar Pradesh",Kaushambi,"Bharwari APMC",Wood,Eucalyptus,FAQ,26/07/2026,400,400,400
"Tamil Nadu",Dindigul,"Vedasanthur(Uzhavar Sandhai )",Onion,Bellary,Local,26/07/2026,4000,4400,4200
"Tamil Nadu",Dindigul,"Vedasanthur(Uzhavar Sandhai )",Tomato,Deshi,Local,26/07/2026,1500,2000,1750
"Tamil Nadu",Dindigul,"Vedasanthur(Uzhavar Sandhai )","Bottle gourd","Bottle Gourd",Local,26/07/2026,1500,2000,1750
"Tamil Nadu",Dindigul,"Vedasanthur(Uzhavar Sandhai )","Green Chilli","Green Chilly",Local,26/07/2026,4000,4800,4400
"Tamil Nadu",Dindigul,"Vedasanthur(Uzhavar Sandhai )","Banana - Green","Banana - Green",Local,26/07/2026,3000,3600,3300
"Tamil Nadu",Dindigul,"Vedasanthur(Uzhavar Sandhai )",Coconut,Coconut,Local,26/07/2026,4000,5000,4500
"Tamil Nadu",Dindigul,"Vedasanthur(Uzhavar Sandhai )",Ridgeguard(Tori),Ridgeguard(Tori),Local,26/07/2026,5000,6000,5500
"Tamil Nadu",Dindigul,"Vedasanthur(Uzhavar Sandhai )","Onion Green","Onion Green",Local,26/07/2026,5000,6000,5500
"Uttar Pradesh",Sitapur,"Mishrit APMC",Wood,Other,FAQ,26/07/2026,490,490,490
"Tamil Nadu",Coimbatore,"Udumalpet APMC",Potato,"Red Nanital",Local,26/07/2026,3500,4000,3750
"Tamil Nadu",Coimbatore,"Udumalpet APMC",Coriander(Leaves),"I Sort",Local,26/07/2026,5000,6000,5500
"Tamil Nadu",Coimbatore,"Udumalpet APMC",Tomato,Deshi,Local,26/07/2026,1800,2300,2050
"Tamil Nadu",Coimbatore,"Udumalpet APMC",Beans,"Beans (Whole)",Local,26/07/2026,7000,8000,7500
"Tamil Nadu",Coimbatore,"Udumalpet APMC",Tapioca,Tapioca,Local,26/07/2026,3500,4000,3750
"Tamil Nadu",Coimbatore,"Udumalpet APMC","Sweet Potato","Hosur Red",Local,26/07/2026,4000,5000,4500
"Tamil Nadu",Coimbatore,"Udumalpet APMC",Beetroot,Beetroot,Local,26/07/2026,4000,10500,7250
"Tamil Nadu",Coimbatore,"Udumalpet APMC",Thondekai,Thondekai,Local,26/07/2026,4500,5000,4750
"Tamil Nadu",Coimbatore,"Udumalpet APMC","Chow Chow","Chow Chow",Local,26/07/2026,4000,4400,4200
"Tamil Nadu",Coimbatore,"Udumalpet APMC",Yam(Ratalu),"Yam (Ratalu)",Local,26/07/2026,10000,11000,10500
"Tamil Nadu",Coimbatore,"Udumalpet APMC",Lemon,Lemon,Local,26/07/2026,7000,8000,7500
"Himachal Pradesh",Kullu,"SMY Chauri Bihal",Capsicum,Other,"Grade Range-1",26/07/2026,4900,5100,5000
"Himachal Pradesh",Kullu,"SMY Chauri Bihal",Cabbage,Other,"Grade Range-1",26/07/2026,1500,1900,1800
"Himachal Pradesh",Kullu,"SMY Patli Kulh",Plum,Other,"Grade Range-1",26/07/2026,1000,9000,5000
"Uttar Pradesh",Maharajganj,"Anandnagar APMC",Wheat,Dara,FAQ,26/07/2026,2400,2400,2400
"Himachal Pradesh",Kullu,"SMY Bandrol",Tomato,Other,FAQ,26/07/2026,800,1900,1500
"Himachal Pradesh",Kullu,"SMY Bandrol",Cauliflower,Other,FAQ,26/07/2026,1000,3200,1900
"Himachal Pradesh",Kullu,"SMY Bandrol",Cabbage,Other,FAQ,26/07/2026,800,1500,1000
"Himachal Pradesh",Kullu,"SMY Bandrol",Plum,Other,"Grade A",26/07/2026,2000,6500,4900
"Himachal Pradesh",Kullu,"SMY Bandrol",Apple,Delicious,"Grade A",26/07/2026,3500,23500,17000
"Tamil Nadu",Erode,"Gobichettipalayam(Uzhavar Sandhai )",Papaya,Papaya,Local,26/07/2026,3000,3500,3250
"Tamil Nadu",Erode,"Gobichettipalayam(Uzhavar Sandhai )","Bitter gourd","Bitter Gourd",Local,26/07/2026,6200,6500,6350
"Tamil Nadu",Erode,"Gobichettipalayam(Uzhavar Sandhai )",Ashgourd,Gouard,Local,26/07/2026,2000,2500,2250
"Tamil Nadu",Erode,"Gobichettipalayam(Uzhavar Sandhai )","Bhindi(Ladies Finger)",Bhindi,Local,26/07/2026,3000,3500,3250
"Tamil Nadu",Erode,"Gobichettipalayam(Uzhavar Sandhai )",Amaranthus,Amaranthus,Local,26/07/2026,4200,4500,4350
"Tamil Nadu",Erode,"Gobichettipalayam(Uzhavar Sandhai )",Beetroot,Beetroot,Local,26/07/2026,9200,9500,9350
"Tamil Nadu",Erode,"Gobichettipalayam(Uzhavar Sandhai )",Lemon,Lemon,Local,26/07/2026,4200,4500,4350
"Tamil Nadu",Erode,"Gobichettipalayam(Uzhavar Sandhai )","Onion Green","Onion Green",Local,26/07/2026,5000,5500,5250
"Uttar Pradesh",Kannuj,"Kannauj APMC",Potato,Other,FAQ,26/07/2026,600,600,600
"Tamil Nadu",Erode,"Sampath Nagar(Uzhavar Sandhai )",Groundnut,"Big (With Shell)",Local,26/07/2026,5500,6000,5750
"Tamil Nadu",Erode,"Sampath Nagar(Uzhavar Sandhai )",Brinjal,Other,Local,26/07/2026,4000,4400,4200
"Tamil Nadu",Erode,"Sampath Nagar(Uzhavar Sandhai )",Coriander(Leaves),"I Sort",Local,26/07/2026,4500,5000,4750
"Tamil Nadu",Erode,"Sampath Nagar(Uzhavar Sandhai )",Tomato,Other,Local,26/07/2026,1800,2000,1900
"Tamil Nadu",Erode,"Sampath Nagar(Uzhavar Sandhai )","Cluster beans","Cluster Beans",Local,26/07/2026,3000,3500,3250
"Tamil Nadu",Erode,"Sampath Nagar(Uzhavar Sandhai )",Coconut,Coconut,Local,26/07/2026,4600,5000,4800
"Tamil Nadu",Erode,"Sampath Nagar(Uzhavar Sandhai )",Ridgeguard(Tori),Ridgeguard(Tori),Local,26/07/2026,3500,4000,3750
"Tamil Nadu",Erode,"Sampath Nagar(Uzhavar Sandhai )",Guava,"Guava Allahabad",Local,26/07/2026,5000,5500,5250
"Tamil Nadu",Erode,"Sampath Nagar(Uzhavar Sandhai )",Lemon,Lemon,Local,26/07/2026,8500,9000,8750
"Tamil Nadu",Erode,"Sampath Nagar(Uzhavar Sandhai )",Mint(Pudina),Mint(Pudina),Local,26/07/2026,4000,4500,4250
Tripura,Khowai,"Kalyanpur APMC",Cucumbar(Kheera),Cucumbar,FAQ,26/07/2026,5000,5200,5100
Tripura,Khowai,"Kalyanpur APMC",Potato,Jalander,FAQ,26/07/2026,1700,1900,1800
Tripura,Khowai,"Kalyanpur APMC",Fish,Rahu(Andhra),FAQ,26/07/2026,22500,23000,22800
Tripura,Khowai,"Kalyanpur APMC",Hen,Local,FAQ,26/07/2026,490,5000,495
Tripura,Khowai,"Kalyanpur APMC",Rice,Masuri,FAQ,26/07/2026,4000,4200,4100
"Tamil Nadu",Vellore,"Pallikonda(Uzhavar Sandhai)",Banana,Besrai,Local,26/07/2026,4000,6000,5000
"Tamil Nadu",Vellore,"Pallikonda(Uzhavar Sandhai)",Papaya,Papaya,Local,26/07/2026,4000,4000,4000
"Tamil Nadu",Vellore,"Pallikonda(Uzhavar Sandhai)","Bottle gourd","Bottle Gourd",Local,26/07/2026,2500,2500,2500
"Tamil Nadu",Vellore,"Pallikonda(Uzhavar Sandhai)",Coconut,Coconut,Local,26/07/2026,3000,3500,3250
"Tamil Nadu",Vellore,"Pallikonda(Uzhavar Sandhai)",Snakeguard,Snakeguard,Local,26/07/2026,3500,3500,3500
"Tamil Nadu",Vellore,"Pallikonda(Uzhavar Sandhai)",Yam(Ratalu),"Yam (Ratalu)",Local,26/07/2026,5500,5500,5500
"Tamil Nadu",Pudukkottai,"Ponnamaravathi(Uzhavar Sandhai)","Cluster beans","Cluster Beans",Local,26/07/2026,5000,5500,5250
"Tamil Nadu",Pudukkottai,"Ponnamaravathi(Uzhavar Sandhai)","Banana - Green","Banana - Green",Local,26/07/2026,2500,3000,2750
"Tamil Nadu",Pudukkottai,"Ponnamaravathi(Uzhavar Sandhai)",Drumstick,Drumstick,Local,26/07/2026,6500,7000,6750
"Tamil Nadu",Pudukkottai,"Ponnamaravathi(Uzhavar Sandhai)",Lemon,Lemon,Local,26/07/2026,4500,5000,4750
"Tamil Nadu",Nagapattinam,"Mayiladuthurai(Uzhavar Sandhai )",Onion,Bellary,Local,26/07/2026,2500,3000,2750
"Tamil Nadu",Nagapattinam,"Mayiladuthurai(Uzhavar Sandhai )","Bottle gourd","Bottle Gourd",Local,26/07/2026,2500,3000,2750
"Tamil Nadu",Nagapattinam,"Mayiladuthurai(Uzhavar Sandhai )",Ashgourd,Gouard,Local,26/07/2026,1500,2000,1750
"Tamil Nadu",Nagapattinam,"Mayiladuthurai(Uzhavar Sandhai )","Bhindi(Ladies Finger)",Bhindi,Local,26/07/2026,4500,5000,4750
"Tamil Nadu",Nagapattinam,"Mayiladuthurai(Uzhavar Sandhai )","Chow Chow","Chow Chow",Local,26/07/2026,4000,4000,4000
"Uttar Pradesh",Hardoi,"Hardoi APMC",Tomato,Other,FAQ,26/07/2026,800,1100,949.32
"Tamil Nadu",Pudukkottai,"Viralimalai(Uzhavar Sandhai )",Tomato,Other,Local,26/07/2026,1500,2000,1750
"Tamil Nadu",Pudukkottai,"Viralimalai(Uzhavar Sandhai )","Bottle gourd","Bottle Gourd",Local,26/07/2026,2000,2500,2250
"Tamil Nadu",Pudukkottai,"Viralimalai(Uzhavar Sandhai )",Pumpkin,Pumpkin,Local,26/07/2026,1200,1500,1350
"Tamil Nadu",Pudukkottai,"Viralimalai(Uzhavar Sandhai )",Amaranthus,Amaranthus,Local,26/07/2026,1000,1500,1250
"Tamil Nadu",Pudukkottai,"Viralimalai(Uzhavar Sandhai )","Green Chilli","Green Chilly",Local,26/07/2026,4000,5000,4500
"Tamil Nadu",Pudukkottai,"Viralimalai(Uzhavar Sandhai )","Banana - Green","Banana - Green",Local,26/07/2026,2500,3000,2750
"Tamil Nadu",Pudukkottai,"Viralimalai(Uzhavar Sandhai )",Lemon,Lemon,Local,26/07/2026,3500,4000,3750
"Tamil Nadu",Pudukkottai,"Viralimalai(Uzhavar Sandhai )",Mint(Pudina),Mint(Pudina),Local,26/07/2026,4000,5000,4500
"Tamil Nadu",Ramanathapuram,"Kamuthi(Uzhavar Sandhai )","Bhindi(Ladies Finger)",Bhindi,Local,26/07/2026,4000,4500,4250
"Tamil Nadu",Ramanathapuram,"Paramakudi(Uzhavar Sandhai )",Onion,Bellary,Local,26/07/2026,4500,4800,4650
"Tamil Nadu",Ramanathapuram,"Paramakudi(Uzhavar Sandhai )",Potato,"Red Nanital",Local,26/07/2026,4500,5000,4750
"Tamil Nadu",Ramanathapuram,"Paramakudi(Uzhavar Sandhai )","Cluster beans","Cluster Beans",Local,26/07/2026,3500,4000,3750
"Tamil Nadu",Ramanathapuram,"Paramakudi(Uzhavar Sandhai )",Ashgourd,Gouard,Local,26/07/2026,2000,2200,2100
"Tamil Nadu",Ramanathapuram,"Paramakudi(Uzhavar Sandhai )",Ginger(Green),"Green Ginger",Local,26/07/2026,15000,16000,15500
"Tamil Nadu",Ramanathapuram,"Paramakudi(Uzhavar Sandhai )",Carrot,Pusakesar,Local,26/07/2026,5500,6000,5750
"Tamil Nadu",Ramanathapuram,"Paramakudi(Uzhavar Sandhai )",Beetroot,Beetroot,Local,26/07/2026,4500,5000,4750
"Tamil Nadu",Ramanathapuram,"Paramakudi(Uzhavar Sandhai )","Green Avare(W)","Green Avare (W)",Local,26/07/2026,7500,8000,7750
"Tamil Nadu",Ramanathapuram,"Paramakudi(Uzhavar Sandhai )",Lime,Lime,Local,26/07/2026,12000,12800,12400
"Tamil Nadu",Ramanathapuram,"Paramakudi(Uzhavar Sandhai )","Elephant Yam(Suran)/Amorphophallus","Elephant Yam (Suran)",Local,26/07/2026,6500,6800,6650
"Tamil Nadu",Ramanathapuram,"Paramakudi(Uzhavar Sandhai )",Yam(Ratalu),"Yam (Ratalu)",Local,26/07/2026,6500,6800,6650
"Tamil Nadu",Ramanathapuram,"Paramakudi(Uzhavar Sandhai )","Onion Green","Onion Green",Local,26/07/2026,6000,6500,6250
"Tamil Nadu",Pudukkottai,"Alangudi(Uzhavar Sandhai )",Brinjal,Other,Local,26/07/2026,5000,6000,5500
"Tamil Nadu",Pudukkottai,"Alangudi(Uzhavar Sandhai )","Bhindi(Ladies Finger)",Bhindi,Local,26/07/2026,3500,4000,3750
"Tamil Nadu",Pudukkottai,"Alangudi(Uzhavar Sandhai )",Snakeguard,Snakeguard,Local,26/07/2026,3500,4000,3750
"Tamil Nadu",Pudukkottai,"Alangudi(Uzhavar Sandhai )",Lemon,Lemon,Local,26/07/2026,4500,5000,4750
"Tamil Nadu",Thiruvannamalai,"Arani(Uzhavar Sandhai )",Garlic,Garlic,Local,26/07/2026,20000,24000,22000
"Tamil Nadu",Thiruvannamalai,"Arani(Uzhavar Sandhai )",Snakeguard,Snakeguard,Local,26/07/2026,2500,3000,2750
"Tamil Nadu",Thiruvannamalai,"Arani(Uzhavar Sandhai )",Ridgeguard(Tori),Ridgeguard(Tori),Local,26/07/2026,3500,4200,3850
"Tamil Nadu",Thiruvannamalai,"Arani(Uzhavar Sandhai )",Raddish,Raddish,Local,26/07/2026,2500,3000,2750
"Tamil Nadu",Thiruvannamalai,"Arani(Uzhavar Sandhai )","Chow Chow","Chow Chow",Local,26/07/2026,3500,4200,3850
"Tamil Nadu",Thiruvannamalai,"Arani(Uzhavar Sandhai )","Knool Khol","Knool Khol",Local,26/07/2026,5000,6000,5500
"Tamil Nadu",Thiruvannamalai,"Polur(Uzhavar Sandhai )",Potato,"Red Nanital",Local,26/07/2026,2500,3000,2750
"Tamil Nadu",Thiruvannamalai,"Polur(Uzhavar Sandhai )",Banana,Besrai,Local,26/07/2026,4200,5000,4600
"Tamil Nadu",Thiruvannamalai,"Polur(Uzhavar Sandhai )",Cauliflower,Ranchi,Local,26/07/2026,3000,3600,3300
"Tamil Nadu",Thiruvannamalai,"Polur(Uzhavar Sandhai )",Brinjal,Round,Local,26/07/2026,5000,6000,5500
"Tamil Nadu",Thiruvannamalai,"Polur(Uzhavar Sandhai )",Papaya,Papaya,Local,26/07/2026,2500,3000,2750
"Tamil Nadu",Thiruvannamalai,"Polur(Uzhavar Sandhai )",Ashgourd,Gouard,Local,26/07/2026,1600,2000,1800
"Tamil Nadu",Thiruvannamalai,"Polur(Uzhavar Sandhai )",Pumpkin,Pumpkin,Local,26/07/2026,1600,2000,1800
"Tamil Nadu",Thiruvannamalai,"Polur(Uzhavar Sandhai )",Amaranthus,Amaranthus,Local,26/07/2026,1600,2000,1800
"Tamil Nadu",Thiruvannamalai,"Polur(Uzhavar Sandhai )",Ridgeguard(Tori),Ridgeguard(Tori),Local,26/07/2026,3300,4000,3650
"Tamil Nadu",Thiruvannamalai,"Polur(Uzhavar Sandhai )","Chow Chow","Chow Chow",Local,26/07/2026,4000,4800,4400
"Tamil Nadu",Thiruvannamalai,"Polur(Uzhavar Sandhai )","Knool Khol","Knool Khol",Local,26/07/2026,5000,6000,5500
"Tamil Nadu",Thiruvannamalai,"Polur(Uzhavar Sandhai )","Tender Coconut","Tender Coconut",Local,26/07/2026,1500,2000,1750
"Tamil Nadu",Thiruvannamalai,"Polur(Uzhavar Sandhai )","Amla(Nelli Kai)",Amla,Local,26/07/2026,8000,10000,9000
"Tamil Nadu",Thiruvannamalai,"Tiruvannamalai(Uzhavar Sandhai )","Bottle gourd","Bottle Gourd",Local,26/07/2026,2000,2500,2250
"Tamil Nadu",Thiruvannamalai,"Tiruvannamalai(Uzhavar Sandhai )",Pumpkin,Pumpkin,Local,26/07/2026,2000,2500,2250
"Tamil Nadu",Thiruvannamalai,"Tiruvannamalai(Uzhavar Sandhai )",Beans,"Beans (Whole)",Local,26/07/2026,7000,8000,7500
"Tamil Nadu",Thiruvannamalai,"Tiruvannamalai(Uzhavar Sandhai )",Tapioca,Tapioca,Local,26/07/2026,2500,3000,2750
"Tamil Nadu",Thiruvannamalai,"Tiruvannamalai(Uzhavar Sandhai )",Ginger(Green),"Green Ginger",Local,26/07/2026,18000,20000,19000
"Tamil Nadu",Thiruvannamalai,"Tiruvannamalai(Uzhavar Sandhai )",Carrot,Pusakesar,Local,26/07/2026,7000,8000,7500
"Tamil Nadu",Thiruvannamalai,"Tiruvannamalai(Uzhavar Sandhai )",Raddish,Raddish,Local,26/07/2026,2400,3000,2700
"Tamil Nadu",Thiruvannamalai,"Tiruvannamalai(Uzhavar Sandhai )","Tender Coconut","Tender Coconut",Local,26/07/2026,2000,2500,2250
"Tamil Nadu",Thiruvannamalai,"Tiruvannamalai(Uzhavar Sandhai )",Fig(Anjura/Anjeer),Anjura,Local,26/07/2026,7000,8000,7500
"Tamil Nadu",Thiruvannamalai,"Tiruvannamalai(Uzhavar Sandhai )","Tamarind Fruit","Tamarind Fruit",Local,26/07/2026,12000,14000,13000
"Tamil Nadu",Thiruvannamalai,"Tiruvannamalai(Uzhavar Sandhai )","Amla(Nelli Kai)",Amla,Local,26/07/2026,8000,10000,9000
"Tamil Nadu",Thiruvannamalai,"Tiruvannamalai(Uzhavar Sandhai )","Onion Green","Onion Green",Local,26/07/2026,7000,8000,7500
"Tamil Nadu",Thiruvarur,"Mannargudi I(Uzhavar Sandhai )",Banana,Other,Local,26/07/2026,6000,6000,6000
"Tamil Nadu",Thiruvarur,"Mannargudi I(Uzhavar Sandhai )",Coriander(Leaves),"I Sort",Local,26/07/2026,6000,6000,6000
"Tamil Nadu",Thiruvarur,"Mannargudi I(Uzhavar Sandhai )","Cluster beans","Cluster Beans",Local,26/07/2026,4400,4400,4400
"Tamil Nadu",Thiruvarur,"Mannargudi I(Uzhavar Sandhai )",Amaranthus,Amaranthus,Local,26/07/2026,2000,2000,2000
"Tamil Nadu",Thiruvarur,"Mannargudi I(Uzhavar Sandhai )","Green Avare(W)","Green Avare (W)",Local,26/07/2026,5600,5600,5600
"Tamil Nadu",Thiruvarur,"Mannargudi I(Uzhavar Sandhai )","Chow Chow","Chow Chow",Local,26/07/2026,3400,3400,3400
"Tamil Nadu",Thiruvarur,"Mannargudi I(Uzhavar Sandhai )",Drumstick,Drumstick,Local,26/07/2026,4000,4000,4000
"Tamil Nadu",Thiruvarur,"Mannargudi I(Uzhavar Sandhai )",Mango(Raw-Ripe),"Mango - Raw-Ripe",Local,26/07/2026,2600,2600,2600
"Tamil Nadu",Thiruvarur,"Mannargudi I(Uzhavar Sandhai )",Guava,"Guava Allahabad",Local,26/07/2026,6000,6000,6000
"Tamil Nadu",Thiruvarur,"Mannargudi I(Uzhavar Sandhai )","Elephant Yam(Suran)/Amorphophallus","Elephant Yam (Suran)",Local,26/07/2026,5400,5400,5400
"Tamil Nadu",Thiruvarur,"Mannargudi II(Uzhavar Sandhai )",Onion,Bellary,Local,26/07/2026,3400,3400,3400
"Tamil Nadu",Thiruvarur,"Mannargudi II(Uzhavar Sandhai )",Coriander(Leaves),"I Sort",Local,26/07/2026,6000,6000,6000
"Tamil Nadu",Thiruvarur,"Mannargudi II(Uzhavar Sandhai )","Cluster beans","Cluster Beans",Local,26/07/2026,4400,4400,4400
"Tamil Nadu",Thiruvarur,"Mannargudi II(Uzhavar Sandhai )","Bitter gourd","Bitter Gourd",Local,26/07/2026,6000,6000,6000
"Tamil Nadu",Thiruvarur,"Mannargudi II(Uzhavar Sandhai )",Coconut,Coconut,Local,26/07/2026,4000,4000,4000
"Tamil Nadu",Thiruvarur,"Mannargudi II(Uzhavar Sandhai )",Cabbage,Cabbage,Local,26/07/2026,5000,5000,5000
"Tamil Nadu",Thiruvarur,"Mannargudi II(Uzhavar Sandhai )",Snakeguard,Snakeguard,Local,26/07/2026,4000,4000,4000
"Tamil Nadu",Thiruvarur,"Mannargudi II(Uzhavar Sandhai )",Raddish,Raddish,Local,26/07/2026,3400,3400,3400
"Tamil Nadu",Thiruvarur,"Mannargudi II(Uzhavar Sandhai )",Lime,Lime,Local,26/07/2026,3000,3000,3000
"Tamil Nadu",Thiruvarur,"Tiruthuraipoondi(Uzhavar Sandhai )",Brinjal,Round,Local,26/07/2026,4000,4000,4000
"Tamil Nadu",Thiruvarur,"Tiruthuraipoondi(Uzhavar Sandhai )",Pumpkin,Pumpkin,Local,26/07/2026,2000,2000,2000
"Tamil Nadu",Thiruvarur,"Tiruthuraipoondi(Uzhavar Sandhai )","Green Chilli","Green Chilly",Local,26/07/2026,4000,4000,4000
"Tamil Nadu",Thiruvarur,"Tiruthuraipoondi(Uzhavar Sandhai )","Banana - Green","Banana - Green",Local,26/07/2026,3500,3500,3500
"Tamil Nadu",Thiruvarur,"Tiruthuraipoondi(Uzhavar Sandhai )",Drumstick,Drumstick,Local,26/07/2026,4400,4400,4400
"Tamil Nadu",Thiruvarur,"Tiruthuraipoondi(Uzhavar Sandhai )",Mango(Raw-Ripe),"Mango - Raw-Ripe",Local,26/07/2026,2000,2000,2000
"Tamil Nadu",Thiruvellore,"Ambattur(Uzhavar Sandhai )",Onion,Bellary,Local,26/07/2026,3000,3000,3000
"Tamil Nadu",Thiruvellore,"Ambattur(Uzhavar Sandhai )",Potato,"Red Nanital",Local,26/07/2026,4000,4000,4000
"Tamil Nadu",Thiruvellore,"Ambattur(Uzhavar Sandhai )",Tomato,Deshi,Local,26/07/2026,2500,2500,2500
"Tamil Nadu",Thiruvellore,"Naravarikuppam(Uzhavar Sandhai )",Potato,"Red Nanital",Local,26/07/2026,4000,4000,4000
"Tamil Nadu",Thiruvellore,"Naravarikuppam(Uzhavar Sandhai )",Tomato,Deshi,Local,26/07/2026,2000,2000,2000
"Tamil Nadu",Thiruvellore,"Naravarikuppam(Uzhavar Sandhai )","Cluster beans","Cluster Beans",Local,26/07/2026,6000,6000,6000
"Tamil Nadu",Thiruvellore,"Naravarikuppam(Uzhavar Sandhai )","Bhindi(Ladies Finger)",Bhindi,Local,26/07/2026,6000,6000,6000
"Tamil Nadu",Thiruvellore,"Naravarikuppam(Uzhavar Sandhai )",Coconut,Coconut,Local,26/07/2026,6000,6000,6000
"Tamil Nadu",Thiruvellore,"Paruthipattu(Uzhavar Sandhai )",Brinjal,Round,Local,26/07/2026,5000,5000,5000
"Tamil Nadu",Thiruvellore,"Paruthipattu(Uzhavar Sandhai )","Banana - Green","Banana - Green",Local,26/07/2026,4000,4000,4000
"Tamil Nadu",Thiruvellore,"Paruthipattu(Uzhavar Sandhai )",Coconut,Coconut,Local,26/07/2026,6000,6000,6000
"Tamil Nadu",Thiruvellore,"Paruthipattu(Uzhavar Sandhai )",Mint(Pudina),Mint(Pudina),Local,26/07/2026,4000,4000,4000
"Tamil Nadu",Thiruvellore,"Perambakkam(Uzhavar Sandhai )",Tomato,Deshi,Local,26/07/2026,2500,2500,2500
"Tamil Nadu",Thiruvellore,"Perambakkam(Uzhavar Sandhai )",Ridgeguard(Tori),Ridgeguard(Tori),Local,26/07/2026,4500,4500,4500
"Tamil Nadu",Thiruvellore,"Perambakkam(Uzhavar Sandhai )",Jasmine,Jasmine,Local,26/07/2026,50000,50000,50000
"Tamil Nadu",Tuticorin,"Kovilpatti(Uzhavar Sandhai )",Onion,Bellary,Local,26/07/2026,4000,4500,4250
"Tamil Nadu",Tuticorin,"Kovilpatti(Uzhavar Sandhai )",Papaya,Papaya,Local,26/07/2026,3000,3500,3250
"Tamil Nadu",Tuticorin,"Kovilpatti(Uzhavar Sandhai )",Tomato,Local,Local,26/07/2026,2000,2500,2250
"Tamil Nadu",Tuticorin,"Kovilpatti(Uzhavar Sandhai )","Bitter gourd",Other,Local,26/07/2026,15000,15500,15250
"Tamil Nadu",Tuticorin,"Kovilpatti(Uzhavar Sandhai )","Bhindi(Ladies Finger)",Bhindi,Local,26/07/2026,2000,2500,2250
"Tamil Nadu",Tuticorin,"Kovilpatti(Uzhavar Sandhai )",Beans,"Beans (Whole)",Local,26/07/2026,8000,8500,8250
"Tamil Nadu",Tuticorin,"Kovilpatti(Uzhavar Sandhai )",Carrot,Pusakesar,Local,26/07/2026,11000,11500,11250
"Tamil Nadu",Tuticorin,"Kovilpatti(Uzhavar Sandhai )",Cabbage,Cabbage,Local,26/07/2026,5000,5500,5250
"Tamil Nadu",Tuticorin,"Kovilpatti(Uzhavar Sandhai )",Beetroot,Beetroot,Local,26/07/2026,5500,6000,5750
"Tamil Nadu",Tuticorin,"Kovilpatti(Uzhavar Sandhai )",Drumstick,Drumstick,Local,26/07/2026,4500,5000,4750
"Tamil Nadu",Tuticorin,"Kovilpatti(Uzhavar Sandhai )",Lime,Lime,Local,26/07/2026,17000,17500,17250
"Tamil Nadu",Tuticorin,"Kovilpatti(Uzhavar Sandhai )",Guava,"Guava Allahabad",Local,26/07/2026,5000,5500,5250
"Tamil Nadu",Tuticorin,"Kovilpatti(Uzhavar Sandhai )",Mint(Pudina),Mint(Pudina),Local,26/07/2026,7000,7500,7250
"Tamil Nadu",Vellore,"Gudiyatham(Uzhavar Sandhai )",Potato,"Red Nanital",Local,26/07/2026,3000,3000,3000
"Tamil Nadu",Vellore,"Gudiyatham(Uzhavar Sandhai )",Groundnut,"Big (With Shell)",Local,26/07/2026,7600,7600,7600
"Tamil Nadu",Vellore,"Gudiyatham(Uzhavar Sandhai )",Banana,"Red Banana",Local,26/07/2026,8000,8000,8000
"Tamil Nadu",Vellore,"Gudiyatham(Uzhavar Sandhai )",Coriander(Leaves),"I Sort",Local,26/07/2026,6000,6000,6000
"Tamil Nadu",Vellore,"Gudiyatham(Uzhavar Sandhai )","Cluster beans","Cluster Beans",Local,26/07/2026,4600,4600,4600
"Tamil Nadu",Vellore,"Gudiyatham(Uzhavar Sandhai )",Pumpkin,Pumpkin,Local,26/07/2026,2400,2400,2400
"Tamil Nadu",Vellore,"Gudiyatham(Uzhavar Sandhai )",Amaranthus,Amaranthus,Local,26/07/2026,4000,4000,4000
"Tamil Nadu",Vellore,"Gudiyatham(Uzhavar Sandhai )","Green Chilli","Green Chilly",Local,26/07/2026,5600,5600,5600
"Tamil Nadu",Vellore,"Gudiyatham(Uzhavar Sandhai )",Cowpea(Veg),"Cowpea (Veg)",Local,26/07/2026,4600,4600,4600
"Tamil Nadu",Vellore,"Gudiyatham(Uzhavar Sandhai )","Banana - Green","Banana - Green",Local,26/07/2026,3500,3500,3500
"Tamil Nadu",Vellore,"Gudiyatham(Uzhavar Sandhai )",Coconut,Coconut,Local,26/07/2026,3500,3500,3500
"Tamil Nadu",Vellore,"Gudiyatham(Uzhavar Sandhai )",Beetroot,Beetroot,Local,26/07/2026,4600,4600,4600
"Tamil Nadu",Vellore,"Gudiyatham(Uzhavar Sandhai )",Cucumbar(Kheera),Cucumbar,Local,26/07/2026,3000,3000,3000
"Tamil Nadu",Vellore,"Gudiyatham(Uzhavar Sandhai )",Raddish,Raddish,Local,26/07/2026,3000,3000,3000
"Tamil Nadu",Vellore,"Gudiyatham(Uzhavar Sandhai )",Drumstick,Drumstick,Local,26/07/2026,5600,5600,5600
"Tamil Nadu",Vellore,"Gudiyatham(Uzhavar Sandhai )",Colacasia,Colacasia,Local,26/07/2026,4600,4600,4600
"Tamil Nadu",Vellore,"Gudiyatham(Uzhavar Sandhai )","Onion Green","Onion Green",Local,26/07/2026,6000,6000,6000
"Tamil Nadu",Vellore,"Gudiyatham(Uzhavar Sandhai )",Rose(Local),"Rose (Local)",Local,26/07/2026,15000,15000,15000
"Tamil Nadu",Vellore,"Kahithapattarai(Uzhavar Sandhai )",Onion,Bellary,Local,26/07/2026,3800,3800,3800
"Tamil Nadu",Vellore,"Kahithapattarai(Uzhavar Sandhai )",Potato,Other,Local,26/07/2026,2400,2400,2400
"Tamil Nadu",Vellore,"Kahithapattarai(Uzhavar Sandhai )",Coriander(Leaves),"I Sort",Local,26/07/2026,6000,6000,6000
"Tamil Nadu",Vellore,"Kahithapattarai(Uzhavar Sandhai )",Cucumbar(Kheera),Cucumbar,Local,26/07/2026,5000,5000,5000
"Tamil Nadu",Villupuram,"Villupuram(Uzhavar Sandhai )",Onion,Bellary,Local,26/07/2026,4000,4000,4000
"Tamil Nadu",Villupuram,"Villupuram(Uzhavar Sandhai )",Mango,Safeda,Local,26/07/2026,7000,7000,7000
"Tamil Nadu",Villupuram,"Villupuram(Uzhavar Sandhai )",Brinjal,Round,Local,26/07/2026,6000,6000,6000
"Tamil Nadu",Villupuram,"Villupuram(Uzhavar Sandhai )",Coriander(Leaves),"I Sort",Local,26/07/2026,5000,5000,5000
"Tamil Nadu",Villupuram,"Villupuram(Uzhavar Sandhai )","Bitter gourd","Bitter Gourd",Local,26/07/2026,6000,6000,6000
"Tamil Nadu",Villupuram,"Villupuram(Uzhavar Sandhai )",Beans,"Beans (Whole)",Local,26/07/2026,9000,9000,9000
"Tamil Nadu",Villupuram,"Villupuram(Uzhavar Sandhai )","Sweet Potato","Hosur Red",Local,26/07/2026,6000,6000,6000
"Tamil Nadu",Villupuram,"Villupuram(Uzhavar Sandhai )",Cabbage,Cabbage,Local,26/07/2026,5000,5000,5000
"Tamil Nadu",Villupuram,"Villupuram(Uzhavar Sandhai )",Ridgeguard(Tori),Ridgeguard(Tori),Local,26/07/2026,7000,7000,7000
"Tamil Nadu",Villupuram,"Villupuram(Uzhavar Sandhai )",Thondekai,Thondekai,Local,26/07/2026,5000,5000,5000
"Tamil Nadu",Villupuram,"Villupuram(Uzhavar Sandhai )",Mango(Raw-Ripe),"Mango - Raw-Ripe",Local,26/07/2026,3000,3000,3000
"Uttar Pradesh",Badaun,"Badayoun APMC",Onion,Other,FAQ,26/07/2026,2000,2000,2000
Odisha,Dhenkanal,"Hindol APMC","Bhindi(Ladies Finger)",Bhindi,"Grade B",26/07/2026,4800,5200,5000
Odisha,Dhenkanal,"Hindol APMC","Bitter gourd","Bitter Gourd","Grade B",26/07/2026,4700,5000,4800
Odisha,Dhenkanal,"Hindol APMC",Onion,Other,"Grade B",26/07/2026,2700,3000,2800
Odisha,Dhenkanal,"Hindol APMC","Pointed gourd(Parval)",Other,"Grade B",26/07/2026,3500,4000,3800
Odisha,Dhenkanal,"Hindol APMC",Pumpkin,Pumpkin,"Grade B",26/07/2026,1500,1700,1600
"Uttar Pradesh",Firozabad,"Firozabad APMC",Wood,Other,FAQ,26/07/2026,1000,1000,1000
Odisha,Puri,"Dumal APMC","Betal Leaves",Local,"Grade Range-1",26/07/2026,7000,7000,7000
"Tamil Nadu",Thiruvannamalai,"Cheyyar(Uzhavar Sandhai )",Potato,Other,Local,26/07/2026,2500,3000,2750
"Tamil Nadu",Thiruvannamalai,"Cheyyar(Uzhavar Sandhai )",Carrot,Pusakesar,Local,26/07/2026,5500,7000,6250
"Tamil Nadu",Thiruvannamalai,"Cheyyar(Uzhavar Sandhai )",Raddish,Raddish,Local,26/07/2026,2500,3000,2750
"Tamil Nadu",Thiruvannamalai,"Cheyyar(Uzhavar Sandhai )",Mango(Raw-Ripe),"Mango - Raw-Ripe",Local,26/07/2026,1600,2000,1800
"Tamil Nadu",Thiruvannamalai,"Cheyyar(Uzhavar Sandhai )",Yam(Ratalu),"Yam (Ratalu)",Local,26/07/2026,4000,5000,4500
"Tamil Nadu",Ariyalur,"Ariyalur(Uzhavar Sandhai)",Onion,Bellary,Local,26/07/2026,3500,4000,3750
"Tamil Nadu",Ariyalur,"Ariyalur(Uzhavar Sandhai)",Coriander(Leaves),"I Sort",Local,26/07/2026,5500,6500,6000
"Tamil Nadu",Ariyalur,"Ariyalur(Uzhavar Sandhai)","Green Chilli","Green Chilly",Local,26/07/2026,4500,5000,4750
"Tamil Nadu",Ariyalur,"Ariyalur(Uzhavar Sandhai)",Mango(Raw-Ripe),"Mango - Raw-Ripe",Local,26/07/2026,2000,2500,2250
"Uttar Pradesh",Kasganj,"Ganj Dundwara APMC",Firewood,Firewood,FAQ,26/07/2026,400,400,400
"Tamil Nadu",Dindigul,"Kodaikkanal(Uzhavar Sandhai)",Carrot,Pusakesar,Local,26/07/2026,3000,4000,3500
"Tamil Nadu",Dindigul,"Kodaikkanal(Uzhavar Sandhai)","Chow Chow","Chow Chow",Local,26/07/2026,3000,3500,3250
Punjab,Gurdaspur,"Dinanagar APMC",Capsicum,Capsicum,Medium,26/07/2026,4500,5000,4800
Keralam,Thiruvananthapuram,"Pappanchani VFPCK Market",Cowpea(Veg),"Bean Barbati","Grade A",26/07/2026,8000,8000,8000
"Tamil Nadu",Coimbatore,"Sundarapuram(Uzhavar Sandhai )",Coriander(Leaves),"I Sort",Local,26/07/2026,6500,7000,6750
"Tamil Nadu",Coimbatore,"Sundarapuram(Uzhavar Sandhai )",Pumpkin,Pumpkin,Local,26/07/2026,1400,1800,1600
"Tamil Nadu",Coimbatore,"Sundarapuram(Uzhavar Sandhai )","Sweet Potato","Hosur Red",Local,26/07/2026,3500,4000,3750
"Tamil Nadu",Coimbatore,"Sundarapuram(Uzhavar Sandhai )",Drumstick,Drumstick,Local,26/07/2026,5500,6000,5750
"West Bengal","Sounth 24 Parganas","Baruipur(Canning) APMC","Bhindi(Ladies Finger)",Bhindi,FAQ,26/07/2026,3300,3600,3400
"West Bengal","Sounth 24 Parganas","Baruipur(Canning) APMC",Brinjal,Brinjal,FAQ,26/07/2026,6200,6800,6500
"West Bengal","Sounth 24 Parganas","Baruipur(Canning) APMC",Onion,Red,FAQ,26/07/2026,3100,3300,3200
"West Bengal","Sounth 24 Parganas","Baruipur(Canning) APMC",Tomato,Tomato,FAQ,26/07/2026,2900,3100,3000
Telangana,Hanumakonda,"Excise Colony,RBZ ","Bitter gourd",Other,"Grade A",26/07/2026,4800,4800,4800
Telangana,Hanumakonda,"Excise Colony,RBZ ","Green Chilli",Other,"Grade A",26/07/2026,5000,5000,5000
Telangana,Hanumakonda,"Excise Colony,RBZ ",Tomato,Other,"Grade A",26/07/2026,2000,2000,2000
"Tamil Nadu",Coimbatore,"Mettupalayam(Uzhavar Sandhai )",Pineapple,"Pine Apple",Local,26/07/2026,3500,4000,3750
"Tamil Nadu",Coimbatore,"Mettupalayam(Uzhavar Sandhai )","Green Peas","Green Peas",Local,26/07/2026,20000,22000,21000
"Tamil Nadu",Coimbatore,"Mettupalayam(Uzhavar Sandhai )","Bitter gourd","Bitter Gourd",Local,26/07/2026,5000,6000,5500
"Tamil Nadu",Coimbatore,"Mettupalayam(Uzhavar Sandhai )",Coconut,Coconut,Local,26/07/2026,5000,5400,5200
"Tamil Nadu",Coimbatore,"Mettupalayam(Uzhavar Sandhai )",Cabbage,Cabbage,Local,26/07/2026,3500,4000,3750
"Tamil Nadu",Coimbatore,"Mettupalayam(Uzhavar Sandhai )",Beetroot,Beetroot,Local,26/07/2026,7500,8500,8000
"Tamil Nadu",Coimbatore,"Mettupalayam(Uzhavar Sandhai )",Ridgeguard(Tori),Ridgeguard(Tori),Local,26/07/2026,4500,5500,5000
"Tamil Nadu",Coimbatore,"Mettupalayam(Uzhavar Sandhai )",Raddish,Raddish,Local,26/07/2026,3500,3800,3650
"Tamil Nadu",Coimbatore,"Mettupalayam(Uzhavar Sandhai )","Knool Khol","Knool Khol",Local,26/07/2026,5000,6000,5500
"Tamil Nadu",Coimbatore,"Mettupalayam(Uzhavar Sandhai )",Lime,Lime,Local,26/07/2026,14000,16000,15000
"Tamil Nadu",Coimbatore,"Mettupalayam(Uzhavar Sandhai )","Jack Fruit(Ripe)","Jack Fruit",Local,26/07/2026,3500,4000,3750
"Tamil Nadu",Coimbatore,"Mettupalayam(Uzhavar Sandhai )","Amla(Nelli Kai)",Amla,Local,26/07/2026,8000,9000,8500
"Tamil Nadu",Erode,"Sathiyamagalam(Uzhavar Sandhai )",Chikoos(Sapota),Sapota,Local,26/07/2026,3500,4000,3750
"Tamil Nadu",Erode,"Sathiyamagalam(Uzhavar Sandhai )",Papaya,Papaya,Local,26/07/2026,2000,2400,2200
"Tamil Nadu",Erode,"Sathiyamagalam(Uzhavar Sandhai )",Tomato,Local,Local,26/07/2026,1400,1800,1600
"Tamil Nadu",Erode,"Sathiyamagalam(Uzhavar Sandhai )","Cluster beans","Cluster Beans",Local,26/07/2026,3400,3800,3600
"Tamil Nadu",Erode,"Sathiyamagalam(Uzhavar Sandhai )",Ashgourd,Gouard,Local,26/07/2026,1800,2200,2000
"Tamil Nadu",Erode,"Sathiyamagalam(Uzhavar Sandhai )","Green Chilli","Green Chilly",Local,26/07/2026,4000,4400,4200
"Tamil Nadu",Erode,"Sathiyamagalam(Uzhavar Sandhai )","Banana - Green","Banana - Green",Local,26/07/2026,3000,3500,3250
"Tamil Nadu",Erode,"Sathiyamagalam(Uzhavar Sandhai )",Cabbage,Cabbage,Local,26/07/2026,3400,3800,3600
"Tamil Nadu",Erode,"Sathiyamagalam(Uzhavar Sandhai )",Drumstick,Drumstick,Local,26/07/2026,6500,7000,6750
"Tamil Nadu",Erode,"Sathiyamagalam(Uzhavar Sandhai )","Onion Green","Onion Green",Local,26/07/2026,5000,5400,5200
"Tamil Nadu",Erode,"Sathiyamagalam(Uzhavar Sandhai )",Mint(Pudina),Mint(Pudina),Local,26/07/2026,4500,5000,4750
Telangana,Hyderabad,"RYTHU BAZAR MEHDIPATNAM","Cluster beans","Cluster Beans","Grade A",26/07/2026,3500,3500,3500
Telangana,Hyderabad,"RYTHU BAZAR MEHDIPATNAM","Bitter gourd","Bitter Gourd","Grade A",26/07/2026,3200,3200,3200
Telangana,Hyderabad,"RYTHU BAZAR MEHDIPATNAM","Green Chilli","Green Chilly","Grade A",26/07/2026,3500,3500,3500
"Uttar Pradesh",Jhansi,"Baruwasagar APMC",Ginger(Green),Other,FAQ,26/07/2026,11000,11000,11000
Keralam,Thirssur,"Pazhayannur VFPCK Market",Cowpea(Veg),"Cowpea (Veg)","Grade A",26/07/2026,5500,6300,6000
"Tamil Nadu",Namakkal,"Tiruchengode APMC","Mousambi(Sweet Lime)",Mousambi,Local,26/07/2026,3000,3500,3250
"Tamil Nadu",Namakkal,"Tiruchengode APMC","Cluster beans","Cluster Beans",Local,26/07/2026,4500,5000,4750
"Tamil Nadu",Namakkal,"Tiruchengode APMC","Bottle gourd","Bottle Gourd",Local,26/07/2026,1200,1500,1350
"Tamil Nadu",Namakkal,"Tiruchengode APMC",Ashgourd,Gouard,Local,26/07/2026,2600,3000,2800
"Tamil Nadu",Namakkal,"Tiruchengode APMC",Pumpkin,Pumpkin,Local,26/07/2026,2500,3000,2750
"Tamil Nadu",Namakkal,"Tiruchengode APMC","Bhindi(Ladies Finger)",Bhindi,Local,26/07/2026,3500,4000,3750
"Tamil Nadu",Namakkal,"Tiruchengode APMC","Green Chilli","Green Chilly",Local,26/07/2026,4500,5000,4750
"Tamil Nadu",Namakkal,"Tiruchengode APMC",Coconut,Coconut,Local,26/07/2026,5200,5800,5500
"Tamil Nadu",Namakkal,"Tiruchengode APMC",Mango(Raw-Ripe),"Mango - Raw-Ripe",Local,26/07/2026,3000,3500,3250
"Tamil Nadu",Namakkal,"Tiruchengode APMC",Mint(Pudina),Mint(Pudina),Local,26/07/2026,4500,5000,4750
"Tamil Nadu",Ariyalur,"Jeyankondam (Uzhavar Sandhai )",Tomato,Deshi,Local,26/07/2026,2000,2400,2200
"Tamil Nadu",Ariyalur,"Jeyankondam (Uzhavar Sandhai )",Amaranthus,Amaranthus,Local,26/07/2026,2500,3000,2750
"Tamil Nadu",Ariyalur,"Jeyankondam (Uzhavar Sandhai )","Onion Green","Onion Green",Local,26/07/2026,5400,6000,5700
Telangana,Karimnagar,"Weekly Market Area,RBZ APMC",Beetroot,Beetroot,Local,26/07/2026,2000,5000,2000
"Tamil Nadu",Coimbatore,"RSPuram(Uzhavar Sandhai )",Groundnut,"Big (With Shell)",Local,26/07/2026,6000,7000,6500
"Tamil Nadu",Coimbatore,"RSPuram(Uzhavar Sandhai )",Orange,Darjeeling,Local,26/07/2026,8000,14000,11000
"Tamil Nadu",Coimbatore,"RSPuram(Uzhavar Sandhai )","Green Peas","Green Peas",Local,26/07/2026,24000,25000,24500
"Tamil Nadu",Coimbatore,"RSPuram(Uzhavar Sandhai )","Water Melon","Water Melon",Local,26/07/2026,2200,2500,2350
"Tamil Nadu",Coimbatore,"RSPuram(Uzhavar Sandhai )",Tomato,Local,Local,26/07/2026,1500,1700,1600
"Tamil Nadu",Coimbatore,"RSPuram(Uzhavar Sandhai )",Ashgourd,Gouard,Local,26/07/2026,1800,2000,1900
"Tamil Nadu",Coimbatore,"RSPuram(Uzhavar Sandhai )",Ginger(Green),"Green Ginger",Local,26/07/2026,15000,16000,15500
"Tamil Nadu",Coimbatore,"RSPuram(Uzhavar Sandhai )",Coconut,Coconut,Local,26/07/2026,5400,5700,5550
"Tamil Nadu",Coimbatore,"RSPuram(Uzhavar Sandhai )","Sweet Potato","Hosur Red",Local,26/07/2026,3500,4000,3750
"Tamil Nadu",Coimbatore,"RSPuram(Uzhavar Sandhai )",Carrot,Pusakesar,Local,26/07/2026,8000,9000,8500
"Tamil Nadu",Coimbatore,"RSPuram(Uzhavar Sandhai )",Cabbage,Cabbage,Local,26/07/2026,3400,3800,3600
"Tamil Nadu",Coimbatore,"RSPuram(Uzhavar Sandhai )",Thondekai,Thondekai,Local,26/07/2026,4200,4800,4500
"Tamil Nadu",Coimbatore,"RSPuram(Uzhavar Sandhai )",Pomegranate,Pomogranate,Local,26/07/2026,22000,23500,22750
"Tamil Nadu",Coimbatore,"RSPuram(Uzhavar Sandhai )",Yam(Ratalu),"Yam (Ratalu)",Local,26/07/2026,9000,9600,9300
"Tamil Nadu",Coimbatore,"RSPuram(Uzhavar Sandhai )",Lemon,Lemon,Local,26/07/2026,7500,8500,8000
"Tamil Nadu",Coimbatore,"RSPuram(Uzhavar Sandhai )",Colacasia,Colacasia,Local,26/07/2026,4000,4500,4250
"Tamil Nadu",Coimbatore,"RSPuram(Uzhavar Sandhai )","Custard Apple(Sharifa)","Custard Apple(Sharifa)",Local,26/07/2026,5000,6000,5500
"Tamil Nadu",Coimbatore,"RSPuram(Uzhavar Sandhai )","Onion Green","Onion Green",Local,26/07/2026,5000,5600,5300
"Tamil Nadu",Coimbatore,"RSPuram(Uzhavar Sandhai )",Mint(Pudina),Mint(Pudina),Local,26/07/2026,6500,7000,6750
"Tamil Nadu",Coimbatore,"Singanallur(Uzhavar Sandhai )",Onion,Bellary,Local,26/07/2026,3000,3500,3250
"Tamil Nadu",Coimbatore,"Singanallur(Uzhavar Sandhai )",Potato,Other,Local,26/07/2026,6000,7800,6900
"Tamil Nadu",Coimbatore,"Singanallur(Uzhavar Sandhai )",Garlic,Garlic,Local,26/07/2026,20000,22000,21000
"Tamil Nadu",Coimbatore,"Singanallur(Uzhavar Sandhai )",Chikoos(Sapota),Sapota,Local,26/07/2026,4000,4500,4250
"Tamil Nadu",Coimbatore,"Singanallur(Uzhavar Sandhai )","Bhindi(Ladies Finger)",Bhindi,Local,26/07/2026,4500,5000,4750
"Tamil Nadu",Coimbatore,"Singanallur(Uzhavar Sandhai )","Banana - Green","Banana - Green",Local,26/07/2026,3500,4000,3750
"Tamil Nadu",Coimbatore,"Singanallur(Uzhavar Sandhai )",Beans,"Beans (Whole)",Local,26/07/2026,6000,6500,6250
"Tamil Nadu",Coimbatore,"Singanallur(Uzhavar Sandhai )",Tapioca,Tapioca,Local,26/07/2026,3000,3500,3250
"Tamil Nadu",Coimbatore,"Singanallur(Uzhavar Sandhai )",Raddish,Raddish,Local,26/07/2026,4000,4500,4250
"Tamil Nadu",Coimbatore,"Singanallur(Uzhavar Sandhai )",Drumstick,Drumstick,Local,26/07/2026,5800,6200,6000
"Tamil Nadu",Coimbatore,"Singanallur(Uzhavar Sandhai )",Pomegranate,Pomogranate,Local,26/07/2026,18000,20000,19000
"Tamil Nadu",Coimbatore,"Singanallur(Uzhavar Sandhai )",Lemon,Lemon,Local,26/07/2026,8000,8500,8250
"Tamil Nadu",Coimbatore,"Singanallur(Uzhavar Sandhai )",Colacasia,Colacasia,Local,26/07/2026,4500,5000,4750
"Tamil Nadu",Coimbatore,"Singanallur(Uzhavar Sandhai )","Amla(Nelli Kai)",Amla,Local,26/07/2026,8000,8500,8250
"Tamil Nadu",Coimbatore,"Singanallur(Uzhavar Sandhai )",Mint(Pudina),Mint(Pudina),Local,26/07/2026,6500,7000,6750
"Tamil Nadu",Coimbatore,"Pollachi(Uzhavar Sandhai )",Onion,Bellary,Local,26/07/2026,3400,3800,3600
"Tamil Nadu",Coimbatore,"Pollachi(Uzhavar Sandhai )",Cauliflower,Ranchi,Local,26/07/2026,5000,5500,5250
"Tamil Nadu",Coimbatore,"Pollachi(Uzhavar Sandhai )",Ashgourd,Gouard,Local,26/07/2026,1800,2200,2000
"Tamil Nadu",Coimbatore,"Pollachi(Uzhavar Sandhai )","Banana - Green","Banana - Green",Local,26/07/2026,4000,4500,4250
"Tamil Nadu",Coimbatore,"Pollachi(Uzhavar Sandhai )",Beans,"Beans (Whole)",Local,26/07/2026,7500,8500,8000
"Tamil Nadu",Coimbatore,"Pollachi(Uzhavar Sandhai )",Ridgeguard(Tori),Ridgeguard(Tori),Local,26/07/2026,6000,6500,6250
"Tamil Nadu",Coimbatore,"Pollachi(Uzhavar Sandhai )",Raddish,Raddish,Local,26/07/2026,4000,4500,4250
"Tamil Nadu",Coimbatore,"Pollachi(Uzhavar Sandhai )",Drumstick,Drumstick,Local,26/07/2026,5000,6000,5500
"Tamil Nadu",Coimbatore,"Pollachi(Uzhavar Sandhai )","Elephant Yam(Suran)/Amorphophallus","Elephant Yam (Suran)",Local,26/07/2026,3500,4000,3750
"Tamil Nadu",Coimbatore,"Pollachi(Uzhavar Sandhai )",Yam(Ratalu),"Yam (Ratalu)",Local,26/07/2026,5000,6000,5500
"Tamil Nadu",Coimbatore,"Pollachi(Uzhavar Sandhai )","Amla(Nelli Kai)",Amla,Local,26/07/2026,7000,8000,7500
"Uttar Pradesh",Shahjahanpur,"Jalalabad APMC",Wheat,Other,FAQ,26/07/2026,2600,2600,2600
"Uttar Pradesh",Lucknow,"Banthara APMC",Paddy(Common),Common,FAQ,26/07/2026,2100,2100,2100
"Uttar Pradesh",Lucknow,"Banthara APMC","Pegeon Pea(Arhar Fali)",Other,FAQ,26/07/2026,12372.47,12372.47,12372.47
"Uttar Pradesh",Lucknow,"Banthara APMC",Mahua,Other,FAQ,26/07/2026,2500,2500,2500
Chandigarh,Chandigarh,"Chandigarh (Grain/F&V) APMC",Cauliflower,Cauliflower,FAQ,26/07/2026,1500,2500,2200
Chandigarh,Chandigarh,"Chandigarh (Grain/F&V) APMC",Tomato,Tomato,FAQ,26/07/2026,400,1480,1200
Chandigarh,Chandigarh,"Chandigarh (Grain/F&V) APMC",Pomegranate,Pomogranate,Medium,26/07/2026,5000,12000,10000
Chandigarh,Chandigarh,"Chandigarh (Grain/F&V) APMC","Water Melon",Other,Medium,26/07/2026,1000,2000,1500
Chandigarh,Chandigarh,"Chandigarh (Grain/F&V) APMC",Lemon,Other,FAQ,26/07/2026,3000,4000,3500
Telangana,"Ranga Reddy","Vanasthalipuram,RBZ ","Green Chilli","Green Chilly",Local,26/07/2026,3500,3500,3500
Telangana,"Ranga Reddy","Vanasthalipuram,RBZ ",Tomato,Other,Local,26/07/2026,1700,1700,1700
Telangana,"Ranga Reddy","Vanasthalipuram,RBZ ","Cluster beans","Cluster Beans",Local,26/07/2026,3500,3500,3500
Telangana,"Ranga Reddy","Vanasthalipuram,RBZ ","Bitter gourd","Bitter Gourd",Local,26/07/2026,3200,3200,3200
Telangana,"Ranga Reddy","Vanasthalipuram,RBZ ","Wild Cucumber","Wild Cucumber","Grade A",26/07/2026,1500,1500,1500
"Tamil Nadu",Karur,"Karur(Uzhavar Sandhai )",Tomato,Deshi,Local,26/07/2026,1500,2000,1750
"Tamil Nadu",Karur,"Karur(Uzhavar Sandhai )","Bottle gourd","Bottle Gourd",Local,26/07/2026,2000,2500,2250
"Tamil Nadu",Karur,"Karur(Uzhavar Sandhai )",Ginger(Green),"Green Ginger",Local,26/07/2026,21500,22000,21750
"Tamil Nadu",Karur,"Karur(Uzhavar Sandhai )",Coconut,Coconut,Local,26/07/2026,5000,5500,5250
"Tamil Nadu",Karur,"Karur(Uzhavar Sandhai )",Carrot,Pusakesar,Local,26/07/2026,9500,10000,9750
"Tamil Nadu",Karur,"Karur(Uzhavar Sandhai )",Drumstick,Drumstick,Local,26/07/2026,3500,4000,3750
"Tamil Nadu",Karur,"Karur(Uzhavar Sandhai )",Yam(Ratalu),"Yam (Ratalu)",Local,26/07/2026,9000,10000,9500
"Tamil Nadu",Karur,"Karur(Uzhavar Sandhai )",Mashrooms,Mashrooms,Local,26/07/2026,20000,22000,21000
"Tamil Nadu",Coimbatore,"Kurichi(Uzhavar Sandhai )",Onion,Bellary,Local,26/07/2026,3000,3500,3250
"Tamil Nadu",Coimbatore,"Kurichi(Uzhavar Sandhai )","Bitter gourd","Bitter Gourd",Local,26/07/2026,6400,6800,6600
"Tamil Nadu",Coimbatore,"Kurichi(Uzhavar Sandhai )","Bottle gourd","Bottle Gourd",Local,26/07/2026,2500,3000,2750
"Tamil Nadu",Coimbatore,"Kurichi(Uzhavar Sandhai )","Bhindi(Ladies Finger)",Bhindi,Local,26/07/2026,5000,5500,5250
"Tamil Nadu",Coimbatore,"Kurichi(Uzhavar Sandhai )",Coconut,Coconut,Local,26/07/2026,5200,5600,5400
"Tamil Nadu",Coimbatore,"Kurichi(Uzhavar Sandhai )",Thondekai,Thondekai,Local,26/07/2026,4500,5000,4750
"Tamil Nadu",Coimbatore,"Kurichi(Uzhavar Sandhai )",Drumstick,Drumstick,Local,26/07/2026,5500,6000,5750
"Tamil Nadu",Coimbatore,"Kurichi(Uzhavar Sandhai )","Elephant Yam(Suran)/Amorphophallus","Elephant Yam (Suran)",Local,26/07/2026,3800,4200,4000
"Tamil Nadu",Coimbatore,"Kurichi(Uzhavar Sandhai )","Onion Green","Onion Green",Local,26/07/2026,5400,5800,5600
"Tamil Nadu",Cuddalore,"Chidambaram(Uzhavar Sandhai )",Onion,Bellary,Local,26/07/2026,3500,3500,3500
"Tamil Nadu",Cuddalore,"Chidambaram(Uzhavar Sandhai )",Tomato,Local,Local,26/07/2026,2000,2000,2000
"Tamil Nadu",Cuddalore,"Cuddalore(Uzhavar Sandhai )",Onion,Bellary,Local,26/07/2026,3000,3600,3300
"Tamil Nadu",Cuddalore,"Cuddalore(Uzhavar Sandhai )",Pumpkin,Pumpkin,Local,26/07/2026,3000,3000,3000
"Tamil Nadu",Cuddalore,"Cuddalore(Uzhavar Sandhai )",Coconut,Coconut,Local,26/07/2026,5000,6000,5500
"Tamil Nadu",Cuddalore,"Cuddalore(Uzhavar Sandhai )",Cabbage,Cabbage,Local,26/07/2026,4000,4000,4000
"Tamil Nadu",Cuddalore,"Cuddalore(Uzhavar Sandhai )",Yam(Ratalu),"Yam (Ratalu)",Local,26/07/2026,6000,6000,6000
"Tamil Nadu",Chengalpattu,"Thirukalukundram(Uzhavar Sandhai )",Garlic,Garlic,Local,26/07/2026,19000,20000,19500
"Tamil Nadu",Chengalpattu,"Thirukalukundram(Uzhavar Sandhai )",Banana,Poovan,Local,26/07/2026,6500,7000,6750
"Tamil Nadu",Chengalpattu,"Thirukalukundram(Uzhavar Sandhai )",Cauliflower,Ranchi,Local,26/07/2026,4000,4500,4250
"Tamil Nadu",Chengalpattu,"Thirukalukundram(Uzhavar Sandhai )","Bitter gourd",Other,Local,26/07/2026,4500,5000,4750
"Tamil Nadu",Chengalpattu,"Thirukalukundram(Uzhavar Sandhai )","Green Chilli","Green Chilly",Local,26/07/2026,6000,6500,6250
"Tamil Nadu",Tuticorin,"Tuticorin(Uzhavar Sandhai )",Grapes,Annabesahai,Local,26/07/2026,9000,10000,9500
"Tamil Nadu",Tuticorin,"Tuticorin(Uzhavar Sandhai )",Apple,American,Local,26/07/2026,25000,26000,25500
"Tamil Nadu",Tuticorin,"Tuticorin(Uzhavar Sandhai )",Brinjal,Round,Local,26/07/2026,4500,5000,4750
"Tamil Nadu",Tuticorin,"Tuticorin(Uzhavar Sandhai )",Coriander(Leaves),"I Sort",Local,26/07/2026,7500,8000,7750
"Tamil Nadu",Tuticorin,"Tuticorin(Uzhavar Sandhai )","Bitter gourd",Other,Local,26/07/2026,11000,12000,11500
"Tamil Nadu",Tuticorin,"Tuticorin(Uzhavar Sandhai )","Green Chilli","Green Chilly",Local,26/07/2026,5000,6000,5500
"Tamil Nadu",Tuticorin,"Tuticorin(Uzhavar Sandhai )",Ginger(Green),"Green Ginger",Local,26/07/2026,23000,24000,23500
"Tamil Nadu",Tuticorin,"Tuticorin(Uzhavar Sandhai )",Drumstick,Drumstick,Local,26/07/2026,5000,6000,5500
"Tamil Nadu",Tuticorin,"Tuticorin(Uzhavar Sandhai )",Mint(Pudina),Mint(Pudina),Local,26/07/2026,5000,6000,5500
"Tamil Nadu",Tuticorin,"Tuticorin(Uzhavar Sandhai )","Sweet Corn ","Sweet Corn ",Local,26/07/2026,4000,5000,4500
Bihar,"East Champaran/ Motihari","Motihari APMC",Onion,Other,"Grade A",26/07/2026,2500,2700,2600
Assam,Tinsukia,"Tinsukia Market",Ginger(Green),"Green Ginger",FAQ,26/07/2026,9000,10000,9500
Assam,Tinsukia,"Tinsukia Market",Cabbage,Cabbage,FAQ,26/07/2026,2000,2800,2400
Assam,Tinsukia,"Tinsukia Market",Beetroot,Beetroot,FAQ,26/07/2026,4500,6000,5000
"Tamil Nadu","Nagercoil (Kannyiakumari)","Vadaseri APMC",Pineapple,"Pine Apple",Local,26/07/2026,4500,5000,4750
"Tamil Nadu","Nagercoil (Kannyiakumari)","Vadaseri APMC","Green Chilli","Green Chilly",Local,26/07/2026,6000,6500,6250
"Tamil Nadu","Nagercoil (Kannyiakumari)","Vadaseri APMC",Cowpea(Veg),"Cowpea (Veg)",Local,26/07/2026,4500,5000,4750
"Tamil Nadu","Nagercoil (Kannyiakumari)","Vadaseri APMC",Cabbage,Cabbage,Local,26/07/2026,5000,5500,5250
"Tamil Nadu","Nagercoil (Kannyiakumari)","Vadaseri APMC",Cucumbar(Kheera),Cucumbar,Local,26/07/2026,2700,3000,2850
"Tamil Nadu","Nagercoil (Kannyiakumari)","Vadaseri APMC","Green Avare(W)","Green Avare (W)",Local,26/07/2026,4000,4500,4250
"Tamil Nadu","Nagercoil (Kannyiakumari)","Vadaseri APMC","Onion Green","Onion Green",Local,26/07/2026,6500,7000,6750
"Tamil Nadu",Pudukkottai,"Karambakkudi(Uzhavar Sandhai )",Pumpkin,Pumpkin,Local,26/07/2026,1000,1500,1250
"Tamil Nadu",Pudukkottai,"Karambakkudi(Uzhavar Sandhai )",Snakeguard,Snakeguard,Local,26/07/2026,3500,4000,3750
"Tamil Nadu",Pudukkottai,"Karambakkudi(Uzhavar Sandhai )",Ridgeguard(Tori),Ridgeguard(Tori),Local,26/07/2026,7000,8000,7500
"Tamil Nadu",Pudukkottai,"Karambakkudi(Uzhavar Sandhai )",Drumstick,Drumstick,Local,26/07/2026,6000,7000,6500
Maharashtra,Ahilyanagar,"Rahata APMC",Guar,Other,Local,26/07/2026,7500,8500,8000
Maharashtra,Ahilyanagar,"Rahata APMC",Garlic,Other,Local,26/07/2026,6000,12000,9000
"Madhya Pradesh",Morena,"Kailaras APMC",Tomato,Other,FAQ,26/07/2026,2000,2000,2000
"Tamil Nadu",Vellore,"Thirupathur APMC",Papaya,Papaya,Local,26/07/2026,4000,4000,4000
"Tamil Nadu",Vellore,"Thirupathur APMC",Ashgourd,Gouard,Local,26/07/2026,2000,2000,2000
"Tamil Nadu",Vellore,"Thirupathur APMC","Green Chilli","Green Chilly",Local,26/07/2026,5600,5600,5600
"Tamil Nadu",Vellore,"Thirupathur APMC",Beans,"Beans (Whole)",Local,26/07/2026,5000,5000,5000
"Tamil Nadu",Vellore,"Thirupathur APMC","Sweet Potato","Hosur Red",Local,26/07/2026,4000,4000,4000
"Tamil Nadu",Vellore,"Thirupathur APMC","Tender Coconut","Tender Coconut",Local,26/07/2026,3000,3000,3000
"Tamil Nadu",Vellore,"Thirupathur APMC",Lemon,Lemon,Local,26/07/2026,5000,5000,5000
"Tamil Nadu",Vellore,"Vellore APMC",Cauliflower,Ranchi,Local,26/07/2026,2000,2500,2250
"Tamil Nadu",Vellore,"Vellore APMC","Mousambi(Sweet Lime)",Mousambi,Local,26/07/2026,7000,7000,7000
"Tamil Nadu",Vellore,"Vellore APMC","Bhindi(Ladies Finger)",Bhindi,Local,26/07/2026,3000,3500,3250
"Tamil Nadu",Vellore,"Vellore APMC","Green Chilli","Green Chilly",Local,26/07/2026,4000,5000,4500
"Tamil Nadu",Vellore,"Vellore APMC",Beans,"Beans (Whole)",Local,26/07/2026,4500,5500,5000
"Tamil Nadu",Vellore,"Vellore APMC",Ginger(Green),"Green Ginger",Local,26/07/2026,16000,17000,16500
"Tamil Nadu",Vellore,"Vellore APMC",Snakeguard,Snakeguard,Local,26/07/2026,2000,2500,2250
"Tamil Nadu",Vellore,"Vellore APMC","Green Avare(W)","Green Avare (W)",Local,26/07/2026,4000,4500,4250
"Tamil Nadu",Vellore,"Vellore APMC",Mango(Raw-Ripe),"Mango - Raw-Ripe",Local,26/07/2026,2000,2400,2200
"Tamil Nadu",Vellore,"Vellore APMC","Tender Coconut","Tender Coconut",Local,26/07/2026,2000,3000,2500
"Tamil Nadu",Vellore,"Vellore APMC","Custard Apple(Sharifa)","Custard Apple(Sharifa)",Local,26/07/2026,4000,5000,4500
"Tamil Nadu",Vellore,"Vellore APMC",Mint(Pudina),Mint(Pudina),Local,26/07/2026,4500,4500,4500
Bihar,Sheikhpura,"Shekhpura APMC",Wheat,"147 Average",FAQ,26/07/2026,2500,2600,2550
Bihar,"East Champaran/ Motihari","Chakia APMC","Pointed gourd(Parval)",Other,"Grade A",26/07/2026,2300,2500,2400
Bihar,"East Champaran/ Motihari","Chakia APMC","Bhindi(Ladies Finger)",Bhindi,"Grade A",26/07/2026,1000,1200,1100
"Tamil Nadu",Dharmapuri,"Harur(Uzhavar Sandhai )",Coriander(Leaves),"I Sort",Local,26/07/2026,5000,6000,5500
"Tamil Nadu",Dharmapuri,"Harur(Uzhavar Sandhai )","Green Chilli","Green Chilly",Local,26/07/2026,4500,5000,4750
"Tamil Nadu",Dharmapuri,"Harur(Uzhavar Sandhai )",Snakeguard,Snakeguard,Local,26/07/2026,3500,4000,3750
"Tamil Nadu",Dharmapuri,"Harur(Uzhavar Sandhai )",Ridgeguard(Tori),Ridgeguard(Tori),Local,26/07/2026,4000,5000,4500
"Tamil Nadu",Dharmapuri,"Harur(Uzhavar Sandhai )",Capsicum,Capsicum,Local,26/07/2026,7000,8000,7500
"Tamil Nadu",Dharmapuri,"Harur(Uzhavar Sandhai )",Lemon,Lemon,Local,26/07/2026,6000,7000,6500
"Tamil Nadu",Dharmapuri,"Harur(Uzhavar Sandhai )","Amla(Nelli Kai)",Amla,Local,26/07/2026,5000,6000,5500
"Tamil Nadu",Dharmapuri,"Harur(Uzhavar Sandhai )",Mint(Pudina),Mint(Pudina),Local,26/07/2026,4500,5000,4750
"Tamil Nadu",Krishnagiri,"Kaveripattinam(Uzhavar Sandhai )",Onion,Bellary,Local,26/07/2026,3500,3500,3500
"Tamil Nadu",Krishnagiri,"Kaveripattinam(Uzhavar Sandhai )",Brinjal,Round,Local,26/07/2026,5000,6000,5500
"Tamil Nadu",Krishnagiri,"Kaveripattinam(Uzhavar Sandhai )","Bottle gourd","Bottle Gourd",Local,26/07/2026,3000,3000,3000
"Tamil Nadu",Krishnagiri,"Kaveripattinam(Uzhavar Sandhai )",Ginger(Green),"Green Ginger",Local,26/07/2026,14000,17000,15500
"Tamil Nadu",Krishnagiri,"Kaveripattinam(Uzhavar Sandhai )",Snakeguard,Snakeguard,Local,26/07/2026,3000,3000,3000
"Tamil Nadu","The Nilgiris","Coonoor(Uzhavar Sandhai )",Potato,Other,Local,26/07/2026,5500,6000,5750
"Tamil Nadu","The Nilgiris","Coonoor(Uzhavar Sandhai )",Cauliflower,Ranchi,Local,26/07/2026,4200,4600,4400
"Tamil Nadu","The Nilgiris","Coonoor(Uzhavar Sandhai )",Coriander(Leaves),"I Sort",Local,26/07/2026,6500,7000,6750
"Tamil Nadu","The Nilgiris","Coonoor(Uzhavar Sandhai )",Cowpea(Veg),"Cowpea (Veg)",Local,26/07/2026,3400,3800,3600
"Tamil Nadu","The Nilgiris","Coonoor(Uzhavar Sandhai )",Cucumbar(Kheera),Cucumbar,Local,26/07/2026,4500,5000,4750
"Tamil Nadu","The Nilgiris","Coonoor(Uzhavar Sandhai )","Knool Khol","Knool Khol",Local,26/07/2026,3500,4000,3750
"Tamil Nadu","The Nilgiris","Coonoor(Uzhavar Sandhai )",Lemon,Lemon,Local,26/07/2026,6500,7000,6750
"Tamil Nadu","The Nilgiris","Coonoor(Uzhavar Sandhai )",Turnip,Turnip,Local,26/07/2026,3200,3500,3350
"Tamil Nadu","The Nilgiris","Gudalur(Uzhavar Sandhai )",Potato,"Red Nanital",Local,26/07/2026,5000,5500,5250
"Tamil Nadu","The Nilgiris","Gudalur(Uzhavar Sandhai )",Coriander(Leaves),"I Sort",Local,26/07/2026,6000,7000,6500
"Tamil Nadu","The Nilgiris","Gudalur(Uzhavar Sandhai )",Tomato,Deshi,Local,26/07/2026,2000,2500,2250
"Tamil Nadu","The Nilgiris","Gudalur(Uzhavar Sandhai )",Ashgourd,Gouard,Local,26/07/2026,1500,2000,1750
"Tamil Nadu","The Nilgiris","Gudalur(Uzhavar Sandhai )","Bhindi(Ladies Finger)",Bhindi,Local,26/07/2026,4500,5000,4750
"Tamil Nadu","The Nilgiris","Gudalur(Uzhavar Sandhai )","Knool Khol","Knool Khol",Local,26/07/2026,2500,3000,2750
"Tamil Nadu","The Nilgiris","Gudalur(Uzhavar Sandhai )",Mint(Pudina),Mint(Pudina),Local,26/07/2026,5000,6000,5500
"Himachal Pradesh",Kullu,"SMY Bhuntar",Lemon,Other,FAQ,26/07/2026,6500,7000,6800
"Himachal Pradesh",Kullu,"SMY Bhuntar",Pumpkin,Other,FAQ,26/07/2026,2000,2200,2100
"Himachal Pradesh",Kullu,"SMY Bhuntar",Mango,Other,Medium,26/07/2026,5000,10000,8000
"Himachal Pradesh",Kullu,"SMY Bhuntar",Grapes,Other,Medium,26/07/2026,14000,15000,14500
"Himachal Pradesh",Kullu,"SMY Bhuntar",Plum,Other,Medium,26/07/2026,5000,11500,8500
"Himachal Pradesh",Kullu,"SMY Bhuntar","Karbuja(Musk Melon)",Other,Medium,26/07/2026,7500,8000,7800
"Himachal Pradesh",Kullu,"SMY Bhuntar",Capsicum,Other,FAQ,26/07/2026,3500,4000,3800
"Himachal Pradesh",Kullu,"SMY Bhuntar","Bhindi(Ladies Finger)",Other,FAQ,26/07/2026,4500,4700,4600
"Uttar Pradesh",Agra,"Agra APMC",Onion,Other,FAQ,26/07/2026,900,900,900
"Uttar Pradesh",Agra,"Agra APMC",Potato,Other,FAQ,26/07/2026,500,600,527.92
Punjab,Tarntaran,"Patti APMC","Green Chilli",Other,Local,26/07/2026,1,1,1
"Andhra Pradesh",Tirupathi,"Venkatagiri APMC",Paddy(Common),MTU-1010,FAQ,26/07/2026,2340,2400,2380
"Andhra Pradesh",Tirupathi,"Venkatagiri APMC","Black Gram(Urd Beans)(Whole)",Local,FAQ,26/07/2026,7350,8000,7700
Haryana,Faridabad,"Ballabhgarh APMC",Cabbage,Other,FAQ,26/07/2026,900,1200,1000
Haryana,Faridabad,"Ballabhgarh APMC",Tomato,Tomato,FAQ,26/07/2026,1500,2200,2000
Haryana,Faridabad,"Ballabhgarh APMC","Bhindi(Ladies Finger)",Other,FAQ,26/07/2026,1500,2000,1800
Haryana,Faridabad,"Ballabhgarh APMC","Green Chilli","Green Chilly",FAQ,26/07/2026,1500,2000,1800
Haryana,Hissar,"Hansi APMC",Guava,Other,"Grade B",26/07/2026,5000,6000,5500
Haryana,Hissar,"Hansi APMC",Pear(Marasebu),Other,"Grade B",26/07/2026,2000,8000,5000
Haryana,Hissar,"Hansi APMC",Plum,Other,"Grade B",26/07/2026,6000,10000,8000
Haryana,Hissar,"Hansi APMC","Water Melon",Other,"Grade B",26/07/2026,2000,2500,2250
Haryana,Hissar,"Hansi APMC",Tomato,Other,FAQ,26/07/2026,2500,3500,3000
Haryana,Hissar,"Hansi APMC","Bitter gourd",Other,FAQ,26/07/2026,1500,2000,1750
Haryana,Hissar,"Hansi APMC",Cauliflower,Other,FAQ,26/07/2026,2500,3000,2750
Uttarakhand,Udhamsinghnagar,"Jaspur(UC) APMC",Brinjal,Brinjal,FAQ,26/07/2026,1600,1600,1600
Uttarakhand,Dehradoon,"Chakrata APMC",Potato,Other,FAQ,26/07/2026,800,1000,900
"Himachal Pradesh",Kullu,"SMY Shatt",Tomato,Tomato,FAQ,26/07/2026,1000,1700,1300
"Himachal Pradesh",Kullu,"SMY Shatt",Pear(Marasebu),Other,Medium,26/07/2026,5000,12000,8000
"Andhra Pradesh",Prakasam,"Santhamaguluru APMC",Maize,Hybrid,Local,26/07/2026,2400,2460,2450
"Andhra Pradesh",Prakasam,"Maddipadu APMC","Bajra(Pearl Millet/Cumbu)",Bold,FAQ,26/07/2026,2550,2550,2550
Keralam,Kozhikode(Calicut),"Mukkom Market","Banana - Green","Banana - Green",FAQ,26/07/2026,3200,3500,3300
Keralam,Kozhikode(Calicut),"Mukkom Market",Pumpkin,Pumpkin,FAQ,26/07/2026,1800,2200,2000
Keralam,Kozhikode(Calicut),"Mukkom Market",Drumstick,Drumstick,FAQ,26/07/2026,7000,7400,7200
Keralam,Kozhikode(Calicut),"Mukkom Market",Snakeguard,Snakeguard,FAQ,26/07/2026,3000,3300,3100
Keralam,Kozhikode(Calicut),"Mukkom Market",Apple,Other,Large,26/07/2026,26500,27500,27000
Telangana,Hyderabad,"RYTHU BAZAR FALAKNUMA",Cauliflower,Cauliflower,"Grade B",26/07/2026,1800,1800,1800
Telangana,Hyderabad,"RYTHU BAZAR FALAKNUMA",Potato,Potato,"Grade A",26/07/2026,1800,1800,1800
Telangana,Hyderabad,"RYTHU BAZAR FALAKNUMA",Beetroot,Beetroot,"Grade A",26/07/2026,3300,3300,3300
Keralam,Kollam,"Anchal Market",Banana,Poovan,Medium,26/07/2026,7300,7300,7300
Keralam,Kollam,"Anchal Market",Brinjal,Brinjal,Local,26/07/2026,4500,4500,4500
Keralam,Kollam,"Anchal Market","Elephant Yam(Suran)/Amorphophallus","Elephant Yam (Suran)",Local,26/07/2026,4700,4700,4700
Keralam,Kollam,"Anchal Market",Snakeguard,Snakeguard,Local,26/07/2026,4500,4500,4500
Keralam,Kollam,"Anchal Market",Tapioca,Other,Local,26/07/2026,3100,3100,3100
"Andhra Pradesh",NTR,"Nandigama APMC",Paddy(Common),"B P T","Grade Range-1",26/07/2026,2350,2350,2350
Rajasthan,Jalore,"Jalore APMC","Bottle gourd","Bottle Gourd",Local,26/07/2026,800,900,850
Rajasthan,Jalore,"Jalore APMC",Capsicum,Other,Local,26/07/2026,2200,2500,2300
Keralam,Kottayam,"Ettumanoor Market","Bitter gourd","Bitter Gourd",FAQ,26/07/2026,3800,4200,4000
Keralam,Kottayam,"Ettumanoor Market",Brinjal,Brinjal,FAQ,26/07/2026,3000,3400,3200
Keralam,Kottayam,"Ettumanoor Market",Cauliflower,Cauliflower,FAQ,26/07/2026,3500,4000,3700
Keralam,Kottayam,"Ettumanoor Market",Colacasia,Other,FAQ,26/07/2026,6500,7000,6700
Keralam,Kottayam,"Ettumanoor Market",Drumstick,Drumstick,FAQ,26/07/2026,5500,6500,6000
"Tamil Nadu",Thanjavur,"Tirukattupalli(Uzhavar Sandhai )",Tomato,Deshi,Local,26/07/2026,2000,2000,2000
"Tamil Nadu",Thanjavur,"Tirukattupalli(Uzhavar Sandhai )","Banana - Green","Banana - Green",Local,26/07/2026,4000,4000,4000
"Tamil Nadu",Thanjavur,"Tirukattupalli(Uzhavar Sandhai )","Green Avare(W)","Green Avare (W)",Local,26/07/2026,6400,6400,6400
"Tamil Nadu",Thiruchirappalli,"Thuraiyur APMC",Cauliflower,Ranchi,Local,26/07/2026,4000,5000,4500
"Tamil Nadu",Thiruchirappalli,"Thuraiyur APMC","Cluster beans","Cluster Beans",Local,26/07/2026,4000,4500,4250
"Tamil Nadu",Thiruchirappalli,"Thuraiyur APMC",Ashgourd,Gouard,Local,26/07/2026,2000,2400,2200
"Tamil Nadu",Thiruchirappalli,"Thuraiyur APMC",Beans,"Beans (Whole)",Local,26/07/2026,5500,6500,6000
"Tamil Nadu",Thiruchirappalli,"Thuraiyur APMC","Betal Leaves",Mysore,Local,26/07/2026,8000,9000,8500
"Tamil Nadu",Thiruchirappalli,"Thuraiyur APMC",Thondekai,Thondekai,Local,26/07/2026,4500,5000,4750
"Tamil Nadu",Thiruchirappalli,"Thuraiyur APMC","Amla(Nelli Kai)",Amla,Local,26/07/2026,6600,7600,7100
"Tamil Nadu",Thiruchirappalli,"Thuraiyur APMC","Onion Green","Onion Green",Local,26/07/2026,6000,7000,6500
"Tamil Nadu",Villupuram,"Tindivanam APMC",Tomato,Deshi,Local,26/07/2026,1400,1400,1400
"Tamil Nadu",Villupuram,"Tindivanam APMC","Bitter gourd","Bitter Gourd",Local,26/07/2026,5000,5000,5000
"Tamil Nadu",Villupuram,"Tindivanam APMC",Ashgourd,Gouard,Local,26/07/2026,1500,1500,1500
"Tamil Nadu",Villupuram,"Tindivanam APMC",Pumpkin,Pumpkin,Local,26/07/2026,2000,2000,2000
"Tamil Nadu",Villupuram,"Tindivanam APMC","Green Chilli","Green Chilly",Local,26/07/2026,5000,5000,5000
"Tamil Nadu",Villupuram,"Tindivanam APMC","Banana - Green","Banana - Green",Local,26/07/2026,5000,5000,5000
"Tamil Nadu",Villupuram,"Tindivanam APMC",Cabbage,Cabbage,Local,26/07/2026,4500,4500,4500
"Tamil Nadu",Villupuram,"Tindivanam APMC",Snakeguard,Snakeguard,Local,26/07/2026,4000,4000,4000
"Tamil Nadu",Villupuram,"Tindivanam APMC",Guava,"Guava Allahabad",Local,26/07/2026,4000,4000,4000
"Tamil Nadu",Villupuram,"Tindivanam APMC","Tender Coconut","Tender Coconut",Local,26/07/2026,3500,4000,3750
"Tamil Nadu",Villupuram,"Tindivanam APMC",Colacasia,Colacasia,Local,26/07/2026,5800,5800,5800
"Tamil Nadu",Villupuram,"Tindivanam APMC","Amla(Nelli Kai)",Amla,Local,26/07/2026,8000,8000,8000
"Tamil Nadu",Villupuram,"Tindivanam APMC","Baby Corn","Baby Corn","Grade A",26/07/2026,3800,3800,3800
"Tamil Nadu",Villupuram,"Ulundurpettai APMC","Bottle gourd","Bottle Gourd",Local,26/07/2026,2000,2000,2000
"Tamil Nadu",Villupuram,"Ulundurpettai APMC",Mango(Raw-Ripe),"Mango - Raw-Ripe",Local,26/07/2026,2000,2000,2000
"Tamil Nadu",Villupuram,"Ulundurpettai APMC","Onion Green","Onion Green",Local,26/07/2026,7000,7000,7000
"Uttar Pradesh",Raebarelli,"Bachranwa APMC",Paddy(Common),Common,FAQ,26/07/2026,2500,3000,2981.06
Maharashtra,Ahilyanagar,"Rahuri APMC",Tomato,Other,Local,26/07/2026,1000,2000,1500
Maharashtra,"Chattrapati Sambhajinagar","Chattrapati Sambhajinagar APMC",Lime,Other,Local,26/07/2026,1000,1500,1250
Maharashtra,"Chattrapati Sambhajinagar","Chattrapati Sambhajinagar APMC","Bhindi(Ladies Finger)",Other,Local,26/07/2026,1000,2500,1750
Maharashtra,"Chattrapati Sambhajinagar","Chattrapati Sambhajinagar APMC","Bottle gourd",Other,Local,26/07/2026,1000,1600,1300
Maharashtra,"Chattrapati Sambhajinagar","Chattrapati Sambhajinagar APMC",Cauliflower,Other,Local,26/07/2026,2400,3600,3000
Maharashtra,"Chattrapati Sambhajinagar","Chattrapati Sambhajinagar APMC",Onion,Other,Local,26/07/2026,1200,2300,1750
Maharashtra,"Chattrapati Sambhajinagar","Chattrapati Sambhajinagar APMC","Chilly Capsicum",Other,Local,26/07/2026,1200,2000,1600
Maharashtra,"Chattrapati Sambhajinagar","Chattrapati Sambhajinagar APMC",Brinjal,Other,Local,26/07/2026,700,1300,1000
"Uttar Pradesh",Etah,"Etah APMC",Maize,Other,FAQ,26/07/2026,1800,1800,1800
Maharashtra,Gadchiroli,"Armori(Desaiganj) APMC",Paddy(Common),Other,Non-FAQ,26/07/2026,2000,2100,2054
Maharashtra,Pune,"Pune APMC",Banana,Other,Local,26/07/2026,500,2000,1200
Maharashtra,Pune,"Pune APMC",Papaya,Other,Local,26/07/2026,1000,3500,2200
Maharashtra,Pune,"Pune APMC",Pear(Marasebu),Other,Local,26/07/2026,6000,8000,7000
Maharashtra,Pune,"Pune APMC","Tender Coconut",Other,Local,26/07/2026,1300,2000,1600
Maharashtra,Pune,"Pune APMC",Ginger(Green),Other,Local,26/07/2026,1500,10000,5750
Maharashtra,Pune,"Pune APMC",Carrot,Other,Local,26/07/2026,1000,2500,1750
Maharashtra,Pune,"Pune APMC",Guar,Other,Local,26/07/2026,3000,6000,4500
Maharashtra,Pune,"Pune APMC",Cucumbar(Kheera),Other,Local,26/07/2026,1000,1600,1300
Maharashtra,Pune,"Pune APMC",Pumpkin,Other,Local,26/07/2026,800,2000,1400
Maharashtra,Pune,"Pune APMC",Ridgeguard(Tori),Other,Local,26/07/2026,2000,4000,3000
Maharashtra,Pune,"Pune APMC","Elephant Yam(Suran)/Amorphophallus",Other,Local,26/07/2026,2000,4200,3100
Maharashtra,Pune,"Pune APMC",Tomato,Local,Local,26/07/2026,1000,2500,1750
Maharashtra,Pune,"Pune(Moshi) APMC",Orange,Other,Local,26/07/2026,7000,7000,7000
Maharashtra,Pune,"Pune(Moshi) APMC",Pomegranate,Other,Local,26/07/2026,10000,12000,11000
Maharashtra,Pune,"Pune(Moshi) APMC",Banana,Other,Local,26/07/2026,3000,9000,6000
Maharashtra,Pune,"Pune(Moshi) APMC",Papaya,Other,Local,26/07/2026,2000,2000,2000
Maharashtra,Pune,"Pune(Moshi) APMC",Potato,Local,Local,26/07/2026,1000,1200,1100
Maharashtra,Pune,"Pune(Moshi) APMC","Onion Green",Other,Local,26/07/2026,20,20,20
Maharashtra,Pune,"Pune(Moshi) APMC",Spinach,Other,Local,26/07/2026,10,15,13
Maharashtra,Pune,"Pune(Moshi) APMC",Onion,Local,Local,26/07/2026,1000,1600,1300
"Uttar Pradesh",Mirzapur,"Ahirora APMC","Gram Raw(Chholia)",Other,FAQ,26/07/2026,6500,6500,6500
"Uttar Pradesh",Chitrakut,"Karvi APMC",Wheat,Other,FAQ,26/07/2026,2450,2450,2450
"Uttar Pradesh",Azamgarh,"Azamgarh APMC",Tomato,Other,FAQ,26/07/2026,700,700,700
"Uttar Pradesh",Azamgarh,"Azamgarh APMC",Rice,Common,FAQ,26/07/2026,2400,3600,2871.2
"Uttar Pradesh",Farukhabad,"Farukhabad APMC",Rice,Other,FAQ,26/07/2026,2754,2754,2754
"Uttar Pradesh","Kanpur Dehat","Jhijhank APMC",Wheat,Dara,FAQ,26/07/2026,2350,2350,2350
"Uttar Pradesh",Farukhabad,"Kayamganj APMC",Maize,Other,FAQ,26/07/2026,2000,2000,2000
"Uttar Pradesh",Kasganj,"Kasganj APMC",Maize,Other,FAQ,26/07/2026,1850,1900,1890.74
"Madhya Pradesh",Seoni,"Lakhnadon APMC",Wheat,"Mill Quality",Non-FAQ,26/07/2026,2201,2215,2215
Gujarat,Amreli,"Damnagar APMC","Bhindi(Ladies Finger)",Bhindi,Local,26/07/2026,3500,3500,3500
Gujarat,Rajkot,"Gondal(Veg.market Gondal) APMC",Cabbage,Cabbage,Local,26/07/2026,1000,4000,2500
Gujarat,Rajkot,"Gondal(Veg.market Gondal) APMC","Bitter gourd","Bitter Gourd",Local,26/07/2026,1000,4000,2500
Gujarat,Rajkot,"Gondal(Veg.market Gondal) APMC",Tomato,Tomato,Local,26/07/2026,1000,3000,2000
Gujarat,Rajkot,"Gondal(Veg.market Gondal) APMC",Potato,Potato,Local,26/07/2026,800,1300,1050
Gujarat,Rajkot,"Gondal(Veg.market Gondal) APMC",Cauliflower,Cauliflower,Local,26/07/2026,750,4000,2375
Gujarat,Rajkot,"Gondal(Veg.market Gondal) APMC",Guar,Gwar,Local,26/07/2026,1000,10000,5500
"Tamil Nadu",Madurai,"Chokkikulam(Uzhavar Sandhai )",Grapes,Annabesahai,Local,26/07/2026,10000,11000,10500
"Tamil Nadu",Madurai,"Chokkikulam(Uzhavar Sandhai )",Garlic,Garlic,Local,26/07/2026,13000,27000,20000
"Tamil Nadu",Madurai,"Chokkikulam(Uzhavar Sandhai )",Pineapple,"Pine Apple",Local,26/07/2026,6000,7000,6500
"Tamil Nadu",Madurai,"Chokkikulam(Uzhavar Sandhai )","Bottle gourd","Bottle Gourd",Local,26/07/2026,2800,3200,3000
"Tamil Nadu",Madurai,"Chokkikulam(Uzhavar Sandhai )","Bhindi(Ladies Finger)",Bhindi,Local,26/07/2026,3000,3600,3300
"Tamil Nadu",Madurai,"Chokkikulam(Uzhavar Sandhai )",Beetroot,Beetroot,Local,26/07/2026,5000,5500,5250
"Tamil Nadu",Madurai,"Chokkikulam(Uzhavar Sandhai )",Raddish,Raddish,Local,26/07/2026,3000,3500,3250
"Tamil Nadu",Madurai,"Chokkikulam(Uzhavar Sandhai )",Thondekai,Thondekai,Local,26/07/2026,3600,6000,4800
"Tamil Nadu",Madurai,"Chokkikulam(Uzhavar Sandhai )",Mint(Pudina),Mint(Pudina),Local,26/07/2026,5500,6000,5750
Karnataka,Chitradurga,"Challakere APMC",Paddy(Common),Paddy,Local,26/07/2026,3368,3385,3381
"Uttar Pradesh",Ghaziabad,"Noida APMC",Tomato,Other,FAQ,26/07/2026,2500,2500,2500
"Uttar Pradesh",Ghaziabad,"Noida APMC","Gram Raw(Chholia)",Other,FAQ,26/07/2026,11422,11426,11425.2
"Uttar Pradesh","Siddharth Nagar","Shohratgarh APMC",Rice,Common,FAQ,26/07/2026,2550,3975,3186.55
"Uttar Pradesh","Siddharth Nagar","Shohratgarh APMC",Wheat,Dara,FAQ,26/07/2026,2475,2550,2496.19
"Andhra Pradesh",NTR,"Mylavaram APMC",Maize,Hybrid,Local,26/07/2026,2400,2400,2400
"Andhra Pradesh",NTR,"Mylavaram APMC",Cotton,Bunny,Local,26/07/2026,7100,7100,7100
Telangana,Warangal,"Warangal APMC","French Beans(Frasbean)","French Beans (Frasbean)",FAQ,26/07/2026,9500,10000,9750
Telangana,Warangal,"Warangal APMC",Yam(Ratalu),"Yam (Ratalu)",FAQ,26/07/2026,3500,4000,3750
"Uttar Pradesh",Ghaziabad,"Ghaziabad APMC","Sesamum(Sesame,Gingelly,Til)",Other,FAQ,26/07/2026,16783.6,18046.7,17052.78
"Uttar Pradesh",Ghaziabad,"Ghaziabad APMC",Rice,Common,FAQ,26/07/2026,4343,6327,5591.45
"Uttar Pradesh",Kanpur,"Kanpur(Grain) APMC",Wheat,Other,FAQ,26/07/2026,2360,2360,2360
"Uttar Pradesh",Agra,"Jarar APMC",Wheat,Dara,FAQ,26/07/2026,2400,2460,2407.32
"Uttar Pradesh",Lakhimpur,"Lakhimpur APMC",Paddy(Common),Common,FAQ,26/07/2026,1850,1851,1850.11
"Uttar Pradesh",Sitapur,"Sitapur APMC",Tomato,Other,FAQ,26/07/2026,1500,1500,1500
"Uttar Pradesh",Varanasi,"Varanasi APMC","Green Chilli",Other,FAQ,26/07/2026,1500,1500,1500
Uttarakhand,Haridwar,"Roorkee APMC",Brinjal,Other,Local,26/07/2026,650,850,750
Odisha,Sonepur,"Dungurapalli APMC",Onion,Other,Local,26/07/2026,2500,2650,2650
Odisha,Sonepur,"Dungurapalli APMC",Potato,Other,Local,26/07/2026,2100,2160,2150
Odisha,Sonepur,"Dungurapalli APMC",Tomato,Hybrid,Medium,26/07/2026,4000,4250,4200
"Tamil Nadu",Cuddalore,"Viruthachalam(Uzhavar Sandhai )",Onion,Bellary,Local,26/07/2026,3500,3500,3500
"Tamil Nadu",Cuddalore,"Viruthachalam(Uzhavar Sandhai )",Potato,"Red Nanital",Local,26/07/2026,4000,4000,4000
"Tamil Nadu",Cuddalore,"Viruthachalam(Uzhavar Sandhai )",Coriander(Leaves),"I Sort",Local,26/07/2026,7000,7000,7000
"Tamil Nadu",Cuddalore,"Viruthachalam(Uzhavar Sandhai )",Ashgourd,Gouard,Local,26/07/2026,4000,4000,4000
"Tamil Nadu",Cuddalore,"Viruthachalam(Uzhavar Sandhai )",Pumpkin,Pumpkin,Local,26/07/2026,2500,2500,2500
"Tamil Nadu",Cuddalore,"Viruthachalam(Uzhavar Sandhai )","Bhindi(Ladies Finger)",Bhindi,Local,26/07/2026,3000,3000,3000
"Tamil Nadu",Cuddalore,"Viruthachalam(Uzhavar Sandhai )",Beans,"Beans (Whole)",Local,26/07/2026,7000,7000,7000
"Tamil Nadu",Cuddalore,"Viruthachalam(Uzhavar Sandhai )",Coconut,Coconut,Local,26/07/2026,5000,6000,5500
"Tamil Nadu",Cuddalore,"Viruthachalam(Uzhavar Sandhai )",Ridgeguard(Tori),Ridgeguard(Tori),Local,26/07/2026,6000,6000,6000
"Tamil Nadu",Cuddalore,"Viruthachalam(Uzhavar Sandhai )",Drumstick,Drumstick,Local,26/07/2026,3000,3000,3000
"Tamil Nadu",Dharmapuri,"Dharmapuri(Uzhavar Sandhai )",Garlic,Garlic,Local,26/07/2026,23800,24400,24100
"Tamil Nadu",Dharmapuri,"Dharmapuri(Uzhavar Sandhai )",Mango,Safeda,Local,26/07/2026,4500,5000,4750
"Tamil Nadu",Dharmapuri,"Dharmapuri(Uzhavar Sandhai )",Cauliflower,Ranchi,Local,26/07/2026,3300,3500,3400
"Tamil Nadu",Dharmapuri,"Dharmapuri(Uzhavar Sandhai )",Brinjal,Round,Local,26/07/2026,3300,3600,3450
"Tamil Nadu",Dharmapuri,"Dharmapuri(Uzhavar Sandhai )","Green Peas","Green Peas",Local,26/07/2026,15000,16000,15500
"Tamil Nadu",Dharmapuri,"Dharmapuri(Uzhavar Sandhai )",Cowpea(Veg),"Cowpea (Veg)",Local,26/07/2026,4600,5000,4800
"Tamil Nadu",Dharmapuri,"Dharmapuri(Uzhavar Sandhai )",Beans,"Beans (Whole)",Local,26/07/2026,8800,9200,9000
"Tamil Nadu",Dharmapuri,"Dharmapuri(Uzhavar Sandhai )",Ginger(Green),"Green Ginger",Local,26/07/2026,22800,23600,23200
"Tamil Nadu",Dharmapuri,"Dharmapuri(Uzhavar Sandhai )","Sweet Potato","Hosur Red",Local,26/07/2026,2400,2500,2450
"Tamil Nadu",Dharmapuri,"Dharmapuri(Uzhavar Sandhai )",Beetroot,Beetroot,Local,26/07/2026,4800,5200,5000
"Tamil Nadu",Dharmapuri,"Dharmapuri(Uzhavar Sandhai )","Green Avare(W)","Green Avare (W)",Local,26/07/2026,4600,5000,4800
"Tamil Nadu",Dharmapuri,"Dharmapuri(Uzhavar Sandhai )","Chow Chow","Chow Chow",Local,26/07/2026,4500,4800,4650
"Tamil Nadu",Dharmapuri,"Dharmapuri(Uzhavar Sandhai )",Marigold(Calcutta),Marigold(Calcutta),Local,26/07/2026,13300,14000,13650
"Tamil Nadu",Dharmapuri,"Dharmapuri(Uzhavar Sandhai )","Elephant Yam(Suran)/Amorphophallus","Elephant Yam (Suran)",Local,26/07/2026,5200,5600,5400
"Tamil Nadu",Dharmapuri,"Dharmapuri(Uzhavar Sandhai )","Sweet Corn ","Sweet Corn ",Local,26/07/2026,2800,3000,2900
"Tamil Nadu",Dharmapuri,"Palacode(Uzhavar Sandhai )","Bottle gourd","Bottle Gourd",Local,26/07/2026,1600,1800,1700
"Tamil Nadu",Dharmapuri,"Palacode(Uzhavar Sandhai )",Ashgourd,Gouard,Local,26/07/2026,1800,2000,1900
"Tamil Nadu",Dharmapuri,"Palacode(Uzhavar Sandhai )",Cowpea(Veg),"Cowpea (Veg)",Local,26/07/2026,4000,4500,4250
"Tamil Nadu",Dharmapuri,"Pennagaram(Uzhavar Sandhai )",Garlic,Garlic,Local,26/07/2026,21000,22000,21500
"Tamil Nadu",Dharmapuri,"Pennagaram(Uzhavar Sandhai )","Cluster beans","Cluster Beans",Local,26/07/2026,3600,4000,3800
"Tamil Nadu",Dharmapuri,"Pennagaram(Uzhavar Sandhai )","Bottle gourd","Bottle Gourd",Local,26/07/2026,1800,2000,1900
"Tamil Nadu",Dharmapuri,"Pennagaram(Uzhavar Sandhai )","Green Chilli","Green Chilly",Local,26/07/2026,4600,5000,4800
"Tamil Nadu",Dharmapuri,"Pennagaram(Uzhavar Sandhai )",Ginger(Green),"Green Ginger",Local,26/07/2026,23300,24000,23650
"Tamil Nadu",Dharmapuri,"Pennagaram(Uzhavar Sandhai )",Capsicum,Capsicum,Local,26/07/2026,6600,7000,6800
"Tamil Nadu",Dindigul,"Chinnalapatti(Uzhavar Sandhai )",Onion,Bellary,Local,26/07/2026,3500,4000,3750
"Tamil Nadu",Dindigul,"Chinnalapatti(Uzhavar Sandhai )","Green Chilli","Green Chilly",Local,26/07/2026,6000,7000,6500
"Tamil Nadu",Dindigul,"Chinnalapatti(Uzhavar Sandhai )",Coconut,Coconut,Local,26/07/2026,5500,6000,5750
"Tamil Nadu",Dindigul,"Chinnalapatti(Uzhavar Sandhai )",Cabbage,Cabbage,Local,26/07/2026,4000,4500,4250
"Tamil Nadu",Dindigul,"Chinnalapatti(Uzhavar Sandhai )",Drumstick,Drumstick,Local,26/07/2026,5000,6600,5800
"Tamil Nadu",Dindigul,"Chinnalapatti(Uzhavar Sandhai )","Elephant Yam(Suran)/Amorphophallus","Elephant Yam (Suran)",Local,26/07/2026,5000,6000,5500
"Tamil Nadu",Dindigul,"Chinnalapatti(Uzhavar Sandhai )",Yam(Ratalu),"Yam (Ratalu)",Local,26/07/2026,10000,10000,10000
"Tamil Nadu",Dindigul,"Chinnalapatti(Uzhavar Sandhai )","Onion Green","Onion Green",Local,26/07/2026,5000,6000,5500
"Tamil Nadu",Dindigul,"Chinnalapatti(Uzhavar Sandhai )",Mint(Pudina),Mint(Pudina),Local,26/07/2026,4500,5000,4750
"Tamil Nadu",Dindigul,"Dindigul(Uzhavar Sandhai )",Papaya,Papaya,Local,26/07/2026,3000,4000,3500
"Tamil Nadu",Dindigul,"Dindigul(Uzhavar Sandhai )","Cluster beans","Cluster Beans",Local,26/07/2026,4000,4600,4300
"Tamil Nadu",Dindigul,"Dindigul(Uzhavar Sandhai )","Bitter gourd","Bitter Gourd",Local,26/07/2026,6000,7000,6500
"Tamil Nadu",Dindigul,"Dindigul(Uzhavar Sandhai )","Bottle gourd","Bottle Gourd",Local,26/07/2026,2500,3000,2750
"Tamil Nadu",Dindigul,"Dindigul(Uzhavar Sandhai )","Bhindi(Ladies Finger)",Bhindi,Local,26/07/2026,3000,4000,3500
"Tamil Nadu",Dindigul,"Dindigul(Uzhavar Sandhai )",Raddish,Raddish,Local,26/07/2026,3000,4000,3500
"Tamil Nadu",Dindigul,"Dindigul(Uzhavar Sandhai )","Green Avare(W)","Green Avare (W)",Local,26/07/2026,7000,9000,8000
"Tamil Nadu",Dindigul,"Dindigul(Uzhavar Sandhai )",Colacasia,Colacasia,Local,26/07/2026,5000,6000,5500
"Tamil Nadu",Dindigul,"Dindigul(Uzhavar Sandhai )","Sweet Corn ","Sweet Corn ",Local,26/07/2026,4000,5000,4500
"Tamil Nadu",Erode,"Periyar Nagar(Uzhavar Sandhai )",Tomato,Other,Local,26/07/2026,1800,2000,1900
"Tamil Nadu",Erode,"Periyar Nagar(Uzhavar Sandhai )",Pumpkin,Pumpkin,Local,26/07/2026,2000,2200,2100
"Tamil Nadu",Erode,"Periyar Nagar(Uzhavar Sandhai )",Cowpea(Veg),"Cowpea (Veg)",Local,26/07/2026,3000,3500,3250
"Tamil Nadu",Erode,"Periyar Nagar(Uzhavar Sandhai )",Guava,"Guava Allahabad",Local,26/07/2026,5000,5500,5250
"Tamil Nadu",Erode,"Periyar Nagar(Uzhavar Sandhai )",Lemon,Lemon,Local,26/07/2026,8500,9000,8750
"Tamil Nadu",Erode,"Periyar Nagar(Uzhavar Sandhai )",Mint(Pudina),Mint(Pudina),Local,26/07/2026,4500,5000,4750
"Tamil Nadu",Erode,"Perundurai(Uzhavar Sandhai )",Potato,Other,Local,26/07/2026,3000,3400,3200
"Tamil Nadu",Erode,"Perundurai(Uzhavar Sandhai )",Brinjal,Round,Local,26/07/2026,4500,5000,4750
"Tamil Nadu",Erode,"Perundurai(Uzhavar Sandhai )","Cluster beans","Cluster Beans",Local,26/07/2026,3500,3500,3500
"Tamil Nadu",Erode,"Perundurai(Uzhavar Sandhai )",Ashgourd,Gouard,Local,26/07/2026,2000,2400,2200
"Tamil Nadu",Erode,"Perundurai(Uzhavar Sandhai )",Raddish,Raddish,Local,26/07/2026,3000,3400,3200
"Tamil Nadu",Erode,"Perundurai(Uzhavar Sandhai )",Lemon,Lemon,Local,26/07/2026,6500,6800,6650
"Tamil Nadu",Erode,"Perundurai(Uzhavar Sandhai )",Mint(Pudina),Mint(Pudina),Local,26/07/2026,3000,3500,3250
"Tamil Nadu",Erode,"Thalavadi(Uzhavar Sandhai )",Cauliflower,Ranchi,Local,26/07/2026,2400,2800,2600
"Tamil Nadu",Erode,"Thalavadi(Uzhavar Sandhai )",Banana,"Red Banana",Local,26/07/2026,5500,6000,5750
"Tamil Nadu",Erode,"Thalavadi(Uzhavar Sandhai )",Brinjal,Round,Local,26/07/2026,3000,3400,3200
"Tamil Nadu",Erode,"Thalavadi(Uzhavar Sandhai )",Papaya,Papaya,Local,26/07/2026,2000,2400,2200
"Tamil Nadu",Erode,"Thalavadi(Uzhavar Sandhai )",Beans,"Beans (Whole)",Local,26/07/2026,5500,6000,5750
"Tamil Nadu",Erode,"Thalavadi(Uzhavar Sandhai )",Ginger(Green),"Green Ginger",Local,26/07/2026,13000,14000,13500
"Tamil Nadu",Erode,"Thalavadi(Uzhavar Sandhai )",Beetroot,Beetroot,Local,26/07/2026,4000,4500,4250
"Tamil Nadu",Erode,"Thalavadi(Uzhavar Sandhai )",Drumstick,Drumstick,Local,26/07/2026,6000,6500,6250
"Tamil Nadu",Erode,"Thalavadi(Uzhavar Sandhai )",Guava,"Guava Allahabad",Local,26/07/2026,5000,5500,5250
"Tamil Nadu",Kallakuruchi,"Sankarapuram(Uzhavar Sandhai )",Potato,"Red Nanital",Local,26/07/2026,3500,3500,3500
"Tamil Nadu",Kallakuruchi,"Sankarapuram(Uzhavar Sandhai )",Chikoos(Sapota),Sapota,Local,26/07/2026,5000,5000,5000
"Tamil Nadu",Kallakuruchi,"Sankarapuram(Uzhavar Sandhai )",Papaya,Papaya,Local,26/07/2026,3000,3000,3000
"Tamil Nadu",Kallakuruchi,"Sankarapuram(Uzhavar Sandhai )",Tomato,Deshi,Local,26/07/2026,2000,2000,2000
"Tamil Nadu",Kallakuruchi,"Sankarapuram(Uzhavar Sandhai )","Cluster beans","Cluster Beans",Local,26/07/2026,5000,5000,5000
"Tamil Nadu",Kallakuruchi,"Sankarapuram(Uzhavar Sandhai )",Ashgourd,Gouard,Local,26/07/2026,2000,2000,2000
"Tamil Nadu",Kallakuruchi,"Sankarapuram(Uzhavar Sandhai )","Bhindi(Ladies Finger)",Bhindi,Local,26/07/2026,4000,4000,4000
"Tamil Nadu",Kallakuruchi,"Sankarapuram(Uzhavar Sandhai )",Ginger(Green),"Green Ginger",Local,26/07/2026,22000,22000,22000
"Tamil Nadu",Kallakuruchi,"Sankarapuram(Uzhavar Sandhai )","Sweet Potato","Hosur Red",Local,26/07/2026,4000,4000,4000
"Tamil Nadu",Kallakuruchi,"Sankarapuram(Uzhavar Sandhai )","Green Avare(W)","Green Avare (W)",Local,26/07/2026,8000,8000,8000
"Tamil Nadu",Kallakuruchi,"Sankarapuram(Uzhavar Sandhai )",Drumstick,Drumstick,Local,26/07/2026,8000,8000,8000
"Tamil Nadu",Kallakuruchi,"Sankarapuram(Uzhavar Sandhai )",Mango(Raw-Ripe),"Mango - Raw-Ripe",Local,26/07/2026,2000,2000,2000
"Tamil Nadu",Kallakuruchi,"Sankarapuram(Uzhavar Sandhai )","Tender Coconut","Tender Coconut",Local,26/07/2026,3000,3000,3000
"Tamil Nadu",Krishnagiri,"Avallapalli(Uzhavar Sandhai )","Bhindi(Ladies Finger)",Bhindi,Local,26/07/2026,3000,3500,3250
"Tamil Nadu",Krishnagiri,"Avallapalli(Uzhavar Sandhai )",Amaranthus,Amaranthus,Local,26/07/2026,5000,6000,5500
"Tamil Nadu",Krishnagiri,"Avallapalli(Uzhavar Sandhai )",Beans,"Beans (Whole)",Local,26/07/2026,6000,7000,6500
"Tamil Nadu",Krishnagiri,"Avallapalli(Uzhavar Sandhai )",Carrot,Pusakesar,Local,26/07/2026,6000,7000,6500
"Tamil Nadu",Krishnagiri,"Avallapalli(Uzhavar Sandhai )",Snakeguard,Snakeguard,Local,26/07/2026,3000,3500,3250
"Tamil Nadu",Krishnagiri,"Avallapalli(Uzhavar Sandhai )",Cucumbar(Kheera),Cucumbar,Local,26/07/2026,3000,3500,3250
"Tamil Nadu",Krishnagiri,"Avallapalli(Uzhavar Sandhai )",Capsicum,Capsicum,Local,26/07/2026,4500,5000,4750
"Tamil Nadu",Krishnagiri,"Avallapalli(Uzhavar Sandhai )","Knool Khol","Knool Khol",Local,26/07/2026,3500,4000,3750
"Tamil Nadu",Krishnagiri,"Avallapalli(Uzhavar Sandhai )","Indian Beans(Seam)","Indian Beans (Seam)",Local,26/07/2026,5000,6000,5500
"Tamil Nadu",Krishnagiri,"Avallapalli(Uzhavar Sandhai )",Lemon,Lemon,Local,26/07/2026,9000,10000,9500
"Tamil Nadu",Dharmapuri,"Karimangalam(Uzhavar Sandhai)",Onion,Bellary,Local,26/07/2026,3600,3800,3700
"Tamil Nadu",Dharmapuri,"Karimangalam(Uzhavar Sandhai)",Cauliflower,Ranchi,Local,26/07/2026,3800,4000,3900
"Tamil Nadu",Dharmapuri,"Karimangalam(Uzhavar Sandhai)",Tomato,Local,Local,26/07/2026,1200,1500,1350
"Tamil Nadu",Dharmapuri,"Karimangalam(Uzhavar Sandhai)","Bhindi(Ladies Finger)",Bhindi,Local,26/07/2026,2300,2500,2400
"Tamil Nadu",Dharmapuri,"Karimangalam(Uzhavar Sandhai)","Green Chilli","Green Chilly",Local,26/07/2026,3800,4000,3900
"Tamil Nadu",Dharmapuri,"Karimangalam(Uzhavar Sandhai)",Cabbage,Cabbage,Local,26/07/2026,4000,4500,4250
"Tamil Nadu",Dharmapuri,"Karimangalam(Uzhavar Sandhai)",Snakeguard,Snakeguard,Local,26/07/2026,2800,3000,2900
"Tamil Nadu",Dharmapuri,"Karimangalam(Uzhavar Sandhai)",Raddish,Raddish,Local,26/07/2026,2800,3000,2900
"Tamil Nadu",Dharmapuri,"Karimangalam(Uzhavar Sandhai)","Green Avare(W)",Other,Local,26/07/2026,4500,5000,4750
"Tamil Nadu",Dharmapuri,"Karimangalam(Uzhavar Sandhai)",Lemon,Lemon,Local,26/07/2026,9000,10000,9500
"Tamil Nadu",Dharmapuri,"Karimangalam(Uzhavar Sandhai)","Amla(Nelli Kai)",Amla,Local,26/07/2026,6000,6500,6250
"Tamil Nadu",Krishnagiri,"Denkanikottai(Uzhavar Sandhai )",Potato,"Red Nanital",Local,26/07/2026,2000,2500,2250
"Tamil Nadu",Krishnagiri,"Denkanikottai(Uzhavar Sandhai )","Bitter gourd","Bitter Gourd",Local,26/07/2026,5500,6000,5750
"Tamil Nadu",Krishnagiri,"Denkanikottai(Uzhavar Sandhai )","Green Chilli","Green Chilly",Local,26/07/2026,5000,5500,5250
"Tamil Nadu",Krishnagiri,"Denkanikottai(Uzhavar Sandhai )",Beans,"Beans (Whole)",Local,26/07/2026,6000,7000,6500
"Tamil Nadu",Krishnagiri,"Denkanikottai(Uzhavar Sandhai )",Cabbage,Cabbage,Local,26/07/2026,2500,3000,2750
"Tamil Nadu",Krishnagiri,"Denkanikottai(Uzhavar Sandhai )",Snakeguard,Snakeguard,Local,26/07/2026,3000,3500,3250
"Tamil Nadu",Krishnagiri,"Denkanikottai(Uzhavar Sandhai )",Beetroot,Beetroot,Local,26/07/2026,3500,4000,3750
"Tamil Nadu",Krishnagiri,"Denkanikottai(Uzhavar Sandhai )",Raddish,Raddish,Local,26/07/2026,2500,3000,2750
"Tamil Nadu",Krishnagiri,"Denkanikottai(Uzhavar Sandhai )",Drumstick,Drumstick,Local,26/07/2026,4000,5000,4500
"Tamil Nadu",Krishnagiri,"Denkanikottai(Uzhavar Sandhai )",Mint(Pudina),Mint(Pudina),Local,26/07/2026,3500,4000,3750
"Tamil Nadu",Krishnagiri,"Hosur(Uzhavar Sandhai )",Pineapple,"Pine Apple",Local,26/07/2026,7000,8000,7500
"Tamil Nadu",Krishnagiri,"Hosur(Uzhavar Sandhai )",Cauliflower,Ranchi,Local,26/07/2026,3500,4000,3750
"Tamil Nadu",Krishnagiri,"Hosur(Uzhavar Sandhai )",Brinjal,Round,Local,26/07/2026,3500,4000,3750
"Tamil Nadu",Krishnagiri,"Hosur(Uzhavar Sandhai )",Coriander(Leaves),"I Sort",Local,26/07/2026,6000,7000,6500
"Tamil Nadu",Krishnagiri,"Hosur(Uzhavar Sandhai )","Cluster beans","Cluster Beans",Local,26/07/2026,4000,5000,4500
"Tamil Nadu",Krishnagiri,"Hosur(Uzhavar Sandhai )","Bottle gourd","Bottle Gourd",Local,26/07/2026,2500,3000,2750
"Tamil Nadu",Krishnagiri,"Hosur(Uzhavar Sandhai )",Snakeguard,Snakeguard,Local,26/07/2026,3000,3500,3250
"Tamil Nadu",Krishnagiri,"Hosur(Uzhavar Sandhai )",Raddish,Raddish,Local,26/07/2026,2500,3000,2750
"Tamil Nadu",Krishnagiri,"Hosur(Uzhavar Sandhai )",Mango(Raw-Ripe),"Mango - Raw-Ripe",Local,26/07/2026,2500,3000,2750
"Tamil Nadu",Krishnagiri,"Hosur(Uzhavar Sandhai )","Tender Coconut","Tender Coconut",Local,26/07/2026,2500,3000,2750
"Tamil Nadu",Krishnagiri,"Hosur(Uzhavar Sandhai )","Elephant Yam(Suran)/Amorphophallus","Elephant Yam (Suran)",Local,26/07/2026,4000,5000,4500
"Tamil Nadu",Krishnagiri,"Hosur(Uzhavar Sandhai )","Indian Beans(Seam)","Indian Beans (Seam)",Local,26/07/2026,5000,6000,5500
"Tamil Nadu",Krishnagiri,"Hosur(Uzhavar Sandhai )",Mashrooms,Mashrooms,Local,26/07/2026,18000,20000,19000
"Tamil Nadu",Krishnagiri,"Hosur(Uzhavar Sandhai )","Onion Green","Onion Green",Local,26/07/2026,7000,8000,7500
"Tamil Nadu",Krishnagiri,"Hosur(Uzhavar Sandhai )",Mint(Pudina),Mint(Pudina),Local,26/07/2026,3500,4000,3750
"Tamil Nadu",Krishnagiri,"Krishnagiri(Uzhavar Sandhai )",Cauliflower,Ranchi,Local,26/07/2026,3000,3500,3250
"Tamil Nadu",Krishnagiri,"Krishnagiri(Uzhavar Sandhai )",Onion,Bellary,Local,26/07/2026,3000,3500,3250
"Tamil Nadu",Krishnagiri,"Krishnagiri(Uzhavar Sandhai )","Bhindi(Ladies Finger)",Bhindi,Local,26/07/2026,2500,3000,2750
"Tamil Nadu",Krishnagiri,"Krishnagiri(Uzhavar Sandhai )","Sweet Potato","Hosur Red",Local,26/07/2026,2200,2600,2400
"Tamil Nadu",Krishnagiri,"Krishnagiri(Uzhavar Sandhai )",Cucumbar(Kheera),Cucumbar,Local,26/07/2026,2000,2400,2200
"Tamil Nadu",Krishnagiri,"Krishnagiri(Uzhavar Sandhai )",Raddish,Raddish,Local,26/07/2026,2200,2600,2400
"Tamil Nadu",Krishnagiri,"Krishnagiri(Uzhavar Sandhai )",Mango(Raw-Ripe),"Mango - Raw-Ripe",Local,26/07/2026,1500,2000,1750
"Tamil Nadu",Krishnagiri,"Krishnagiri(Uzhavar Sandhai )","Knool Khol","Knool Khol",Local,26/07/2026,4500,5000,4750
"Tamil Nadu",Krishnagiri,"Krishnagiri(Uzhavar Sandhai )","Indian Beans(Seam)","Indian Beans (Seam)",Local,26/07/2026,5500,6000,5750
"Tamil Nadu",Krishnagiri,"Krishnagiri(Uzhavar Sandhai )",Lemon,Lemon,Local,26/07/2026,7000,8000,7500
"Tamil Nadu",Krishnagiri,"Krishnagiri(Uzhavar Sandhai )","Amla(Nelli Kai)",Amla,Local,26/07/2026,7000,8000,7500
"Tamil Nadu",Krishnagiri,"Krishnagiri(Uzhavar Sandhai )","Onion Green","Onion Green",Local,26/07/2026,5500,6000,5750
"Tamil Nadu",Madurai,"Anaiyur(Uzhavar Sandhai )",Grapes,Annabesahai,Local,26/07/2026,10000,11000,10500
"Tamil Nadu",Madurai,"Anaiyur(Uzhavar Sandhai )",Apple,American,Local,26/07/2026,18000,27000,22500
"Tamil Nadu",Madurai,"Anaiyur(Uzhavar Sandhai )",Brinjal,Round,Local,26/07/2026,5000,5500,5250
"Tamil Nadu",Madurai,"Anaiyur(Uzhavar Sandhai )","Cluster beans","Cluster Beans",Local,26/07/2026,3000,3600,3300
"Tamil Nadu",Madurai,"Anaiyur(Uzhavar Sandhai )",Tapioca,Tapioca,Local,26/07/2026,3000,4000,3500
"Tamil Nadu",Madurai,"Anaiyur(Uzhavar Sandhai )",Ginger(Green),"Green Ginger",Local,26/07/2026,15000,21000,18000
"Tamil Nadu",Madurai,"Anaiyur(Uzhavar Sandhai )",Snakeguard,Snakeguard,Local,26/07/2026,3600,4000,3800
"Tamil Nadu",Madurai,"Anaiyur(Uzhavar Sandhai )","Chow Chow","Chow Chow",Local,26/07/2026,2400,3000,2700
"Tamil Nadu",Madurai,"Anaiyur(Uzhavar Sandhai )",Mint(Pudina),Mint(Pudina),Local,26/07/2026,5500,6000,5750
"Tamil Nadu",Madurai,"Usilampatti(Uzhavar Sandhai )",Onion,Bellary,Local,26/07/2026,3800,4000,3900
"Tamil Nadu",Madurai,"Usilampatti(Uzhavar Sandhai )",Coriander(Leaves),"I Sort",Local,26/07/2026,6500,7000,6750
"Tamil Nadu",Madurai,"Usilampatti(Uzhavar Sandhai )",Tomato,Deshi,Local,26/07/2026,2000,2400,2200
"Tamil Nadu",Madurai,"Usilampatti(Uzhavar Sandhai )","Bottle gourd","Bottle Gourd",Local,26/07/2026,2400,2800,2600
"Tamil Nadu",Madurai,"Usilampatti(Uzhavar Sandhai )","Bhindi(Ladies Finger)",Bhindi,Local,26/07/2026,3000,3600,3300
"Tamil Nadu",Madurai,"Usilampatti(Uzhavar Sandhai )","Green Chilli","Green Chilly",Local,26/07/2026,5000,5600,5300
"Tamil Nadu",Madurai,"Usilampatti(Uzhavar Sandhai )",Snakeguard,Snakeguard,Local,26/07/2026,3800,4000,3900
"Tamil Nadu",Madurai,"Usilampatti(Uzhavar Sandhai )","Onion Green","Onion Green",Local,26/07/2026,5500,6000,5750
"Tamil Nadu",Nagapattinam,"Nagapattinam(Uzhavar Sandhai )",Tomato,Deshi,Local,26/07/2026,2500,3000,2750
"Tamil Nadu",Nagapattinam,"Nagapattinam(Uzhavar Sandhai )",Cucumbar(Kheera),Cucumbar,Local,26/07/2026,7300,7300,7300
"Tamil Nadu",Nagapattinam,"Nagapattinam(Uzhavar Sandhai )",Raddish,Raddish,Local,26/07/2026,3500,4000,3750
"Tamil Nadu",Nagapattinam,"Nagapattinam(Uzhavar Sandhai )","Green Avare(W)",Other,Local,26/07/2026,7000,8500,7750
"Tamil Nadu",Nagapattinam,"Nagapattinam(Uzhavar Sandhai )",Yam(Ratalu),"Yam (Ratalu)",Local,26/07/2026,7000,8000,7500
"Tamil Nadu",Nagapattinam,"Nagapattinam(Uzhavar Sandhai )",Lemon,Lemon,Local,26/07/2026,4000,4800,4400
"Tamil Nadu",Nagapattinam,"Nagapattinam(Uzhavar Sandhai )","Onion Green","Onion Green",Local,26/07/2026,5900,6500,6200
"Tamil Nadu",Nagapattinam,"Sirkali(Uzhavar Sandhai )",Papaya,Papaya,Local,26/07/2026,2500,3000,2750
"Tamil Nadu",Nagapattinam,"Sirkali(Uzhavar Sandhai )","Cluster beans","Cluster Beans",Local,26/07/2026,4500,5000,4750
"Tamil Nadu",Nagapattinam,"Sirkali(Uzhavar Sandhai )","Bottle gourd","Bottle Gourd",Local,26/07/2026,2500,3000,2750
"Tamil Nadu",Nagapattinam,"Sirkali(Uzhavar Sandhai )",Beans,"Beans (Whole)",Local,26/07/2026,8500,9000,8750
"Tamil Nadu",Nagapattinam,"Sirkali(Uzhavar Sandhai )",Beetroot,Beetroot,Local,26/07/2026,4500,5000,4750
"Tamil Nadu",Nagapattinam,"Sirkali(Uzhavar Sandhai )","Chow Chow","Chow Chow",Local,26/07/2026,3000,3000,3000
"Tamil Nadu",Nagapattinam,"Sirkali(Uzhavar Sandhai )",Lime,Lime,Local,26/07/2026,3500,4000,3750
"Tamil Nadu",Namakkal,"Kumarapalayam(Uzhavar Sandhai )",Banana,Besrai,Local,26/07/2026,3500,4000,3750
"Tamil Nadu",Namakkal,"Kumarapalayam(Uzhavar Sandhai )",Beans,"Beans (Whole)",Local,26/07/2026,8500,9500,9000
"Tamil Nadu",Namakkal,"Kumarapalayam(Uzhavar Sandhai )",Coconut,Coconut,Local,26/07/2026,5000,5800,5400
"Tamil Nadu",Namakkal,"Kumarapalayam(Uzhavar Sandhai )",Ridgeguard(Tori),Ridgeguard(Tori),Local,26/07/2026,6400,6800,6600
"Tamil Nadu",Namakkal,"Mohanur(Uzhavar Sandhai )",Onion,Bellary,Local,26/07/2026,3800,4500,4150
"Tamil Nadu",Namakkal,"Mohanur(Uzhavar Sandhai )","Bitter gourd","Bitter Gourd",Local,26/07/2026,5400,6000,5700
"Tamil Nadu",Namakkal,"Mohanur(Uzhavar Sandhai )",Snakeguard,Snakeguard,Local,26/07/2026,5400,6000,5700
"Tamil Nadu",Namakkal,"Mohanur(Uzhavar Sandhai )",Mango(Raw-Ripe),"Mango - Raw-Ripe",Local,26/07/2026,2400,3000,2700
"Tamil Nadu",Namakkal,"Mohanur(Uzhavar Sandhai )",Guava,"Guava Allahabad",Local,26/07/2026,5500,6000,5750
"Tamil Nadu",Namakkal,"Namakkal(Uzhavar Sandhai )","Bitter gourd",Other,Local,26/07/2026,6000,7000,6500
"Tamil Nadu",Namakkal,"Namakkal(Uzhavar Sandhai )",Pumpkin,Pumpkin,Local,26/07/2026,2500,2600,2550
"Tamil Nadu",Namakkal,"Namakkal(Uzhavar Sandhai )",Amaranthus,Amaranthus,Local,26/07/2026,3500,4000,3750
"Tamil Nadu",Namakkal,"Namakkal(Uzhavar Sandhai )",Cowpea(Veg),"Cowpea (Veg)",Local,26/07/2026,4500,5000,4750
"Tamil Nadu",Namakkal,"Namakkal(Uzhavar Sandhai )",Ginger(Green),"Green Ginger",Local,26/07/2026,17000,18500,17750
"Tamil Nadu",Namakkal,"Namakkal(Uzhavar Sandhai )",Cabbage,Cabbage,Local,26/07/2026,3000,3500,3250
"Tamil Nadu",Namakkal,"Namakkal(Uzhavar Sandhai )",Snakeguard,Snakeguard,Local,26/07/2026,5000,5800,5400
"Tamil Nadu",Namakkal,"Namakkal(Uzhavar Sandhai )",Thondekai,Thondekai,Local,26/07/2026,5000,5400,5200
"Tamil Nadu",Namakkal,"Namakkal(Uzhavar Sandhai )","Chow Chow","Chow Chow",Local,26/07/2026,2500,3000,2750
"Tamil Nadu",Namakkal,"Namakkal(Uzhavar Sandhai )","Jamun(Narale Hannu)",Jamun,Local,26/07/2026,14000,15000,14500
"Tamil Nadu",Namakkal,"Namakkal(Uzhavar Sandhai )",Mashrooms,Mashrooms,Local,26/07/2026,22000,25000,23500
"Tamil Nadu",Namakkal,"Paramathivelur(Uzhavar Sandhai )",Onion,Bellary,Local,26/07/2026,3500,4000,3750
"Tamil Nadu",Namakkal,"Paramathivelur(Uzhavar Sandhai )",Banana,Karpura,Local,26/07/2026,3000,3500,3250
"Tamil Nadu",Namakkal,"Paramathivelur(Uzhavar Sandhai )",Cauliflower,Ranchi,Local,26/07/2026,3000,3500,3250
"Tamil Nadu",Namakkal,"Paramathivelur(Uzhavar Sandhai )",Tomato,Deshi,Local,26/07/2026,1500,2000,1750
"Tamil Nadu",Namakkal,"Paramathivelur(Uzhavar Sandhai )","Banana - Green","Banana - Green",Local,26/07/2026,2200,2800,2500
"Tamil Nadu",Namakkal,"Paramathivelur(Uzhavar Sandhai )",Coconut,Coconut,Local,26/07/2026,5200,5800,5500
"Tamil Nadu",Namakkal,"Paramathivelur(Uzhavar Sandhai )",Raddish,Raddish,Local,26/07/2026,3500,4000,3750
"Tamil Nadu",Namakkal,"Paramathivelur(Uzhavar Sandhai )",Guava,"Guava Allahabad",Local,26/07/2026,6000,7000,6500
"Tamil Nadu",Namakkal,"Paramathivelur(Uzhavar Sandhai )","Onion Green","Onion Green",Local,26/07/2026,5000,5500,5250
"Tamil Nadu",Namakkal,"Rasipuram(Uzhavar Sandhai )",Banana,"Red Banana",Local,26/07/2026,5500,6000,5750
"Tamil Nadu",Namakkal,"Rasipuram(Uzhavar Sandhai )","Cluster beans","Cluster Beans",Local,26/07/2026,3800,4400,4100
"Tamil Nadu",Namakkal,"Rasipuram(Uzhavar Sandhai )","Bottle gourd","Bottle Gourd",Local,26/07/2026,2000,2200,2100
"Tamil Nadu",Namakkal,"Rasipuram(Uzhavar Sandhai )","Green Chilli","Green Chilly",Local,26/07/2026,5800,6500,6150
"Tamil Nadu",Namakkal,"Rasipuram(Uzhavar Sandhai )",Carrot,Pusakesar,Local,26/07/2026,10500,11000,10750
"Tamil Nadu",Namakkal,"Rasipuram(Uzhavar Sandhai )",Cabbage,Cabbage,Local,26/07/2026,3600,4000,3800
"Tamil Nadu",Namakkal,"Rasipuram(Uzhavar Sandhai )",Snakeguard,Snakeguard,Local,26/07/2026,4000,4500,4250
"Tamil Nadu",Namakkal,"Rasipuram(Uzhavar Sandhai )",Cucumbar(Kheera),Cucumbar,Local,26/07/2026,8000,9000,8500
"Tamil Nadu",Namakkal,"Rasipuram(Uzhavar Sandhai )",Fig(Anjura/Anjeer),Anjura,Local,26/07/2026,13000,15000,14000
"Tamil Nadu",Namakkal,"Rasipuram(Uzhavar Sandhai )",Jasmine,Jasmine,Local,26/07/2026,38000,48000,43000
"Tamil Nadu",Namakkal,"Rasipuram(Uzhavar Sandhai )",Lemon,Lemon,Local,26/07/2026,3000,5000,4000
"Tamil Nadu",Madurai,"Palanganatham(Uzhavar Sandhai )",Onion,Bellary,Local,26/07/2026,3600,4000,3800
"Tamil Nadu",Madurai,"Palanganatham(Uzhavar Sandhai )",Potato,Other,Local,26/07/2026,5000,6000,5500
"Tamil Nadu",Madurai,"Palanganatham(Uzhavar Sandhai )",Soyabean,Local,Local,26/07/2026,9000,10000,9500
"Tamil Nadu",Madurai,"Palanganatham(Uzhavar Sandhai )",Coriander(Leaves),"I Sort",Local,26/07/2026,6000,7000,6500
"Tamil Nadu",Madurai,"Palanganatham(Uzhavar Sandhai )",Tomato,Other,Local,26/07/2026,2000,2400,2200
"Tamil Nadu",Madurai,"Palanganatham(Uzhavar Sandhai )","Bitter gourd","Bitter Gourd",Local,26/07/2026,6000,7000,6500
"Tamil Nadu",Madurai,"Palanganatham(Uzhavar Sandhai )",Pumpkin,Pumpkin,Local,26/07/2026,2000,2400,2200
"Tamil Nadu",Madurai,"Palanganatham(Uzhavar Sandhai )","Green Chilli","Green Chilly",Local,26/07/2026,4500,5600,5050
"Tamil Nadu",Madurai,"Palanganatham(Uzhavar Sandhai )",Cabbage,Cabbage,Local,26/07/2026,3000,3600,3300
"Tamil Nadu",Madurai,"Palanganatham(Uzhavar Sandhai )",Mango(Raw-Ripe),"Mango - Raw-Ripe",Local,26/07/2026,2000,3500,2750
"Tamil Nadu",Madurai,"Palanganatham(Uzhavar Sandhai )","Elephant Yam(Suran)/Amorphophallus","Elephant Yam (Suran)",Local,26/07/2026,5000,5500,5250
"Tamil Nadu",Madurai,"Palanganatham(Uzhavar Sandhai )",Lemon,Lemon,Local,26/07/2026,5000,6000,5500
"Tamil Nadu",Madurai,"Palanganatham(Uzhavar Sandhai )",Mashrooms,Mashrooms,Local,26/07/2026,20000,25000,22500
"Tamil Nadu",Madurai,"Palanganatham(Uzhavar Sandhai )","Amla(Nelli Kai)",Amla,Local,26/07/2026,6000,6500,6250
"Tamil Nadu",Madurai,"Anna nagar(Uzhavar Sandhai )",Banana,Besrai,Local,26/07/2026,3500,4000,3750
"Tamil Nadu",Madurai,"Anna nagar(Uzhavar Sandhai )","Green Avare(W)","Green Avare (W)",Local,26/07/2026,8000,9000,8500
"Tamil Nadu",Madurai,"Anna nagar(Uzhavar Sandhai )",Potato,Other,Local,26/07/2026,6600,6600,6600
"Tamil Nadu",Madurai,"Anna nagar(Uzhavar Sandhai )","Chili Red",Bold,Local,26/07/2026,20000,20000,20000
"Tamil Nadu",Madurai,"Anna nagar(Uzhavar Sandhai )",Orange,Darjeeling,Local,26/07/2026,12000,12000,12000
"Tamil Nadu",Madurai,"Anna nagar(Uzhavar Sandhai )",Mango,Other,Local,26/07/2026,5000,5000,5000
"Tamil Nadu",Madurai,"Anna nagar(Uzhavar Sandhai )","Green Peas","Green Peas",Local,26/07/2026,19000,19000,19000
"Tamil Nadu",Madurai,"Anna nagar(Uzhavar Sandhai )","Water Melon","Water Melon",Local,26/07/2026,3000,3000,3000
"Tamil Nadu",Madurai,"Anna nagar(Uzhavar Sandhai )",Ashgourd,Gouard,Local,26/07/2026,2400,2400,2400
"Tamil Nadu",Madurai,"Anna nagar(Uzhavar Sandhai )",Coconut,Coconut,Local,26/07/2026,6200,6200,6200
"Tamil Nadu",Madurai,"Anna nagar(Uzhavar Sandhai )",Cabbage,Cabbage,Local,26/07/2026,4200,4200,4200
"Tamil Nadu",Madurai,"Anna nagar(Uzhavar Sandhai )",Snakeguard,Snakeguard,Local,26/07/2026,4000,4600,4300
"Tamil Nadu",Madurai,"Anna nagar(Uzhavar Sandhai )",Beetroot,Beetroot,Local,26/07/2026,4600,4600,4600
"Tamil Nadu",Madurai,"Anna nagar(Uzhavar Sandhai )",Cucumbar(Kheera),Cucumbar,Local,26/07/2026,5600,5600,5600
"Tamil Nadu",Madurai,"Anna nagar(Uzhavar Sandhai )",Raddish,Raddish,Local,26/07/2026,3600,4000,3800
"Tamil Nadu",Madurai,"Anna nagar(Uzhavar Sandhai )","Chow Chow","Chow Chow",Local,26/07/2026,3600,3600,3600
"Tamil Nadu",Madurai,"Anna nagar(Uzhavar Sandhai )","Tender Coconut","Tender Coconut",Local,26/07/2026,4000,4500,4250
"Tamil Nadu",Madurai,"Anna nagar(Uzhavar Sandhai )","Sweet Corn ","Sweet Corn ",Local,26/07/2026,3000,3000,3000
"Tamil Nadu",Perambalur,"Perambalur(Uzhavar Sandhai )",Potato,Other,Local,26/07/2026,2800,3000,2900
"Tamil Nadu",Perambalur,"Perambalur(Uzhavar Sandhai )",Cauliflower,Ranchi,Local,26/07/2026,5000,6000,5500
"Tamil Nadu",Perambalur,"Perambalur(Uzhavar Sandhai )",Papaya,Papaya,Local,26/07/2026,3500,4000,3750
"Tamil Nadu",Perambalur,"Perambalur(Uzhavar Sandhai )",Ashgourd,Gouard,Local,26/07/2026,1800,1800,1800
"Tamil Nadu",Perambalur,"Perambalur(Uzhavar Sandhai )",Cowpea(Veg),"Cowpea (Veg)",Local,26/07/2026,5200,5200,5200
"Tamil Nadu",Perambalur,"Perambalur(Uzhavar Sandhai )",Beans,"Beans (Whole)",Local,26/07/2026,8800,9200,9000
"Tamil Nadu",Perambalur,"Perambalur(Uzhavar Sandhai )",Ginger(Green),"Green Ginger",Local,26/07/2026,12000,18000,15000
"Tamil Nadu",Perambalur,"Perambalur(Uzhavar Sandhai )","Sweet Potato","Hosur Red",Local,26/07/2026,5000,5600,5300
"Tamil Nadu",Perambalur,"Perambalur(Uzhavar Sandhai )",Lemon,Lemon,Local,26/07/2026,7000,8000,7500
"Tamil Nadu",Perambalur,"Perambalur(Uzhavar Sandhai )",Mashrooms,Mashrooms,Local,26/07/2026,20000,20000,20000
"Tamil Nadu",Salem,"Mecheri(Uzhavar Sandhai)","Green Chilli","Green Chilly",Local,26/07/2026,4000,4500,4250
"Tamil Nadu",Salem,"Mecheri(Uzhavar Sandhai)",Drumstick,Drumstick,Local,26/07/2026,5000,6000,5500
"Tamil Nadu",Salem,"Mecheri(Uzhavar Sandhai)","Onion Green","Onion Green",Local,26/07/2026,4500,5000,4750
"Tamil Nadu",Ranipet,"Arcot(Uzhavar Sandhai )",Onion,Bellary,Local,26/07/2026,3500,3600,3550
"Tamil Nadu",Ranipet,"Arcot(Uzhavar Sandhai )",Potato,"Red Nanital",Local,26/07/2026,2800,2800,2800
"Tamil Nadu",Ranipet,"Arcot(Uzhavar Sandhai )",Brinjal,Other,Local,26/07/2026,7000,7000,7000
"Tamil Nadu",Ranipet,"Arcot(Uzhavar Sandhai )","Bhindi(Ladies Finger)",Bhindi,Local,26/07/2026,4000,4000,4000
"Tamil Nadu",Ranipet,"Arcot(Uzhavar Sandhai )","Sweet Potato","Hosur Red",Local,26/07/2026,4000,4000,4000
"Tamil Nadu",Ranipet,"Arcot(Uzhavar Sandhai )",Cucumbar(Kheera),Cucumbar,Local,26/07/2026,4800,4800,4800
"Tamil Nadu",Ranipet,"Arcot(Uzhavar Sandhai )",Raddish,Raddish,Local,26/07/2026,4000,4000,4000
"Tamil Nadu",Ranipet,"Ranipettai(Uzhavar Sandhai )",Garlic,Garlic,Local,26/07/2026,20000,30000,25000
"Tamil Nadu",Ranipet,"Ranipettai(Uzhavar Sandhai )",Groundnut,"Big (With Shell)",Local,26/07/2026,7000,7000,7000
"Tamil Nadu",Ranipet,"Ranipettai(Uzhavar Sandhai )",Papaya,Papaya,Local,26/07/2026,4000,4000,4000
"Tamil Nadu",Ranipet,"Ranipettai(Uzhavar Sandhai )",Tomato,Other,Local,26/07/2026,1800,2000,1900
"Tamil Nadu",Ranipet,"Ranipettai(Uzhavar Sandhai )","Bottle gourd","Bottle Gourd",Local,26/07/2026,3000,3000,3000
"Tamil Nadu",Ranipet,"Ranipettai(Uzhavar Sandhai )",Cowpea(Veg),"Cowpea (Veg)",Local,26/07/2026,5000,6000,5500
"Tamil Nadu",Ranipet,"Ranipettai(Uzhavar Sandhai )",Beans,"Beans (Whole)",Local,26/07/2026,5600,6000,5800
"Tamil Nadu",Ranipet,"Ranipettai(Uzhavar Sandhai )",Ginger(Green),"Green Ginger",Local,26/07/2026,14000,17000,15500
"Tamil Nadu",Ranipet,"Ranipettai(Uzhavar Sandhai )",Ridgeguard(Tori),Ridgeguard(Tori),Local,26/07/2026,4200,5000,4600
"Tamil Nadu",Ranipet,"Ranipettai(Uzhavar Sandhai )","Elephant Yam(Suran)/Amorphophallus","Elephant Yam (Suran)",Local,26/07/2026,6000,6000,6000
"Tamil Nadu",Ranipet,"Ranipettai(Uzhavar Sandhai )",Colacasia,Colacasia,Local,26/07/2026,3600,4000,3800
"Tamil Nadu",Ranipet,"Ranipettai(Uzhavar Sandhai )","Amla(Nelli Kai)",Amla,Local,26/07/2026,8000,10000,9000
"Tamil Nadu",Ranipet,"Ranipettai(Uzhavar Sandhai )","Onion Green","Onion Green",Local,26/07/2026,5000,5400,5200
"Tamil Nadu",Ranipet,"Ranipettai(Uzhavar Sandhai )",Rose(Local),"Rose (Local)",Local,26/07/2026,18000,24000,21000
"Tamil Nadu",Ranipet,"Ranipettai(Uzhavar Sandhai )","Tube Rose(Loose)","Tube Rose (Loose)",Local,26/07/2026,7000,7000,7000
"Tamil Nadu",Ranipet,"Ranipettai(Uzhavar Sandhai )","Sweet Corn ","Sweet Corn ",Local,26/07/2026,4000,4000,4000
"Tamil Nadu",Salem,"Ammapet(Uzhavar Sandhai )",Mango,Neelam,Local,26/07/2026,4500,5000,4750
"Tamil Nadu",Salem,"Ammapet(Uzhavar Sandhai )","Water Melon","Water Melon",Local,26/07/2026,1800,2000,1900
"Tamil Nadu",Salem,"Ammapet(Uzhavar Sandhai )",Cowpea(Veg),"Cowpea (Veg)",Local,26/07/2026,3800,4000,3900
"Tamil Nadu",Salem,"Ammapet(Uzhavar Sandhai )",Carrot,Pusakesar,Local,26/07/2026,9400,9800,9600
"Tamil Nadu",Salem,"Ammapet(Uzhavar Sandhai )",Beetroot,Beetroot,Local,26/07/2026,5600,6000,5800
"Tamil Nadu",Salem,"Ammapet(Uzhavar Sandhai )",Raddish,Raddish,Local,26/07/2026,3200,3500,3350
"Tamil Nadu",Salem,"Ammapet(Uzhavar Sandhai )","Tender Coconut","Tender Coconut",Local,26/07/2026,3000,4000,3500
"Tamil Nadu",Salem,"Mettur(Uzhavar Sandhai )",Garlic,Garlic,Local,26/07/2026,24000,26000,25000
"Tamil Nadu",Salem,"Mettur(Uzhavar Sandhai )",Banana,"Red Banana",Local,26/07/2026,6500,7000,6750
"Tamil Nadu",Salem,"Mettur(Uzhavar Sandhai )",Cauliflower,Ranchi,Local,26/07/2026,3500,4000,3750
"Tamil Nadu",Salem,"Mettur(Uzhavar Sandhai )","Water Melon","Water Melon",Local,26/07/2026,1500,2000,1750
"Tamil Nadu",Salem,"Mettur(Uzhavar Sandhai )","Bitter gourd",Other,Local,26/07/2026,4500,5000,4750
"Tamil Nadu",Salem,"Mettur(Uzhavar Sandhai )","Bottle gourd","Bottle Gourd",Local,26/07/2026,1500,2000,1750
"Tamil Nadu",Salem,"Mettur(Uzhavar Sandhai )",Tapioca,Tapioca,Local,26/07/2026,2500,3000,2750
"Tamil Nadu",Salem,"Mettur(Uzhavar Sandhai )","Sweet Potato","Hosur Red",Local,26/07/2026,3500,4000,3750
"Tamil Nadu",Salem,"Mettur(Uzhavar Sandhai )",Snakeguard,Snakeguard,Local,26/07/2026,3500,4000,3750
"Tamil Nadu",Salem,"Mettur(Uzhavar Sandhai )",Thondekai,Thondekai,Local,26/07/2026,5500,6000,5750
"Tamil Nadu",Salem,"Mettur(Uzhavar Sandhai )",Capsicum,Capsicum,Local,26/07/2026,8500,9000,8750
"Tamil Nadu",Salem,"Mettur(Uzhavar Sandhai )","Green Avare(W)",Other,Local,26/07/2026,5500,6000,5750
"Tamil Nadu",Salem,"Mettur(Uzhavar Sandhai )",Marigold(Calcutta),Marigold(Calcutta),Local,26/07/2026,26000,28000,27000
"Tamil Nadu",Salem,"Mettur(Uzhavar Sandhai )",Lemon,Lemon,Local,26/07/2026,4500,5000,4750
"Tamil Nadu",Salem,"Mettur(Uzhavar Sandhai )","Amla(Nelli Kai)",Amla,Local,26/07/2026,7000,7500,7250
"Tamil Nadu",Salem,"Mettur(Uzhavar Sandhai )",Mint(Pudina),Mint(Pudina),Local,26/07/2026,2500,3000,2750
"Tamil Nadu",Salem,"Mettur(Uzhavar Sandhai )",Rose(Local),"Rose (Local)",Local,26/07/2026,13000,15000,14000
"Tamil Nadu",Salem,"Sooramangalam(Uzhavar Sandhai )",Potato,Other,Local,26/07/2026,6000,7000,6500
"Tamil Nadu",Salem,"Sooramangalam(Uzhavar Sandhai )","Bhindi(Ladies Finger)",Bhindi,Local,26/07/2026,3000,3400,3200
"Tamil Nadu",Salem,"Sooramangalam(Uzhavar Sandhai )",Coconut,Coconut,Local,26/07/2026,5500,6000,5750
"Tamil Nadu",Salem,"Sooramangalam(Uzhavar Sandhai )",Cabbage,Cabbage,Local,26/07/2026,3500,4000,3750
"Tamil Nadu",Salem,"Sooramangalam(Uzhavar Sandhai )",Mango(Raw-Ripe),"Mango - Raw-Ripe",Local,26/07/2026,3000,4000,3500
"Tamil Nadu",Salem,"Sooramangalam(Uzhavar Sandhai )",Yam(Ratalu),"Yam (Ratalu)",Local,26/07/2026,8000,8500,8250
"Tamil Nadu",Salem,"Sooramangalam(Uzhavar Sandhai )",Lemon,Lemon,Local,26/07/2026,7000,8000,7500
"Tamil Nadu",Salem,"Sooramangalam(Uzhavar Sandhai )",Mint(Pudina),Mint(Pudina),Local,26/07/2026,4500,4800,4650
"Tamil Nadu",Salem,"Sooramangalam(Uzhavar Sandhai )",Rose(Local),"Rose (Local)",Local,26/07/2026,7000,8000,7500
"Tamil Nadu",Salem,"Sooramangalam(Uzhavar Sandhai )","Tube Rose(Loose)","Tube Rose (Loose)",Local,26/07/2026,10000,12000,11000
"Tamil Nadu",Salem,"Sooramangalam(Uzhavar Sandhai )","Baby Corn","Baby Corn","Grade A",26/07/2026,2500,3000,2750
"Tamil Nadu",Salem,"Thammampatti (Uzhavar Sandhai )",Groundnut,"Big (With Shell)",Local,26/07/2026,7000,7000,7000
"Tamil Nadu",Salem,"Thammampatti (Uzhavar Sandhai )",Brinjal,Round,Local,26/07/2026,4000,5000,4500
"Tamil Nadu",Salem,"Thammampatti (Uzhavar Sandhai )",Coriander(Leaves),"I Sort",Local,26/07/2026,3500,4000,3750
"Tamil Nadu",Salem,"Thammampatti (Uzhavar Sandhai )",Chikoos(Sapota),Sapota,Local,26/07/2026,4000,4000,4000
"Tamil Nadu",Salem,"Thammampatti (Uzhavar Sandhai )",Papaya,Papaya,Local,26/07/2026,2500,3000,2750
"Tamil Nadu",Salem,"Thammampatti (Uzhavar Sandhai )","Bitter gourd","Bitter Gourd",Local,26/07/2026,5000,5500,5250
"Tamil Nadu",Salem,"Thammampatti (Uzhavar Sandhai )",Ashgourd,Gouard,Local,26/07/2026,2000,2000,2000
"Tamil Nadu",Salem,"Thammampatti (Uzhavar Sandhai )","Green Chilli","Green Chilly",Local,26/07/2026,4000,4500,4250
"Tamil Nadu",Salem,"Thammampatti (Uzhavar Sandhai )",Cabbage,Cabbage,Local,26/07/2026,3500,4000,3750
"Tamil Nadu",Salem,"Thammampatti (Uzhavar Sandhai )",Beetroot,Beetroot,Local,26/07/2026,6000,6500,6250
"Tamil Nadu",Salem,"Thammampatti (Uzhavar Sandhai )","Chow Chow","Chow Chow",Local,26/07/2026,4000,4000,4000
"Tamil Nadu",Salem,"Thammampatti (Uzhavar Sandhai )",Drumstick,Drumstick,Local,26/07/2026,5000,6000,5500
"Tamil Nadu",Salem,"Thammampatti (Uzhavar Sandhai )","Elephant Yam(Suran)/Amorphophallus","Elephant Yam (Suran)",Local,26/07/2026,2000,2500,2250
"Tamil Nadu",Salem,"Thammampatti (Uzhavar Sandhai )","Custard Apple(Sharifa)","Custard Apple(Sharifa)",Local,26/07/2026,4000,4000,4000
"Tamil Nadu",Salem,"Thathakapatti(Uzhavar Sandhai )",Garlic,Garlic,Local,26/07/2026,20000,25000,22500
"Tamil Nadu",Salem,"Thathakapatti(Uzhavar Sandhai )",Groundnut,"Big (With Shell)",Local,26/07/2026,7000,8000,7500
"Tamil Nadu",Salem,"Thathakapatti(Uzhavar Sandhai )",Banana,Besrai,Local,26/07/2026,4000,7500,5750
"Tamil Nadu",Salem,"Thathakapatti(Uzhavar Sandhai )",Chikoos(Sapota),Sapota,Local,26/07/2026,3500,4000,3750
"Tamil Nadu",Salem,"Thathakapatti(Uzhavar Sandhai )","Water Melon","Water Melon",Local,26/07/2026,1500,2000,1750
"Tamil Nadu",Salem,"Thathakapatti(Uzhavar Sandhai )","Mousambi(Sweet Lime)",Mousambi,Local,26/07/2026,3000,3500,3250
"Tamil Nadu",Salem,"Thathakapatti(Uzhavar Sandhai )","Bottle gourd","Bottle Gourd",Local,26/07/2026,2500,3000,2750
"Tamil Nadu",Salem,"Thathakapatti(Uzhavar Sandhai )",Ashgourd,Gouard,Local,26/07/2026,2000,2400,2200
"Tamil Nadu",Salem,"Thathakapatti(Uzhavar Sandhai )",Pumpkin,Pumpkin,Local,26/07/2026,2000,2400,2200
"Tamil Nadu",Salem,"Thathakapatti(Uzhavar Sandhai )","Bhindi(Ladies Finger)",Bhindi,Local,26/07/2026,3400,3600,3500
"Tamil Nadu",Salem,"Thathakapatti(Uzhavar Sandhai )",Beans,"Beans (Whole)",Local,26/07/2026,8000,9000,8500
"Tamil Nadu",Salem,"Thathakapatti(Uzhavar Sandhai )",Raddish,Raddish,Local,26/07/2026,3400,3600,3500
"Tamil Nadu",Salem,"Thathakapatti(Uzhavar Sandhai )",Mango(Raw-Ripe),"Mango - Raw-Ripe",Local,26/07/2026,4000,5000,4500
"Tamil Nadu",Salem,"Thathakapatti(Uzhavar Sandhai )","Knool Khol","Knool Khol",Local,26/07/2026,5000,5500,5250
"Tamil Nadu",Salem,"Thathakapatti(Uzhavar Sandhai )",Kakada,Kakada,Local,26/07/2026,18000,20000,19000
"Tamil Nadu",Salem,"Thathakapatti(Uzhavar Sandhai )",Marigold(Calcutta),Marigold(Calcutta),Local,26/07/2026,14000,15000,14500
"Tamil Nadu",Salem,"Thathakapatti(Uzhavar Sandhai )","Tamarind Fruit","Tamarind Fruit",Local,26/07/2026,14000,16000,15000
"Tamil Nadu",Salem,"Thathakapatti(Uzhavar Sandhai )",Colacasia,Colacasia,Local,26/07/2026,5000,6000,5500
"Tamil Nadu",Salem,"Thathakapatti(Uzhavar Sandhai )","Onion Green","Onion Green",Local,26/07/2026,4500,5400,4950
"Uttar Pradesh",Sitapur,"Sidhauli APMC","Black Gram Dal(Urd Dal)",Other,FAQ,26/07/2026,8000,8000,8000
"Uttar Pradesh",Etah,"Awagarh APMC","Green Chilli",Other,FAQ,26/07/2026,3500,3500,3500
"Tamil Nadu",Tenkasi,"Sankarankoil(Uzhavar Sandhai )",Onion,Bellary,Local,26/07/2026,3500,4000,3750
"Tamil Nadu",Tenkasi,"Sankarankoil(Uzhavar Sandhai )",Mango,Safeda,Local,26/07/2026,4000,4000,4000
"Tamil Nadu",Tenkasi,"Sankarankoil(Uzhavar Sandhai )",Tomato,Local,Local,26/07/2026,1500,2000,1750
"Tamil Nadu",Tenkasi,"Sankarankoil(Uzhavar Sandhai )","Bottle gourd","Bottle Gourd",Local,26/07/2026,2000,2000,2000
"Tamil Nadu",Tenkasi,"Sankarankoil(Uzhavar Sandhai )",Ashgourd,Gouard,Local,26/07/2026,3000,3000,3000
"Tamil Nadu",Tenkasi,"Sankarankoil(Uzhavar Sandhai )","Banana - Green","Banana - Green",Local,26/07/2026,3500,3500,3500
"Tamil Nadu",Tenkasi,"Sankarankoil(Uzhavar Sandhai )",Beans,"Beans (Whole)",Local,26/07/2026,12000,12000,12000
"Tamil Nadu",Tenkasi,"Sankarankoil(Uzhavar Sandhai )",Tapioca,Tapioca,Local,26/07/2026,4000,4000,4000
"Tamil Nadu",Tenkasi,"Sankarankoil(Uzhavar Sandhai )","Green Avare(W)",Other,Local,26/07/2026,7000,7000,7000
"Tamil Nadu",Tenkasi,"Sankarankoil(Uzhavar Sandhai )",Lemon,Lemon,Local,26/07/2026,6000,6000,6000
"Tamil Nadu",Tenkasi,"Sankarankoil(Uzhavar Sandhai )","Amla(Nelli Kai)",Amla,Local,26/07/2026,6000,6000,6000
"Tamil Nadu",Tenkasi,"Tenkasi(Uzhavar Sandhai )",Brinjal,Other,Local,26/07/2026,4000,4000,4000
"Tamil Nadu",Tenkasi,"Tenkasi(Uzhavar Sandhai )",Tomato,Local,Local,26/07/2026,1500,1800,1650
"Tamil Nadu",Tenkasi,"Tenkasi(Uzhavar Sandhai )","Bitter gourd",Other,Local,26/07/2026,7000,7000,7000
"Tamil Nadu",Tenkasi,"Tenkasi(Uzhavar Sandhai )","Bottle gourd","Bottle Gourd",Local,26/07/2026,1500,1500,1500
"Tamil Nadu",Tenkasi,"Tenkasi(Uzhavar Sandhai )",Mint(Pudina),Mint(Pudina),Local,26/07/2026,6000,6000,6000
"Tamil Nadu",Pudukkottai,"Pudukottai(Uzhavar Sandhai )",Garlic,Garlic,Local,26/07/2026,28000,30000,29000
"Tamil Nadu",Pudukkottai,"Pudukottai(Uzhavar Sandhai )",Cauliflower,Ranchi,Local,26/07/2026,5500,6000,5750
"Tamil Nadu",Pudukkottai,"Pudukottai(Uzhavar Sandhai )",Brinjal,Round,Local,26/07/2026,6500,7000,6750
"Tamil Nadu",Pudukkottai,"Pudukottai(Uzhavar Sandhai )",Coriander(Leaves),"I Sort",Local,26/07/2026,4500,5000,4750
"Tamil Nadu",Pudukkottai,"Pudukottai(Uzhavar Sandhai )",Amaranthus,Amaranthus,Local,26/07/2026,1000,1500,1250
"Tamil Nadu",Pudukkottai,"Pudukottai(Uzhavar Sandhai )","Green Chilli","Green Chilly",Local,26/07/2026,4500,5000,4750
"Tamil Nadu",Pudukkottai,"Pudukottai(Uzhavar Sandhai )",Coconut,Coconut,Local,26/07/2026,3500,4000,3750
"Tamil Nadu",Pudukkottai,"Pudukottai(Uzhavar Sandhai )",Snakeguard,Snakeguard,Local,26/07/2026,3000,4000,3500
"Tamil Nadu",Pudukkottai,"Pudukottai(Uzhavar Sandhai )",Raddish,Raddish,Local,26/07/2026,3500,4000,3750
"Tamil Nadu",Pudukkottai,"Pudukottai(Uzhavar Sandhai )","Knool Khol","Knool Khol",Local,26/07/2026,4000,4500,4250
"Tamil Nadu",Pudukkottai,"Pudukottai(Uzhavar Sandhai )",Lime,Lime,Local,26/07/2026,1500,2000,1750
"Tamil Nadu",Pudukkottai,"Pudukottai(Uzhavar Sandhai )","Elephant Yam(Suran)/Amorphophallus","Elephant Yam (Suran)",Local,26/07/2026,4500,5000,4750
"Tamil Nadu",Pudukkottai,"Pudukottai(Uzhavar Sandhai )","Onion Green","Onion Green",Local,26/07/2026,6500,7000,6750
"Tamil Nadu",Pudukkottai,"Pudukottai(Uzhavar Sandhai )",Mint(Pudina),Mint(Pudina),Local,26/07/2026,3500,4000,3750
"Tamil Nadu",Thanjavur,"Kumbakonam (Uzhavar Sandhai )",Banana,Besrai,Local,26/07/2026,4000,4000,4000
"Tamil Nadu",Thanjavur,"Kumbakonam (Uzhavar Sandhai )",Coconut,Coconut,Local,26/07/2026,6000,6000,6000
"Tamil Nadu",Thanjavur,"Kumbakonam (Uzhavar Sandhai )",Cucumbar(Kheera),Cucumbar,Local,26/07/2026,6000,6000,6000
"Tamil Nadu",Thanjavur,"Kumbakonam (Uzhavar Sandhai )","Jack Fruit(Ripe)","Jack Fruit",Local,26/07/2026,3000,3000,3000
"Tamil Nadu",Thanjavur,"Kumbakonam (Uzhavar Sandhai )","Elephant Yam(Suran)/Amorphophallus","Elephant Yam (Suran)",Local,26/07/2026,4800,4800,4800
"Tamil Nadu",Thanjavur,"Kumbakonam (Uzhavar Sandhai )",Mashrooms,Mashrooms,Local,26/07/2026,30000,30000,30000
"Tamil Nadu","The Nilgiris","Udhagamandalam(Uzhavar Sandhai )",Grapes,Annabesahai,Local,26/07/2026,8000,10000,9000
"Tamil Nadu","The Nilgiris","Udhagamandalam(Uzhavar Sandhai )",Onion,Bellary,Local,26/07/2026,3800,4200,4000
"Tamil Nadu","The Nilgiris","Udhagamandalam(Uzhavar Sandhai )",Banana,Besrai,Local,26/07/2026,3500,5000,4250
"Tamil Nadu","The Nilgiris","Udhagamandalam(Uzhavar Sandhai )",Tapioca,Tapioca,Local,26/07/2026,3500,4000,3750
"Tamil Nadu","The Nilgiris","Udhagamandalam(Uzhavar Sandhai )",Ginger(Green),"Green Ginger",Local,26/07/2026,15000,16000,15500
"Tamil Nadu","The Nilgiris","Udhagamandalam(Uzhavar Sandhai )",Cucumbar(Kheera),Cucumbar,Local,26/07/2026,3000,3500,3250
"Tamil Nadu","The Nilgiris","Udhagamandalam(Uzhavar Sandhai )","Chow Chow","Chow Chow",Local,26/07/2026,2000,2500,2250
"Tamil Nadu","The Nilgiris","Udhagamandalam(Uzhavar Sandhai )",Lemon,Lemon,Local,26/07/2026,7000,8000,7500
"Tamil Nadu","The Nilgiris","Udhagamandalam(Uzhavar Sandhai )",Mint(Pudina),Mint(Pudina),Local,26/07/2026,5500,6000,5750
"Tamil Nadu",Theni,"Andipatti(Uzhavar Sandhai )",Cauliflower,Ranchi,Local,26/07/2026,3000,3500,3250
"Tamil Nadu",Theni,"Andipatti(Uzhavar Sandhai )",Onion,Bellary,Local,26/07/2026,3600,3800,3700
"Tamil Nadu",Theni,"Andipatti(Uzhavar Sandhai )",Papaya,Papaya,Local,26/07/2026,2500,3000,2750
"Tamil Nadu",Theni,"Andipatti(Uzhavar Sandhai )","Bitter gourd",Other,Local,26/07/2026,5200,5400,5300
"Tamil Nadu",Theni,"Andipatti(Uzhavar Sandhai )",Snakeguard,Snakeguard,Local,26/07/2026,3500,4000,3750
"Tamil Nadu",Theni,"Andipatti(Uzhavar Sandhai )",Beetroot,Beetroot,Local,26/07/2026,4200,4500,4350
"Tamil Nadu",Theni,"Andipatti(Uzhavar Sandhai )",Raddish,Raddish,Local,26/07/2026,2600,2800,2700
"Tamil Nadu",Theni,"Andipatti(Uzhavar Sandhai )","Elephant Yam(Suran)/Amorphophallus","Elephant Yam (Suran)",Local,26/07/2026,3800,4000,3900
"Tamil Nadu",Theni,"Andipatti(Uzhavar Sandhai )","Indian Beans(Seam)","Indian Beans (Seam)",Local,26/07/2026,5000,5500,5250
"Tamil Nadu",Theni,"Bodinayakanur(Uzhavar Sandhai )",Brinjal,Round,Local,26/07/2026,4500,4500,4500
"Tamil Nadu",Theni,"Bodinayakanur(Uzhavar Sandhai )",Papaya,Papaya,Local,26/07/2026,3000,3000,3000
"Tamil Nadu",Theni,"Bodinayakanur(Uzhavar Sandhai )","Bhindi(Ladies Finger)",Bhindi,Local,26/07/2026,4000,4000,4000
"Tamil Nadu",Theni,"Bodinayakanur(Uzhavar Sandhai )","Green Chilli","Green Chilly",Local,26/07/2026,5000,5000,5000
"Tamil Nadu",Theni,"Bodinayakanur(Uzhavar Sandhai )",Cabbage,Cabbage,Local,26/07/2026,4000,4000,4000
"Tamil Nadu",Theni,"Bodinayakanur(Uzhavar Sandhai )",Mango(Raw-Ripe),"Mango - Raw-Ripe",Local,26/07/2026,3400,3400,3400
"Tamil Nadu",Theni,"Bodinayakanur(Uzhavar Sandhai )","Elephant Yam(Suran)/Amorphophallus","Elephant Yam (Suran)",Local,26/07/2026,4200,4200,4200
"Tamil Nadu",Theni,"Bodinayakanur(Uzhavar Sandhai )",Lemon,Lemon,Local,26/07/2026,5000,5000,5000
"Tamil Nadu",Theni,"Chinnamanur(Uzhavar Sandhai )",Soyabean,Local,Local,26/07/2026,10000,10000,10000
"Tamil Nadu",Theni,"Chinnamanur(Uzhavar Sandhai )",Tomato,Local,Local,26/07/2026,2000,2000,2000
"Tamil Nadu",Theni,"Chinnamanur(Uzhavar Sandhai )","Sweet Potato","Hosur Red",Local,26/07/2026,4500,4500,4500
"Tamil Nadu",Theni,"Chinnamanur(Uzhavar Sandhai )",Ridgeguard(Tori),Ridgeguard(Tori),Local,26/07/2026,4800,4800,4800
"Tamil Nadu",Theni,"Chinnamanur(Uzhavar Sandhai )",Mango(Raw-Ripe),"Mango - Raw-Ripe",Local,26/07/2026,4200,4200,4200
"Tamil Nadu",Theni,"Chinnamanur(Uzhavar Sandhai )",Lemon,Lemon,Local,26/07/2026,6000,6000,6000
"Tamil Nadu",Theni,"Chinnamanur(Uzhavar Sandhai )",Colacasia,Colacasia,Local,26/07/2026,4000,4000,4000
"Tamil Nadu",Theni,"Kambam(Uzhavar Sandhai )",Potato,"Red Nanital",Local,26/07/2026,2500,2500,2500
"Tamil Nadu",Theni,"Kambam(Uzhavar Sandhai )",Papaya,Papaya,Local,26/07/2026,3000,3000,3000
"Tamil Nadu",Theni,"Kambam(Uzhavar Sandhai )",Pumpkin,Pumpkin,Local,26/07/2026,1800,1800,1800
"Tamil Nadu",Theni,"Kambam(Uzhavar Sandhai )","Sweet Potato","Hosur Red",Local,26/07/2026,3000,3000,3000
"Tamil Nadu",Theni,"Kambam(Uzhavar Sandhai )",Ridgeguard(Tori),Ridgeguard(Tori),Local,26/07/2026,4800,4800,4800
"Tamil Nadu",Theni,"Kambam(Uzhavar Sandhai )","Knool Khol","Knool Khol",Local,26/07/2026,4800,5000,4900
"Tamil Nadu",Theni,"Kambam(Uzhavar Sandhai )","Elephant Yam(Suran)/Amorphophallus","Elephant Yam (Suran)",Local,26/07/2026,3800,3800,3800
"Tamil Nadu",Theni,"Kambam(Uzhavar Sandhai )","Onion Green","Onion Green",Local,26/07/2026,4500,5000,4750
"Tamil Nadu",Theni,"Theni(Uzhavar Sandhai )","Mousambi(Sweet Lime)",Mousambi,Local,26/07/2026,12000,12000,12000
"Tamil Nadu",Theni,"Theni(Uzhavar Sandhai )",Tomato,Local,Local,26/07/2026,1800,1800,1800
"Tamil Nadu",Theni,"Theni(Uzhavar Sandhai )","Green Chilli","Green Chilly",Local,26/07/2026,4000,5200,4600
"Tamil Nadu",Theni,"Theni(Uzhavar Sandhai )",Carrot,Pusakesar,Local,26/07/2026,8400,8400,8400
"Tamil Nadu",Theni,"Theni(Uzhavar Sandhai )","Karbuja(Musk Melon)",Karbhuja,Local,26/07/2026,6000,6000,6000
"Tamil Nadu",Theni,"Theni(Uzhavar Sandhai )",Mashrooms,Mashrooms,Local,26/07/2026,23000,23000,23000
"Tamil Nadu",Theni,"Theni(Uzhavar Sandhai )",Turnip,Turnip,Local,26/07/2026,8000,8000,8000
"Tamil Nadu",Theni,"Theni(Uzhavar Sandhai )","Custard Apple(Sharifa)","Custard Apple(Sharifa)",Local,26/07/2026,8000,8000,8000
"Tamil Nadu",Thirunelveli,"Kandiyaperi(Uzhavar Sandhai )",Coriander(Leaves),"I Sort",Local,26/07/2026,5500,6000,5750
"Tamil Nadu",Thirunelveli,"Kandiyaperi(Uzhavar Sandhai )",Tomato,Other,Local,26/07/2026,2000,2200,2100
"Tamil Nadu",Thirunelveli,"Kandiyaperi(Uzhavar Sandhai )","Bottle gourd","Bottle Gourd",Local,26/07/2026,800,1000,900
"Tamil Nadu",Thirunelveli,"Melapalayam(Uzhavar Sandhai )",Coriander(Leaves),"I Sort",Local,26/07/2026,5500,6000,5750
"Tamil Nadu",Thirunelveli,"Melapalayam(Uzhavar Sandhai )",Tomato,Other,Local,26/07/2026,2000,2200,2100
"Tamil Nadu",Thirunelveli,"Melapalayam(Uzhavar Sandhai )","Bottle gourd","Bottle Gourd",Local,26/07/2026,800,1000,900
"Tamil Nadu",Thirunelveli,"Melapalayam(Uzhavar Sandhai )",Ashgourd,Gouard,Local,26/07/2026,1400,1600,1500
"Tamil Nadu",Thirunelveli,"Melapalayam(Uzhavar Sandhai )","Green Chilli","Green Chilly",Local,26/07/2026,4000,4600,4300
"Tamil Nadu",Thirunelveli,"Melapalayam(Uzhavar Sandhai )",Beans,"Beans (Whole)",Local,26/07/2026,8400,8600,8500
"Tamil Nadu",Thirunelveli,"Melapalayam(Uzhavar Sandhai )",Ginger(Green),"Green Ginger",Local,26/07/2026,17000,17500,17250
"Tamil Nadu",Thirunelveli,"Melapalayam(Uzhavar Sandhai )","Onion Green","Onion Green",Local,26/07/2026,4500,6000,5250
"Tamil Nadu",Thirunelveli,"NGO Colony(Uzhavar Sandhai )",Cauliflower,Ranchi,Local,26/07/2026,4200,4400,4300
"Tamil Nadu",Thirunelveli,"NGO Colony(Uzhavar Sandhai )",Brinjal,Round,Local,26/07/2026,4000,7200,5600
"Tamil Nadu",Thirunelveli,"NGO Colony(Uzhavar Sandhai )","Green Chilli","Green Chilly",Local,26/07/2026,4000,4600,4300
"Tamil Nadu",Thirunelveli,"NGO Colony(Uzhavar Sandhai )",Beans,"Beans (Whole)",Local,26/07/2026,8400,8600,8500
"Tamil Nadu",Thirunelveli,"NGO Colony(Uzhavar Sandhai )",Raddish,Raddish,Local,26/07/2026,3500,4000,3750
"Tamil Nadu",Thirunelveli,"Palayamkottai(Uzhavar Sandhai )",Mango,Safeda,Local,26/07/2026,6000,8000,7000
"Tamil Nadu",Thirunelveli,"Palayamkottai(Uzhavar Sandhai )",Chikoos(Sapota),Sapota,Local,26/07/2026,4000,5000,4500
"Tamil Nadu",Thirunelveli,"Palayamkottai(Uzhavar Sandhai )",Tomato,Deshi,Local,26/07/2026,2000,2200,2100
"Tamil Nadu",Thirunelveli,"Palayamkottai(Uzhavar Sandhai )","Bottle gourd","Bottle Gourd",Local,26/07/2026,800,1000,900
"Tamil Nadu",Thirunelveli,"Palayamkottai(Uzhavar Sandhai )",Pumpkin,Pumpkin,Local,26/07/2026,1200,1400,1300
"Tamil Nadu",Thirunelveli,"Palayamkottai(Uzhavar Sandhai )","Bhindi(Ladies Finger)",Bhindi,Local,26/07/2026,3200,3500,3350
"Tamil Nadu",Thirunelveli,"Palayamkottai(Uzhavar Sandhai )",Carrot,Pusakesar,Local,26/07/2026,4600,8800,6700
"Tamil Nadu",Thirunelveli,"Palayamkottai(Uzhavar Sandhai )",Beetroot,Beetroot,Local,26/07/2026,4800,7400,6100
"Tamil Nadu",Thirunelveli,"Palayamkottai(Uzhavar Sandhai )","Green Avare(W)",Other,Local,26/07/2026,8000,8500,8250
"Tamil Nadu",Thirunelveli,"Palayamkottai(Uzhavar Sandhai )","Chow Chow","Chow Chow",Local,26/07/2026,3300,3500,3400
"Tamil Nadu",Thirunelveli,"Palayamkottai(Uzhavar Sandhai )",Lemon,Lemon,Local,26/07/2026,4000,5000,4500
"Tamil Nadu",Thirupur,"Kangayam(Uzhavar Sandhai )",Onion,Bellary,Local,26/07/2026,3200,3500,3350
"Tamil Nadu",Thirupur,"Kangayam(Uzhavar Sandhai )",Coriander(Leaves),"I Sort",Local,26/07/2026,3700,4000,3850
"Tamil Nadu",Thirupur,"Kangayam(Uzhavar Sandhai )",Ashgourd,Gouard,Local,26/07/2026,2500,3000,2750
"Tamil Nadu",Thirupur,"Kangayam(Uzhavar Sandhai )",Snakeguard,Snakeguard,Local,26/07/2026,4200,4500,4350
"Tamil Nadu",Thirupur,"Kangayam(Uzhavar Sandhai )",Beetroot,Beetroot,Local,26/07/2026,2500,2800,2650
"Tamil Nadu",Thirupur,"Kangayam(Uzhavar Sandhai )",Ridgeguard(Tori),Ridgeguard(Tori),Local,26/07/2026,5900,6200,6050
"Tamil Nadu",Thirupur,"Kangayam(Uzhavar Sandhai )",Raddish,Raddish,Local,26/07/2026,2900,3200,3050
"Tamil Nadu",Thirupur,"Kangayam(Uzhavar Sandhai )","Green Avare(W)","Green Avare (W)",Local,26/07/2026,7200,7500,7350
"Tamil Nadu",Thirupur,"Kangayam(Uzhavar Sandhai )",Drumstick,Drumstick,Local,26/07/2026,8700,9000,8850
"Tamil Nadu",Thirupur,"Kangayam(Uzhavar Sandhai )","Onion Green","Onion Green",Local,26/07/2026,4700,5000,4850
"Tamil Nadu",Thirupur,"Tiruppur (North) (Uzhavar Sandhai )",Brinjal,Other,Local,26/07/2026,3000,3500,3250
"Tamil Nadu",Thirupur,"Tiruppur (North) (Uzhavar Sandhai )",Coriander(Leaves),"I Sort",Local,26/07/2026,4000,5000,4500
"Tamil Nadu",Thirupur,"Tiruppur (North) (Uzhavar Sandhai )",Ashgourd,Gouard,Local,26/07/2026,1500,2000,1750
"Tamil Nadu",Thirupur,"Tiruppur (North) (Uzhavar Sandhai )",Pumpkin,Pumpkin,Local,26/07/2026,1200,1600,1400
"Tamil Nadu",Thirupur,"Tiruppur (North) (Uzhavar Sandhai )","Bhindi(Ladies Finger)",Bhindi,Local,26/07/2026,3500,4000,3750
"Tamil Nadu",Thirupur,"Tiruppur (North) (Uzhavar Sandhai )",Amaranthus,Amaranthus,Local,26/07/2026,2000,2600,2300
"Tamil Nadu",Thirupur,"Tiruppur (North) (Uzhavar Sandhai )",Thondekai,Thondekai,Local,26/07/2026,3000,4000,3500
"Tamil Nadu",Thirupur,"Tiruppur (North) (Uzhavar Sandhai )","Green Avare(W)",Other,Local,26/07/2026,6000,7000,6500
"Tamil Nadu",Thirupur,"Tiruppur (North) (Uzhavar Sandhai )",Yam(Ratalu),"Yam (Ratalu)",Local,26/07/2026,4500,5000,4750
"Tamil Nadu",Thirupur,"Tiruppur (South) (Uzhavar Sandhai )",Brinjal,Other,Local,26/07/2026,6000,7000,6500
"Tamil Nadu",Thirupur,"Tiruppur (South) (Uzhavar Sandhai )","Bitter gourd",Other,Local,26/07/2026,6000,7000,6500
"Tamil Nadu",Thirupur,"Tiruppur (South) (Uzhavar Sandhai )",Ashgourd,Gouard,Local,26/07/2026,1500,2000,1750
"Tamil Nadu",Thirupur,"Tiruppur (South) (Uzhavar Sandhai )","Bhindi(Ladies Finger)",Bhindi,Local,26/07/2026,4000,5000,4500
"Tamil Nadu",Thirupur,"Tiruppur (South) (Uzhavar Sandhai )",Cowpea(Veg),"Cowpea (Veg)",Local,26/07/2026,2500,3000,2750
"Tamil Nadu",Thirupur,"Tiruppur (South) (Uzhavar Sandhai )","Banana - Green","Banana - Green",Local,26/07/2026,2500,3000,2750
"Tamil Nadu",Thirupur,"Tiruppur (South) (Uzhavar Sandhai )",Ginger(Green),"Green Ginger",Local,26/07/2026,18000,20000,19000
"Tamil Nadu",Thirupur,"Tiruppur (South) (Uzhavar Sandhai )",Cabbage,Cabbage,Local,26/07/2026,2500,3000,2750
"Tamil Nadu",Thirupur,"Tiruppur (South) (Uzhavar Sandhai )",Ridgeguard(Tori),Ridgeguard(Tori),Local,26/07/2026,4000,5000,4500
"Tamil Nadu",Thirupur,"Tiruppur (South) (Uzhavar Sandhai )",Guava,"Guava Allahabad",Local,26/07/2026,4000,5000,4500
"Tamil Nadu",Thiruvannamalai,"Chengam(Uzhavar Sandhai )",Groundnut,"Big (With Shell)",Local,26/07/2026,7000,8000,7500
"Tamil Nadu",Thiruvannamalai,"Chengam(Uzhavar Sandhai )",Banana,Besrai,Local,26/07/2026,4200,5000,4600
"Tamil Nadu",Thiruvannamalai,"Chengam(Uzhavar Sandhai )",Papaya,Papaya,Local,26/07/2026,2500,3000,2750
"Tamil Nadu",Thiruvannamalai,"Chengam(Uzhavar Sandhai )",Tomato,Deshi,Local,26/07/2026,1600,2000,1800
"Tamil Nadu",Thiruvannamalai,"Chengam(Uzhavar Sandhai )","Cluster beans","Cluster Beans",Local,26/07/2026,3300,4000,3650
"Tamil Nadu",Thiruvannamalai,"Chengam(Uzhavar Sandhai )","Bhindi(Ladies Finger)",Bhindi,Local,26/07/2026,2500,3000,2750
"Tamil Nadu",Thiruvannamalai,"Chengam(Uzhavar Sandhai )","Green Chilli","Green Chilly",Local,26/07/2026,5000,6000,5500
"Tamil Nadu",Thiruvannamalai,"Chengam(Uzhavar Sandhai )",Cucumbar(Kheera),Cucumbar,Local,26/07/2026,6000,7200,6600
"Tamil Nadu",Thiruvannamalai,"Chengam(Uzhavar Sandhai )",Raddish,Raddish,Local,26/07/2026,2500,3000,2750
"Tamil Nadu",Thiruvannamalai,"Chengam(Uzhavar Sandhai )","Chow Chow","Chow Chow",Local,26/07/2026,3300,4000,3650
"Tamil Nadu",Thiruvannamalai,"Chengam(Uzhavar Sandhai )",Drumstick,Drumstick,Local,26/07/2026,5000,6000,5500
"Tamil Nadu",Thiruvannamalai,"Chengam(Uzhavar Sandhai )","Jack Fruit(Ripe)","Jack Fruit",Local,26/07/2026,1200,1500,1350
"Tamil Nadu",Thiruvannamalai,"Chengam(Uzhavar Sandhai )","Custard Apple(Sharifa)","Custard Apple(Sharifa)",Local,26/07/2026,4200,5000,4600
"Tamil Nadu",Thiruvannamalai,"Chengam(Uzhavar Sandhai )","Sweet Corn ","Sweet Corn ",Local,26/07/2026,1600,2000,1800
"Tamil Nadu",Thiruvannamalai,"Keelpennathur(Uzhavar Sandhai )",Apple,American,Local,26/07/2026,23000,24000,23500
"Tamil Nadu",Thiruvannamalai,"Keelpennathur(Uzhavar Sandhai )",Coconut,Coconut,Local,26/07/2026,5000,6000,5500
"Tamil Nadu",Thiruvannamalai,"Keelpennathur(Uzhavar Sandhai )","Green Avare(W)","Green Avare (W)",Local,26/07/2026,6000,7000,6500
"Tamil Nadu",Thiruvannamalai,"Keelpennathur(Uzhavar Sandhai )",Guava,"Guava Allahabad",Local,26/07/2026,5000,6000,5500
"Tamil Nadu",Thiruvannamalai,"Keelpennathur(Uzhavar Sandhai )","Elephant Yam(Suran)/Amorphophallus","Elephant Yam (Suran)",Local,26/07/2026,6000,7000,6500
"Tamil Nadu",Thiruvannamalai,"Keelpennathur(Uzhavar Sandhai )","Onion Green","Onion Green",Local,26/07/2026,7000,8000,7500
"Tamil Nadu",Thiruvannamalai,"Keelpennathur(Uzhavar Sandhai )",Rose(Local),"Rose (Local)",Local,26/07/2026,24000,25000,24500
"Tamil Nadu",Thiruvannamalai,"Tamarainagar(Uzhavar Sandhai )","Bitter gourd","Bitter Gourd",Local,26/07/2026,5000,6000,5500
"Tamil Nadu",Thiruvannamalai,"Tamarainagar(Uzhavar Sandhai )",Amaranthus,Amaranthus,Local,26/07/2026,5000,5800,5400
"Tamil Nadu",Thiruvannamalai,"Tamarainagar(Uzhavar Sandhai )","Sweet Potato","Hosur Red",Local,26/07/2026,3500,4000,3750
"Tamil Nadu",Thiruvannamalai,"Tamarainagar(Uzhavar Sandhai )",Snakeguard,Snakeguard,Local,26/07/2026,3500,4000,3750
"Tamil Nadu",Thiruvannamalai,"Tamarainagar(Uzhavar Sandhai )",Cucumbar(Kheera),Cucumbar,Local,26/07/2026,5000,6000,5500
"Tamil Nadu",Thiruvannamalai,"Tamarainagar(Uzhavar Sandhai )",Mango(Raw-Ripe),"Mango - Raw-Ripe",Local,26/07/2026,1500,1800,1650
"Tamil Nadu",Thiruvannamalai,"Tamarainagar(Uzhavar Sandhai )",Lime,Lime,Local,26/07/2026,4000,5000,4500
"Tamil Nadu",Thiruvannamalai,"Tamarainagar(Uzhavar Sandhai )","Elephant Yam(Suran)/Amorphophallus","Elephant Yam (Suran)",Local,26/07/2026,4500,5500,5000
"Tamil Nadu",Thiruvannamalai,"Tamarainagar(Uzhavar Sandhai )",Colacasia,Colacasia,Local,26/07/2026,3500,4000,3750
"Tamil Nadu",Thiruvannamalai,"Vandavasi(Uzhavar Sandhai )",Banana,Karpura,Local,26/07/2026,4000,5000,4500
"Tamil Nadu",Thiruvannamalai,"Vandavasi(Uzhavar Sandhai )",Brinjal,Other,Local,26/07/2026,5000,6000,5500
"Tamil Nadu",Thiruvannamalai,"Vandavasi(Uzhavar Sandhai )","Bottle gourd","Bottle Gourd",Local,26/07/2026,2000,2400,2200
"Tamil Nadu",Thiruvannamalai,"Vandavasi(Uzhavar Sandhai )",Pumpkin,Pumpkin,Local,26/07/2026,2500,3000,2750
"Tamil Nadu",Thiruvannamalai,"Vandavasi(Uzhavar Sandhai )",Amaranthus,Amaranthus,Local,26/07/2026,2500,3000,2750
"Tamil Nadu",Thiruvannamalai,"Vandavasi(Uzhavar Sandhai )",Carrot,Pusakesar,Local,26/07/2026,6000,7000,6500
"Tamil Nadu",Thiruvannamalai,"Vandavasi(Uzhavar Sandhai )",Beetroot,Beetroot,Local,26/07/2026,4000,4800,4400
"Tamil Nadu",Thiruvannamalai,"Vandavasi(Uzhavar Sandhai )",Thondekai,Thondekai,Local,26/07/2026,3500,4000,3750
"Tamil Nadu",Thiruvannamalai,"Vandavasi(Uzhavar Sandhai )",Drumstick,Drumstick,Local,26/07/2026,4000,5000,4500
"Tamil Nadu",Thiruvannamalai,"Vandavasi(Uzhavar Sandhai )",Lemon,Lemon,Local,26/07/2026,5000,6000,5500
"Tamil Nadu",Thiruvarur,"Muthupettai(Uzhavar Sandhai )","Green Chilli","Green Chilly",Local,26/07/2026,4500,4500,4500
"Tamil Nadu",Thiruvarur,"Muthupettai(Uzhavar Sandhai )",Snakeguard,Snakeguard,Local,26/07/2026,4000,4000,4000
"Tamil Nadu",Thiruvarur,"Muthupettai(Uzhavar Sandhai )",Mint(Pudina),Mint(Pudina),Local,26/07/2026,7000,7000,7000
Bihar,"East Champaran/ Motihari","Raxaul APMC",Potato,"Red Nanital","Grade A",26/07/2026,1300,1500,1400
Bihar,"East Champaran/ Motihari","Raxaul APMC","Pointed gourd(Parval)",Other,"Grade A",26/07/2026,1700,1900,1800
Bihar,"East Champaran/ Motihari","Raxaul APMC","Bitter gourd","Bitter Gourd","Grade A",26/07/2026,1200,1400,1300
Bihar,Sheikhpura,"Barbigha APMC",Wheat,"147 Average",FAQ,26/07/2026,2500,2600,2550
"Tamil Nadu",Thiruvarur,"Needamangalam(Uzhavar Sandhai )","Cluster beans","Cluster Beans",Local,26/07/2026,4200,4200,4200
"Tamil Nadu",Thiruvarur,"Tiruvarur(Uzhavar Sandhai )","Cluster beans","Cluster Beans",Local,26/07/2026,4500,4500,4500
"Tamil Nadu",Thiruvarur,"Tiruvarur(Uzhavar Sandhai )","Bottle gourd","Bottle Gourd",Local,26/07/2026,3000,3000,3000
"Tamil Nadu",Thiruvarur,"Tiruvarur(Uzhavar Sandhai )",Ashgourd,Gouard,Local,26/07/2026,2500,2500,2500
"Tamil Nadu",Thiruvarur,"Tiruvarur(Uzhavar Sandhai )","Green Chilli","Green Chilly",Local,26/07/2026,4000,4000,4000
"Tamil Nadu",Thiruvarur,"Tiruvarur(Uzhavar Sandhai )",Ridgeguard(Tori),Ridgeguard(Tori),Local,26/07/2026,4000,4000,4000
"Tamil Nadu",Thiruvarur,"Tiruvarur(Uzhavar Sandhai )",Mango(Raw-Ripe),"Mango - Raw-Ripe",Local,26/07/2026,2000,2000,2000
"Uttar Pradesh",Bareilly,"Bareilly APMC",Lemon,Other,FAQ,26/07/2026,4500,4500,4500
"Uttar Pradesh",Banda,"Banda APMC",Wheat,Other,FAQ,26/07/2026,2600,2600,2600
"Tamil Nadu",Villupuram,"Gingee(Uzhavar Sandhai )",Papaya,Papaya,Local,26/07/2026,5000,5000,5000
"Tamil Nadu",Villupuram,"Gingee(Uzhavar Sandhai )","Bhindi(Ladies Finger)",Bhindi,Local,26/07/2026,3500,3500,3500
"Tamil Nadu",Villupuram,"Gingee(Uzhavar Sandhai )",Snakeguard,Snakeguard,Local,26/07/2026,5000,5000,5000
"Tamil Nadu",Villupuram,"Gingee(Uzhavar Sandhai )",Cucumbar(Kheera),Cucumbar,Local,26/07/2026,4000,4000,4000
"Tamil Nadu",Villupuram,"Gingee(Uzhavar Sandhai )","Chow Chow","Chow Chow",Local,26/07/2026,5000,5000,5000
"Uttar Pradesh",Etawah,"Bharthna APMC",Potato,Other,FAQ,26/07/2026,500,500,500
"Uttar Pradesh",Fatehpur,"Bindki APMC",Wheat,Other,FAQ,26/07/2026,2400,2400,2400
"Tamil Nadu",Thiruvarur,"Valangaiman APMC",Pumpkin,Pumpkin,Local,26/07/2026,2400,2400,2400
"Tamil Nadu",Thiruvarur,"Valangaiman APMC",Coconut,Coconut,Local,26/07/2026,4000,4000,4000
"Tamil Nadu",Thiruvarur,"Valangaiman APMC","Green Avare(W)","Green Avare (W)",Local,26/07/2026,6000,6000,6000
"Tamil Nadu",Virudhunagar,"Aruppukottai(Uzhavar Sandhai )",Garlic,Garlic,Local,26/07/2026,21000,22000,21500
"Tamil Nadu",Virudhunagar,"Aruppukottai(Uzhavar Sandhai )",Mango,Safeda,Local,26/07/2026,5500,6000,5750
"Tamil Nadu",Virudhunagar,"Aruppukottai(Uzhavar Sandhai )",Cauliflower,Ranchi,Local,26/07/2026,3500,4000,3750
"Tamil Nadu",Virudhunagar,"Aruppukottai(Uzhavar Sandhai )",Brinjal,Round,Local,26/07/2026,4500,5000,4750
"Tamil Nadu",Virudhunagar,"Aruppukottai(Uzhavar Sandhai )","Banana - Green","Banana - Green",Local,26/07/2026,3000,3500,3250
"Tamil Nadu",Virudhunagar,"Aruppukottai(Uzhavar Sandhai )",Ridgeguard(Tori),Ridgeguard(Tori),Local,26/07/2026,6500,7000,6750
"Tamil Nadu",Virudhunagar,"Aruppukottai(Uzhavar Sandhai )",Raddish,Raddish,Local,26/07/2026,3000,3500,3250
"Tamil Nadu",Virudhunagar,"Aruppukottai(Uzhavar Sandhai )",Lime,Lime,Local,26/07/2026,17000,18000,17500
"Tamil Nadu",Virudhunagar,"Aruppukottai(Uzhavar Sandhai )",Yam(Ratalu),"Yam (Ratalu)",Local,26/07/2026,9000,10000,9500
"Tamil Nadu",Virudhunagar,"Kariyapatti(Uzhavar Sandhai )",Onion,Bellary,Local,26/07/2026,3500,4000,3750
"Tamil Nadu",Virudhunagar,"Kariyapatti(Uzhavar Sandhai )",Papaya,Papaya,Local,26/07/2026,3000,3200,3100
"Tamil Nadu",Virudhunagar,"Kariyapatti(Uzhavar Sandhai )","Cluster beans","Cluster Beans",Local,26/07/2026,3000,3500,3250
"Tamil Nadu",Virudhunagar,"Kariyapatti(Uzhavar Sandhai )",Ashgourd,Gouard,Local,26/07/2026,3500,4000,3750
"Tamil Nadu",Virudhunagar,"Kariyapatti(Uzhavar Sandhai )",Coconut,Coconut,Local,26/07/2026,5500,6000,5750
"Tamil Nadu",Virudhunagar,"Kariyapatti(Uzhavar Sandhai )",Cabbage,Cabbage,Local,26/07/2026,4500,5000,4750
"Tamil Nadu",Virudhunagar,"Kariyapatti(Uzhavar Sandhai )","Green Avare(W)","Green Avare (W)",Local,26/07/2026,7500,8000,7750
"Tamil Nadu",Virudhunagar,"Kariyapatti(Uzhavar Sandhai )","Onion Green","Onion Green",Local,26/07/2026,6500,7000,6750
"Tamil Nadu",Virudhunagar,"Kariyapatti(Uzhavar Sandhai )",Mint(Pudina),Mint(Pudina),Local,26/07/2026,6500,7000,6750
"Uttar Pradesh",Gonda,"Colonelganj APMC",Wheat,Dara,FAQ,26/07/2026,2450,2450,2450
"Tamil Nadu",Thiruvellore,"Tiruvallur(Uzhavar Sandhai )",Onion,Bellary,Local,26/07/2026,3500,3500,3500
"Madhya Pradesh",Dhar,"Manawar(F&V) APMC",Tomato,Tomato,"Grade B",26/07/2026,2400,3000,2500
"Madhya Pradesh",Dhar,"Manawar(F&V) APMC","Bhindi(Ladies Finger)",Bhindi,"Grade B",26/07/2026,1200,1350,1250
"Madhya Pradesh",Dhar,"Manawar(F&V) APMC","Cluster beans","Cluster Beans","Grade B",26/07/2026,2400,3000,2500
"Tamil Nadu",Vellore,"Katpadi (Uzhavar Sandhai )",Coriander(Leaves),"I Sort",Local,26/07/2026,5500,5500,5500
"Tamil Nadu",Vellore,"Katpadi (Uzhavar Sandhai )","Mousambi(Sweet Lime)",Mousambi,Local,26/07/2026,15000,15000,15000
"Tamil Nadu",Vellore,"Katpadi (Uzhavar Sandhai )",Tomato,Deshi,Local,26/07/2026,1500,2000,1750
"Tamil Nadu",Vellore,"Katpadi (Uzhavar Sandhai )",Ashgourd,Gouard,Local,26/07/2026,2500,2500,2500
"Tamil Nadu",Vellore,"Katpadi (Uzhavar Sandhai )","Bhindi(Ladies Finger)",Bhindi,Local,26/07/2026,4000,4000,4000
"Tamil Nadu",Vellore,"Katpadi (Uzhavar Sandhai )",Coconut,Coconut,Local,26/07/2026,3000,3500,3250
"Tamil Nadu",Vellore,"Katpadi (Uzhavar Sandhai )",Beetroot,Beetroot,Local,26/07/2026,4000,4000,4000
"Tamil Nadu",Vellore,"Katpadi (Uzhavar Sandhai )","Green Avare(W)","Green Avare (W)",Local,26/07/2026,5000,5000,5000
"Tamil Nadu",Vellore,"Katpadi (Uzhavar Sandhai )",Guava,"Guava Allahabad",Local,26/07/2026,4500,5000,4750
"Tamil Nadu",Vellore,"Katpadi (Uzhavar Sandhai )","Elephant Yam(Suran)/Amorphophallus","Elephant Yam (Suran)",Local,26/07/2026,5500,5500,5500
"Tamil Nadu",Vellore,"Katpadi (Uzhavar Sandhai )","Indian Beans(Seam)","Indian Beans (Seam)",Local,26/07/2026,6500,6500,6500
"Andhra Pradesh",Kakinada,"Peddapuram APMC",Paddy(Common),1001,FAQ,26/07/2026,2369,2400,2369
"Tamil Nadu",Madurai,"Thirumangalam(Uzhavar Sandhai )",Mango,Safeda,Local,26/07/2026,6000,7000,6500
"Tamil Nadu",Madurai,"Thirumangalam(Uzhavar Sandhai )",Brinjal,Round,Local,26/07/2026,5000,5500,5250
"Tamil Nadu",Madurai,"Thirumangalam(Uzhavar Sandhai )",Tomato,Deshi,Local,26/07/2026,2000,2400,2200
"Tamil Nadu",Madurai,"Thirumangalam(Uzhavar Sandhai )","Bitter gourd","Bitter Gourd",Local,26/07/2026,5000,6000,5500
"Tamil Nadu",Madurai,"Thirumangalam(Uzhavar Sandhai )","Bhindi(Ladies Finger)",Bhindi,Local,26/07/2026,3000,3600,3300
"Tamil Nadu",Madurai,"Thirumangalam(Uzhavar Sandhai )","Elephant Yam(Suran)/Amorphophallus","Elephant Yam (Suran)",Local,26/07/2026,4000,4500,4250
"Tamil Nadu",Madurai,"Thirumangalam(Uzhavar Sandhai )","Amla(Nelli Kai)",Amla,Local,26/07/2026,6000,6500,6250
"Tamil Nadu",Madurai,"Melur(Uzhavar Sandhai )",Brinjal,Round,Local,26/07/2026,4500,5000,4750
"Tamil Nadu",Madurai,"Melur(Uzhavar Sandhai )",Chikoos(Sapota),Sapota,Local,26/07/2026,4000,6000,5000
"Tamil Nadu",Madurai,"Melur(Uzhavar Sandhai )",Tomato,Deshi,Local,26/07/2026,2000,2400,2200
"Tamil Nadu",Madurai,"Melur(Uzhavar Sandhai )","Bottle gourd","Bottle Gourd",Local,26/07/2026,2400,2800,2600
"Tamil Nadu",Madurai,"Melur(Uzhavar Sandhai )","Green Chilli","Green Chilly",Local,26/07/2026,5000,5600,5300
"Tamil Nadu",Madurai,"Melur(Uzhavar Sandhai )",Cowpea(Veg),"Cowpea (Veg)",Local,26/07/2026,3500,4000,3750
"Tamil Nadu",Madurai,"Melur(Uzhavar Sandhai )",Snakeguard,Snakeguard,Local,26/07/2026,3800,4000,3900
"Tamil Nadu",Salem,"Vazhapadi(Uzhavar Sandhai)",Potato,"Red Nanital",Local,26/07/2026,3000,3400,3200
"Tamil Nadu",Salem,"Vazhapadi(Uzhavar Sandhai)",Banana,"Red Banana",Local,26/07/2026,7000,8000,7500
"Tamil Nadu",Salem,"Vazhapadi(Uzhavar Sandhai)","Water Melon","Water Melon",Local,26/07/2026,2000,2000,2000
"Tamil Nadu",Salem,"Vazhapadi(Uzhavar Sandhai)","Green Chilli","Green Chilly",Local,26/07/2026,5000,5500,5250
"Tamil Nadu",Salem,"Vazhapadi(Uzhavar Sandhai)","Jack Fruit(Ripe)","Jack Fruit",Local,26/07/2026,2500,2500,2500
"Tamil Nadu",Salem,"Vazhapadi(Uzhavar Sandhai)",Guava,"Guava Allahabad",Local,26/07/2026,5000,5000,5000
"Tamil Nadu",Salem,"Vazhapadi(Uzhavar Sandhai)",Jasmine,Jasmine,Local,26/07/2026,45000,45000,45000
"Tamil Nadu",Karur,"Gandhigramam(Uzhavar Sandhai)",Brinjal,Other,Local,26/07/2026,4000,4500,4250
"Tamil Nadu",Karur,"Gandhigramam(Uzhavar Sandhai)","Cluster beans","Cluster Beans",Local,26/07/2026,3500,4000,3750
"Tamil Nadu",Karur,"Gandhigramam(Uzhavar Sandhai)","Bottle gourd","Bottle Gourd",Local,26/07/2026,2000,2500,2250
"Tamil Nadu",Karur,"Gandhigramam(Uzhavar Sandhai)","Bhindi(Ladies Finger)",Bhindi,Local,26/07/2026,3500,4000,3750
"Tamil Nadu",Karur,"Gandhigramam(Uzhavar Sandhai)","Green Chilli","Green Chilly",Local,26/07/2026,4500,5500,5000
"Tamil Nadu",Karur,"Gandhigramam(Uzhavar Sandhai)","Banana - Green","Banana - Green",Local,26/07/2026,2000,3000,2500
"Tamil Nadu",Karur,"Gandhigramam(Uzhavar Sandhai)",Coconut,Coconut,Local,26/07/2026,5000,5500,5250
"Tamil Nadu",Karur,"Gandhigramam(Uzhavar Sandhai)",Carrot,Pusakesar,Local,26/07/2026,9500,10000,9750
"Tamil Nadu",Pudukkottai,"Aranthangi(Uzhavar Sandhai )",Tomato,Other,Local,26/07/2026,2000,2500,2250
"Tamil Nadu",Pudukkottai,"Aranthangi(Uzhavar Sandhai )","Bitter gourd",Other,Local,26/07/2026,8000,9000,8500
"Tamil Nadu",Pudukkottai,"Aranthangi(Uzhavar Sandhai )",Pumpkin,Pumpkin,Local,26/07/2026,1000,1500,1250
"Tamil Nadu",Coimbatore,"Sulur(Uzhavar Sandhai )",Brinjal,Round,Local,26/07/2026,5000,6000,5500
"Tamil Nadu",Coimbatore,"Sulur(Uzhavar Sandhai )",Tomato,Deshi,Local,26/07/2026,1600,1800,1700
"Tamil Nadu",Coimbatore,"Sulur(Uzhavar Sandhai )",Ashgourd,Gouard,Local,26/07/2026,1800,2000,1900
"Tamil Nadu",Coimbatore,"Sulur(Uzhavar Sandhai )","Green Chilli","Green Chilly",Local,26/07/2026,4500,5000,4750
"Tamil Nadu",Coimbatore,"Sulur(Uzhavar Sandhai )",Beetroot,Beetroot,Local,26/07/2026,5000,10000,7500
"Tamil Nadu",Coimbatore,"Sulur(Uzhavar Sandhai )",Capsicum,Capsicum,Local,26/07/2026,8000,9000,8500
"Tamil Nadu",Coimbatore,"Sulur(Uzhavar Sandhai )",Guava,"Guava Allahabad",Local,26/07/2026,5500,6000,5750
"Tamil Nadu",Coimbatore,"Sulur(Uzhavar Sandhai )","Elephant Yam(Suran)/Amorphophallus","Elephant Yam (Suran)",Local,26/07/2026,3500,4000,3750
"Tamil Nadu",Pudukkottai,"Gandarvakottai(Uzhavar Sandhai )",Onion,Bellary,Local,26/07/2026,4500,5000,4750
"Tamil Nadu",Pudukkottai,"Gandarvakottai(Uzhavar Sandhai )",Banana,Other,Local,26/07/2026,5000,6000,5500
"Tamil Nadu",Pudukkottai,"Gandarvakottai(Uzhavar Sandhai )",Mango,Other,Local,26/07/2026,4500,5000,4750
"Tamil Nadu",Pudukkottai,"Gandarvakottai(Uzhavar Sandhai )",Papaya,Papaya,Local,26/07/2026,2500,3000,2750
"Tamil Nadu",Pudukkottai,"Gandarvakottai(Uzhavar Sandhai )","Bitter gourd","Bitter Gourd",Local,26/07/2026,7000,8000,7500
"Tamil Nadu",Pudukkottai,"Gandarvakottai(Uzhavar Sandhai )","Bottle gourd","Bottle Gourd",Local,26/07/2026,1500,2000,1750
"Tamil Nadu",Pudukkottai,"Gandarvakottai(Uzhavar Sandhai )","Green Chilli","Green Chilly",Local,26/07/2026,4000,4500,4250
"Tamil Nadu",Pudukkottai,"Gandarvakottai(Uzhavar Sandhai )",Ridgeguard(Tori),Ridgeguard(Tori),Local,26/07/2026,5000,6000,5500
"Tamil Nadu",Pudukkottai,"Gandarvakottai(Uzhavar Sandhai )",Drumstick,Drumstick,Local,26/07/2026,5000,6000,5500
"Tamil Nadu",Pudukkottai,"Gandarvakottai(Uzhavar Sandhai )",Lemon,Lemon,Local,26/07/2026,3500,7000,5250
"Tamil Nadu",Cuddalore,"Panruti(Uzhavar Sandhai )",Potato,"Red Nanital",Local,26/07/2026,4000,4000,4000
"Tamil Nadu",Cuddalore,"Panruti(Uzhavar Sandhai )",Banana,Besrai,Local,26/07/2026,4000,7000,5500
"Tamil Nadu",Cuddalore,"Panruti(Uzhavar Sandhai )",Cauliflower,Ranchi,Local,26/07/2026,4000,4000,4000
"Tamil Nadu",Cuddalore,"Panruti(Uzhavar Sandhai )",Tomato,Deshi,Local,26/07/2026,2000,2000,2000
"Tamil Nadu",Cuddalore,"Panruti(Uzhavar Sandhai )",Ashgourd,Gouard,Local,26/07/2026,3500,3500,3500
"Tamil Nadu",Cuddalore,"Panruti(Uzhavar Sandhai )","Bhindi(Ladies Finger)",Bhindi,Local,26/07/2026,3500,3500,3500
"Tamil Nadu",Cuddalore,"Panruti(Uzhavar Sandhai )",Amaranthus,Amaranthus,Local,26/07/2026,2000,2000,2000
"Tamil Nadu",Cuddalore,"Panruti(Uzhavar Sandhai )","Banana - Green","Banana - Green",Local,26/07/2026,2500,2500,2500
"Tamil Nadu",Cuddalore,"Panruti(Uzhavar Sandhai )",Mango(Raw-Ripe),"Mango - Raw-Ripe",Local,26/07/2026,3000,3000,3000
"Tamil Nadu",Cuddalore,"Panruti(Uzhavar Sandhai )",Lemon,Lemon,Local,26/07/2026,6000,6000,6000
"Tamil Nadu",Cuddalore,"Vadalur(Uzhavar Sandhai )",Coriander(Leaves),"I Sort",Local,26/07/2026,6000,6000,6000
"Tamil Nadu",Cuddalore,"Vadalur(Uzhavar Sandhai )","Cluster beans","Cluster Beans",Local,26/07/2026,5000,5000,5000
"Tamil Nadu",Cuddalore,"Vadalur(Uzhavar Sandhai )","Banana - Green","Banana - Green",Local,26/07/2026,3000,3000,3000
"Tamil Nadu",Cuddalore,"Vadalur(Uzhavar Sandhai )",Ginger(Green),"Green Ginger",Local,26/07/2026,12000,12000,12000
"Tamil Nadu",Cuddalore,"Vadalur(Uzhavar Sandhai )",Beetroot,Beetroot,Local,26/07/2026,5000,5000,5000
"Tamil Nadu",Cuddalore,"Vadalur(Uzhavar Sandhai )",Thondekai,Thondekai,Local,26/07/2026,5000,5000,5000
"Tamil Nadu",Cuddalore,"Vadalur(Uzhavar Sandhai )","Tender Coconut","Tender Coconut",Local,26/07/2026,2500,3000,2750
"Tamil Nadu",Cuddalore,"Vadalur(Uzhavar Sandhai )",Yam(Ratalu),"Yam (Ratalu)",Local,26/07/2026,6000,6000,6000
"Tamil Nadu",Cuddalore,"Vadalur(Uzhavar Sandhai )",Lemon,Lemon,Local,26/07/2026,5000,5000,5000
"Tamil Nadu",Cuddalore,"Vadalur(Uzhavar Sandhai )","Onion Green","Onion Green",Local,26/07/2026,6000,6000,6000
"Tamil Nadu",Cuddalore,"Vadalur(Uzhavar Sandhai )",Mint(Pudina),Mint(Pudina),Local,26/07/2026,5000,5000,5000
"Tamil Nadu",Dharmapuri,"AJattihalli(Uzhavar Sandhai )",Onion,Bellary,Local,26/07/2026,3000,3800,3400
"Tamil Nadu",Dharmapuri,"AJattihalli(Uzhavar Sandhai )",Cauliflower,Ranchi,Local,26/07/2026,3500,3500,3500
"Tamil Nadu",Dharmapuri,"AJattihalli(Uzhavar Sandhai )",Tomato,Deshi,Local,26/07/2026,1200,1600,1400
"Tamil Nadu",Dharmapuri,"AJattihalli(Uzhavar Sandhai )","Bhindi(Ladies Finger)",Bhindi,Local,26/07/2026,1800,1800,1800
"Tamil Nadu",Dharmapuri,"AJattihalli(Uzhavar Sandhai )",Thondekai,Thondekai,Local,26/07/2026,4800,4800,4800
"Tamil Nadu",Dharmapuri,"AJattihalli(Uzhavar Sandhai )",Drumstick,Drumstick,Local,26/07/2026,6000,7000,6500
"Tamil Nadu",Dharmapuri,"AJattihalli(Uzhavar Sandhai )","Knool Khol","Knool Khol",Local,26/07/2026,6000,6000,6000
"Tamil Nadu",Dharmapuri,"AJattihalli(Uzhavar Sandhai )",Lime,Lime,Local,26/07/2026,6000,6000,6000
"Tamil Nadu",Nagapattinam,"Vedaranyam(Uzhavar Sandhai)",Onion,Bellary,Local,26/07/2026,3400,3600,3500
"Tamil Nadu",Nagapattinam,"Vedaranyam(Uzhavar Sandhai)",Banana,Besrai,Local,26/07/2026,3800,4000,3900
"Tamil Nadu",Nagapattinam,"Vedaranyam(Uzhavar Sandhai)",Tomato,Deshi,Local,26/07/2026,3200,3500,3350
"Tamil Nadu",Nagapattinam,"Vedaranyam(Uzhavar Sandhai)","Bitter gourd","Bitter Gourd",Local,26/07/2026,4000,4200,4100
"Tamil Nadu",Nagapattinam,"Vedaranyam(Uzhavar Sandhai)","Banana - Green","Banana - Green",Local,26/07/2026,1800,2000,1900
"Tamil Nadu",Nagapattinam,"Vedaranyam(Uzhavar Sandhai)",Cabbage,Cabbage,Local,26/07/2026,3200,3500,3350
"Tamil Nadu",Nagapattinam,"Vedaranyam(Uzhavar Sandhai)",Raddish,Raddish,Local,26/07/2026,2800,3000,2900
"Tamil Nadu",Nagapattinam,"Vedaranyam(Uzhavar Sandhai)",Mango(Raw-Ripe),"Mango - Raw-Ripe",Local,26/07/2026,4000,4200,4100
"Tamil Nadu",Vellore,"Perampet(Uzhavar Sandhai)",Potato,"Red Nanital",Local,26/07/2026,3000,3000,3000
"Tamil Nadu",Vellore,"Perampet(Uzhavar Sandhai)",Coriander(Leaves),"I Sort",Local,26/07/2026,5000,5000,5000
"Tamil Nadu",Vellore,"Perampet(Uzhavar Sandhai)","Bhindi(Ladies Finger)",Bhindi,Local,26/07/2026,3000,3000,3000
"Tamil Nadu",Vellore,"Perampet(Uzhavar Sandhai)","Green Chilli","Green Chilly",Local,26/07/2026,5000,5000,5000
"Tamil Nadu",Vellore,"Perampet(Uzhavar Sandhai)",Beans,"Beans (Whole)",Local,26/07/2026,6000,6000,6000
"Tamil Nadu",Vellore,"Perampet(Uzhavar Sandhai)",Cabbage,Cabbage,Local,26/07/2026,4000,4600,4300
"Tamil Nadu",Vellore,"Perampet(Uzhavar Sandhai)",Ridgeguard(Tori),Ridgeguard(Tori),Local,26/07/2026,4000,4000,4000
"Tamil Nadu",Vellore,"Perampet(Uzhavar Sandhai)","Chow Chow","Chow Chow",Local,26/07/2026,4000,4600,4300
"Tamil Nadu",Vellore,"Perampet(Uzhavar Sandhai)",Mango(Raw-Ripe),"Mango - Raw-Ripe",Local,26/07/2026,1500,2000,1750
"Tamil Nadu",Vellore,"Perampet(Uzhavar Sandhai)",Lemon,Lemon,Local,26/07/2026,5000,5000,5000
"Tamil Nadu",Vellore,"Perampet(Uzhavar Sandhai)","Sweet Corn ","Sweet Corn ",Local,26/07/2026,3000,3000,3000
"Tamil Nadu",Thanjavur,"Peravurani(Uzhavar Sandhai)","Cluster beans","Cluster Beans",Local,26/07/2026,5000,5000,5000
"Tamil Nadu",Thanjavur,"Peravurani(Uzhavar Sandhai)","Bitter gourd","Bitter Gourd",Local,26/07/2026,4500,4500,4500
"Tamil Nadu",Thanjavur,"Peravurani(Uzhavar Sandhai)","Banana - Green","Banana - Green",Local,26/07/2026,3000,3000,3000
"Tamil Nadu",Thanjavur,"Peravurani(Uzhavar Sandhai)",Beans,"Beans (Whole)",Local,26/07/2026,9000,9000,9000
"Tamil Nadu",Thanjavur,"Peravurani(Uzhavar Sandhai)","Green Avare(W)","Green Avare (W)",Local,26/07/2026,7000,7000,7000
"Tamil Nadu",Thanjavur,"Peravurani(Uzhavar Sandhai)",Mango(Raw-Ripe),"Mango - Raw-Ripe",Local,26/07/2026,3000,3000,3000
Maharashtra,Pune,"Pune(Pimpri) APMC","Bhindi(Ladies Finger)",Other,Local,26/07/2026,2500,3000,2750
Maharashtra,Pune,"Pune(Pimpri) APMC",Guar,Other,Local,26/07/2026,5500,5500,5500
"Tamil Nadu",Karur,"Kulithalai(Uzhavar Sandhai )",Mango,Neelam,Local,26/07/2026,5000,6000,5500
"Tamil Nadu",Karur,"Kulithalai(Uzhavar Sandhai )","Cluster beans","Cluster Beans",Local,26/07/2026,3600,4000,3800
"Tamil Nadu",Karur,"Kulithalai(Uzhavar Sandhai )",Pumpkin,Pumpkin,Local,26/07/2026,2500,3000,2750
"Tamil Nadu",Karur,"Kulithalai(Uzhavar Sandhai )","Bhindi(Ladies Finger)",Bhindi,Local,26/07/2026,3600,4000,3800
"Tamil Nadu",Karur,"Kulithalai(Uzhavar Sandhai )",Beans,"Beans (Whole)",Local,26/07/2026,6000,7000,6500
"Tamil Nadu",Karur,"Kulithalai(Uzhavar Sandhai )",Beetroot,Beetroot,Local,26/07/2026,4400,5000,4700
"Tamil Nadu",Karur,"Kulithalai(Uzhavar Sandhai )","Green Avare(W)",Other,Local,26/07/2026,7000,8000,7500
"Tamil Nadu",Karur,"Kulithalai(Uzhavar Sandhai )",Mango(Raw-Ripe),"Mango - Raw-Ripe",Local,26/07/2026,2500,3000,2750
"Tamil Nadu",Karur,"Kulithalai(Uzhavar Sandhai )","Knool Khol","Knool Khol",Local,26/07/2026,4500,5000,4750
"Tamil Nadu",Karur,"Kulithalai(Uzhavar Sandhai )",Colacasia,Colacasia,Local,26/07/2026,5500,6000,5750
"Tamil Nadu",Karur,"Kulithalai(Uzhavar Sandhai )",Mint(Pudina),Mint(Pudina),Local,26/07/2026,6500,7000,6750
"Tamil Nadu",Karur,"Kulithalai(Uzhavar Sandhai )","Sweet Corn ","Sweet Corn ",Local,26/07/2026,4500,5000,4750
"Tamil Nadu",Karur,"Pallapatti (Uzhavar Sandhai )",Mango,Safeda,Local,26/07/2026,4500,5000,4750
"Tamil Nadu",Karur,"Pallapatti (Uzhavar Sandhai )",Brinjal,Other,Local,26/07/2026,6500,7000,6750
"Tamil Nadu",Karur,"Pallapatti (Uzhavar Sandhai )","Bhindi(Ladies Finger)",Bhindi,Local,26/07/2026,4000,4500,4250
"Tamil Nadu",Karur,"Pallapatti (Uzhavar Sandhai )",Ridgeguard(Tori),Ridgeguard(Tori),Local,26/07/2026,6500,7000,6750
"Tamil Nadu",Karur,"Pallapatti (Uzhavar Sandhai )",Drumstick,Drumstick,Local,26/07/2026,4000,4500,4250
"Tamil Nadu",Karur,"Pallapatti (Uzhavar Sandhai )","Baby Corn","Baby Corn","Grade A",26/07/2026,3600,4000,3800
"Tamil Nadu",Karur,"Velayuthampalayam(Uzhavar Sandhai )",Tomato,Other,Local,26/07/2026,1600,2000,1800
"Tamil Nadu",Karur,"Velayuthampalayam(Uzhavar Sandhai )","Bitter gourd","Bitter Gourd",Local,26/07/2026,5200,6000,5600
"Tamil Nadu",Karur,"Velayuthampalayam(Uzhavar Sandhai )",Ashgourd,Gouard,Local,26/07/2026,2200,2800,2500
"Tamil Nadu",Karur,"Velayuthampalayam(Uzhavar Sandhai )",Lemon,Lemon,Local,26/07/2026,7000,8000,7500
"Tamil Nadu",Karur,"Velayuthampalayam(Uzhavar Sandhai )",Mint(Pudina),Mint(Pudina),Local,26/07/2026,6000,7000,6500
"Tamil Nadu",Karur,"Vengamedu(Uzhavar Sandhai )",Coriander(Leaves),"I Sort",Local,26/07/2026,7500,8000,7750
"Tamil Nadu",Karur,"Vengamedu(Uzhavar Sandhai )","Bhindi(Ladies Finger)",Bhindi,Local,26/07/2026,3500,4000,3750
"Tamil Nadu",Karur,"Vengamedu(Uzhavar Sandhai )","Banana - Green","Banana - Green",Local,26/07/2026,2500,3000,2750
"Tamil Nadu",Karur,"Vengamedu(Uzhavar Sandhai )",Ridgeguard(Tori),Ridgeguard(Tori),Local,26/07/2026,5500,6000,5750
"Tamil Nadu",Karur,"Vengamedu(Uzhavar Sandhai )","Elephant Yam(Suran)/Amorphophallus","Elephant Yam (Suran)",Local,26/07/2026,4500,5000,4750
"Tamil Nadu",Theni,"Devaram(Uzhavar Sandhai )",Cauliflower,Ranchi,Local,26/07/2026,3500,3500,3500
"Tamil Nadu",Theni,"Devaram(Uzhavar Sandhai )",Banana,Besrai,Local,26/07/2026,6000,6000,6000
"Tamil Nadu",Theni,"Devaram(Uzhavar Sandhai )",Coriander(Leaves),"I Sort",Local,26/07/2026,5400,5400,5400
"Tamil Nadu",Theni,"Devaram(Uzhavar Sandhai )",Amaranthus,Amaranthus,Local,26/07/2026,2500,2500,2500
"Tamil Nadu",Theni,"Devaram(Uzhavar Sandhai )","Sweet Potato","Hosur Red",Local,26/07/2026,3000,3000,3000
"Tamil Nadu",Theni,"Devaram(Uzhavar Sandhai )",Ridgeguard(Tori),Ridgeguard(Tori),Local,26/07/2026,5000,5000,5000
"Tamil Nadu",Theni,"Devaram(Uzhavar Sandhai )","Indian Beans(Seam)","Indian Beans (Seam)",Local,26/07/2026,5000,5000,5000
"Tamil Nadu",Theni,"Devaram(Uzhavar Sandhai )",Lemon,Lemon,Local,26/07/2026,4500,4500,4500
"Tamil Nadu",Salem,"Attayampatti(Uzhavar Sandhai )",Papaya,Papaya,Local,26/07/2026,3000,3000,3000
"Tamil Nadu",Salem,"Attayampatti(Uzhavar Sandhai )",Tomato,Deshi,Local,26/07/2026,1800,2000,1900
"Tamil Nadu",Salem,"Attayampatti(Uzhavar Sandhai )",Tapioca,Tapioca,Local,26/07/2026,3000,3000,3000
"Tamil Nadu",Salem,"Attayampatti(Uzhavar Sandhai )",Coconut,Coconut,Local,26/07/2026,5500,5800,5650
"Tamil Nadu",Salem,"Attayampatti(Uzhavar Sandhai )",Raddish,Raddish,Local,26/07/2026,3400,3800,3600
"Tamil Nadu",Salem,"Attayampatti(Uzhavar Sandhai )",Mint(Pudina),Mint(Pudina),Local,26/07/2026,4000,5000,4500
"Tamil Nadu",Sivaganga,"Sivagangai (Uzhavar Sandhai )","Bottle gourd","Bottle Gourd",Local,26/07/2026,3000,3400,3200
"Tamil Nadu",Sivaganga,"Sivagangai (Uzhavar Sandhai )",Pumpkin,Pumpkin,Local,26/07/2026,2200,2600,2400
"Tamil Nadu",Sivaganga,"Sivagangai (Uzhavar Sandhai )","Bhindi(Ladies Finger)",Bhindi,Local,26/07/2026,3200,3800,3500
"Tamil Nadu",Sivaganga,"Sivagangai (Uzhavar Sandhai )",Beetroot,Beetroot,Local,26/07/2026,5200,5600,5400
"Tamil Nadu",Sivaganga,"Sivagangai (Uzhavar Sandhai )",Raddish,Raddish,Local,26/07/2026,3200,3600,3400
"Tamil Nadu",Sivaganga,"Sivagangai (Uzhavar Sandhai )",Mango(Raw-Ripe),"Mango - Raw-Ripe",Local,26/07/2026,2200,3600,2900
"Tamil Nadu",Sivaganga,"Sivagangai (Uzhavar Sandhai )",Guava,"Guava Allahabad",Local,26/07/2026,7200,8200,7700
"Tamil Nadu",Sivaganga,"Sivagangai (Uzhavar Sandhai )","Onion Green","Onion Green",Local,26/07/2026,5600,6200,5900
"Tamil Nadu",Sivaganga,"Devakottai (Uzhavar Sandhai )",Cauliflower,Ranchi,Local,26/07/2026,3000,3200,3100
"Tamil Nadu",Sivaganga,"Devakottai (Uzhavar Sandhai )",Chikoos(Sapota),Sapota,Local,26/07/2026,4400,6200,5300
"Tamil Nadu",Sivaganga,"Devakottai (Uzhavar Sandhai )",Pumpkin,Pumpkin,Local,26/07/2026,2200,2600,2400
"Tamil Nadu",Sivaganga,"Devakottai (Uzhavar Sandhai )",Cabbage,Cabbage,Local,26/07/2026,3500,4000,3750
"Tamil Nadu",Sivaganga,"Devakottai (Uzhavar Sandhai )",Ridgeguard(Tori),Ridgeguard(Tori),Local,26/07/2026,4000,4400,4200
"Tamil Nadu",Sivaganga,"Devakottai (Uzhavar Sandhai )",Mango(Raw-Ripe),"Mango - Raw-Ripe",Local,26/07/2026,3000,3500,3250
"Tamil Nadu",Sivaganga,"Devakottai (Uzhavar Sandhai )",Mint(Pudina),Mint(Pudina),Local,26/07/2026,6000,6200,6100
"Tamil Nadu",Salem,"Edapadi (Uzhavar Sandhai )",Brinjal,Other,Local,26/07/2026,4000,4500,4250
"Tamil Nadu",Salem,"Edapadi (Uzhavar Sandhai )",Tomato,Other,Local,26/07/2026,1800,2000,1900
"Tamil Nadu",Salem,"Edapadi (Uzhavar Sandhai )","Cluster beans","Cluster Beans",Local,26/07/2026,3500,4000,3750
"Tamil Nadu",Salem,"Edapadi (Uzhavar Sandhai )",Ashgourd,Gouard,Local,26/07/2026,2200,2400,2300
"Tamil Nadu",Salem,"Edapadi (Uzhavar Sandhai )","Knool Khol","Knool Khol",Local,26/07/2026,5000,5500,5250
"Tamil Nadu",Salem,"Edapadi (Uzhavar Sandhai )","Amla(Nelli Kai)",Amla,Local,26/07/2026,7500,8000,7750
"Tamil Nadu",Salem,"Edapadi (Uzhavar Sandhai )",Mint(Pudina),Mint(Pudina),Local,26/07/2026,4000,4500,4250
"Tamil Nadu",Salem,"Elampillai(Uzhavar Sandhai )",Cauliflower,Ranchi,Local,26/07/2026,2500,3000,2750
"Tamil Nadu",Salem,"Elampillai(Uzhavar Sandhai )",Potato,Other,Local,26/07/2026,2500,3000,2750
"Tamil Nadu",Salem,"Elampillai(Uzhavar Sandhai )",Garlic,Garlic,Local,26/07/2026,23000,24000,23500
"Tamil Nadu",Salem,"Elampillai(Uzhavar Sandhai )",Coriander(Leaves),"I Sort",Local,26/07/2026,5000,6000,5500
"Tamil Nadu",Salem,"Elampillai(Uzhavar Sandhai )","Bitter gourd",Other,Local,26/07/2026,5500,6000,5750
"Tamil Nadu",Salem,"Elampillai(Uzhavar Sandhai )",Ashgourd,Gouard,Local,26/07/2026,2000,2200,2100
"Tamil Nadu",Salem,"Elampillai(Uzhavar Sandhai )","Sweet Potato","Hosur Red",Local,26/07/2026,3500,4000,3750
"Tamil Nadu",Salem,"Elampillai(Uzhavar Sandhai )",Snakeguard,Snakeguard,Local,26/07/2026,3600,3800,3700
"Tamil Nadu",Salem,"Elampillai(Uzhavar Sandhai )",Ridgeguard(Tori),Ridgeguard(Tori),Local,26/07/2026,4000,5000,4500
"Tamil Nadu",Salem,"Elampillai(Uzhavar Sandhai )",Thondekai,Thondekai,Local,26/07/2026,4500,5000,4750
"Tamil Nadu",Salem,"Elampillai(Uzhavar Sandhai )","Green Avare(W)",Other,Local,26/07/2026,6000,6500,6250
"Tamil Nadu",Salem,"Elampillai(Uzhavar Sandhai )","Knool Khol","Knool Khol",Local,26/07/2026,5000,5500,5250
"Tamil Nadu",Salem,"Elampillai(Uzhavar Sandhai )","Elephant Yam(Suran)/Amorphophallus","Elephant Yam (Suran)",Local,26/07/2026,4000,4500,4250
"Tamil Nadu",Salem,"Hasthampatti(Uzhavar Sandhai )",Onion,Bellary,Local,26/07/2026,3800,4000,3900
"Tamil Nadu",Salem,"Hasthampatti(Uzhavar Sandhai )",Tomato,Local,Local,26/07/2026,1600,2000,1800
"Tamil Nadu",Salem,"Hasthampatti(Uzhavar Sandhai )","Bottle gourd","Bottle Gourd",Local,26/07/2026,2500,3000,2750
"Tamil Nadu",Salem,"Hasthampatti(Uzhavar Sandhai )",Ashgourd,Gouard,Local,26/07/2026,2000,2200,2100
"Tamil Nadu",Salem,"Hasthampatti(Uzhavar Sandhai )","Green Chilli","Green Chilly",Local,26/07/2026,4000,4200,4100
"Tamil Nadu",Salem,"Hasthampatti(Uzhavar Sandhai )",Beans,"Beans (Whole)",Local,26/07/2026,8600,9600,9100
"Tamil Nadu",Salem,"Hasthampatti(Uzhavar Sandhai )",Carrot,Pusakesar,Local,26/07/2026,9500,9800,9650
"Tamil Nadu",Salem,"Hasthampatti(Uzhavar Sandhai )",Beetroot,Beetroot,Local,26/07/2026,6000,6400,6200
"Tamil Nadu",Salem,"Hasthampatti(Uzhavar Sandhai )",Capsicum,Capsicum,Local,26/07/2026,6500,7000,6750
"Tamil Nadu",Salem,"Hasthampatti(Uzhavar Sandhai )","Green Avare(W)",Other,Local,26/07/2026,4000,4500,4250
"Tamil Nadu",Salem,"Hasthampatti(Uzhavar Sandhai )",Drumstick,Drumstick,Local,26/07/2026,4500,5000,4750
"Tamil Nadu",Salem,"Hasthampatti(Uzhavar Sandhai )","Tamarind Fruit","Tamarind Fruit",Local,26/07/2026,14000,15000,14500
"Tamil Nadu",Salem,"Hasthampatti(Uzhavar Sandhai )","Elephant Yam(Suran)/Amorphophallus","Elephant Yam (Suran)",Local,26/07/2026,3500,4000,3750
"Tamil Nadu",Salem,"Hasthampatti(Uzhavar Sandhai )","Baby Corn","Baby Corn","Grade A",26/07/2026,2000,2500,2250
"Tamil Nadu",Salem,"Jalagandapuram(Uzhavar Sandhai )",Onion,Bellary,Local,26/07/2026,3500,4000,3750
"Tamil Nadu",Salem,"Jalagandapuram(Uzhavar Sandhai )",Apple,American,Local,26/07/2026,23000,25000,24000
"Tamil Nadu",Salem,"Jalagandapuram(Uzhavar Sandhai )",Banana,"Red Banana",Local,26/07/2026,6000,6500,6250
"Tamil Nadu",Salem,"Jalagandapuram(Uzhavar Sandhai )",Papaya,Papaya,Local,26/07/2026,2500,3000,2750
"Tamil Nadu",Salem,"Jalagandapuram(Uzhavar Sandhai )","Cluster beans","Cluster Beans",Local,26/07/2026,3000,3400,3200
"Tamil Nadu",Salem,"Jalagandapuram(Uzhavar Sandhai )","Bitter gourd",Other,Local,26/07/2026,5000,5500,5250
"Tamil Nadu",Salem,"Jalagandapuram(Uzhavar Sandhai )",Ashgourd,Gouard,Local,26/07/2026,2000,2400,2200
"Tamil Nadu",Salem,"Jalagandapuram(Uzhavar Sandhai )",Carrot,Pusakesar,Local,26/07/2026,9000,9500,9250
"Tamil Nadu",Salem,"Jalagandapuram(Uzhavar Sandhai )",Capsicum,Capsicum,Local,26/07/2026,7000,8000,7500
"Tamil Nadu",Salem,"Jalagandapuram(Uzhavar Sandhai )","Green Avare(W)",Other,Local,26/07/2026,6000,6500,6250
"Tamil Nadu",Salem,"Jalagandapuram(Uzhavar Sandhai )","Onion Green","Onion Green",Local,26/07/2026,4500,5000,4750
"Tamil Nadu",Sivaganga,"Singampunari(Uzhavar Sandhai )",Onion,Bellary,Local,26/07/2026,3200,4200,3700
"Tamil Nadu",Sivaganga,"Singampunari(Uzhavar Sandhai )",Potato,Other,Local,26/07/2026,5600,6000,5800
"Tamil Nadu",Sivaganga,"Singampunari(Uzhavar Sandhai )",Pumpkin,Pumpkin,Local,26/07/2026,2200,2600,2400
"Tamil Nadu",Sivaganga,"Singampunari(Uzhavar Sandhai )","Green Chilli","Green Chilly",Local,26/07/2026,4600,5200,4900
"Tamil Nadu",Sivaganga,"Singampunari(Uzhavar Sandhai )",Carrot,Pusakesar,Local,26/07/2026,6400,9600,8000
"Tamil Nadu",Sivaganga,"Singampunari(Uzhavar Sandhai )",Cabbage,Cabbage,Local,26/07/2026,3200,3800,3500
"Tamil Nadu",Sivaganga,"Singampunari(Uzhavar Sandhai )",Snakeguard,Snakeguard,Local,26/07/2026,3200,3800,3500
"Tamil Nadu",Sivaganga,"Singampunari(Uzhavar Sandhai )",Guava,"Guava Allahabad",Local,26/07/2026,7000,8000,7500
"Tamil Nadu",Sivaganga,"Singampunari(Uzhavar Sandhai )","Onion Green","Onion Green",Local,26/07/2026,5600,6200,5900
"Tamil Nadu",Sivaganga,"Karaikudi(Uzhavar Sandhai )","Bitter gourd","Bitter Gourd",Local,26/07/2026,6000,6500,6250
"Tamil Nadu",Sivaganga,"Karaikudi(Uzhavar Sandhai )",Amaranthus,Amaranthus,Local,26/07/2026,3500,4000,3750
"Tamil Nadu",Sivaganga,"Karaikudi(Uzhavar Sandhai )","Green Chilli","Green Chilly",Local,26/07/2026,4800,5500,5150
"Tamil Nadu",Sivaganga,"Karaikudi(Uzhavar Sandhai )","Banana - Green","Banana - Green",Local,26/07/2026,3500,4000,3750
"Tamil Nadu",Sivaganga,"Karaikudi(Uzhavar Sandhai )",Carrot,Pusakesar,Local,26/07/2026,8500,10500,9500
"Tamil Nadu",Sivaganga,"Karaikudi(Uzhavar Sandhai )",Drumstick,Drumstick,Local,26/07/2026,6400,7400,6900
"Tamil Nadu",Sivaganga,"Karaikudi(Uzhavar Sandhai )","Knool Khol","Knool Khol",Local,26/07/2026,6000,6500,6250
"Tamil Nadu",Sivaganga,"Tirupatthur(Uzhavar Sandhai )",Cauliflower,Ranchi,Local,26/07/2026,3000,3200,3100
"Tamil Nadu",Sivaganga,"Tirupatthur(Uzhavar Sandhai )",Brinjal,Other,Local,26/07/2026,5500,6000,5750
"Tamil Nadu",Sivaganga,"Tirupatthur(Uzhavar Sandhai )","Green Chilli","Green Chilly",Local,26/07/2026,5000,5500,5250
"Tamil Nadu",Sivaganga,"Tirupatthur(Uzhavar Sandhai )","Banana - Green","Banana - Green",Local,26/07/2026,2500,3000,2750
"Tamil Nadu",Sivaganga,"Tirupatthur(Uzhavar Sandhai )",Ginger(Green),"Green Ginger",Local,26/07/2026,15400,21500,18450
"Tamil Nadu",Sivaganga,"Tirupatthur(Uzhavar Sandhai )","Sweet Potato","Hosur Red",Local,26/07/2026,4000,4500,4250
"Tamil Nadu",Sivaganga,"Tirupatthur(Uzhavar Sandhai )",Guava,"Guava Allahabad",Local,26/07/2026,7400,8500,7950
"Tamil Nadu",Sivaganga,"Tirupatthur(Uzhavar Sandhai )",Yam(Ratalu),"Yam (Ratalu)",Local,26/07/2026,7400,8500,7950
"Tamil Nadu",Sivaganga,"Tirupatthur(Uzhavar Sandhai )","Onion Green","Onion Green",Local,26/07/2026,6000,6500,6250
"Tamil Nadu",Thanjavur,"Pattukottai(Uzhavar Sandhai )",Onion,Bellary,Local,26/07/2026,3000,4000,3500
"Tamil Nadu",Thanjavur,"Pattukottai(Uzhavar Sandhai )","Cluster beans","Cluster Beans",Local,26/07/2026,4000,4000,4000
"Tamil Nadu",Thanjavur,"Pattukottai(Uzhavar Sandhai )",Ashgourd,Gouard,Local,26/07/2026,3000,3000,3000
"Tamil Nadu",Thanjavur,"Pattukottai(Uzhavar Sandhai )",Pumpkin,Pumpkin,Local,26/07/2026,2600,2600,2600
"Tamil Nadu",Thanjavur,"Pattukottai(Uzhavar Sandhai )",Coconut,Coconut,Local,26/07/2026,5000,5000,5000
"Tamil Nadu",Thanjavur,"Pattukottai(Uzhavar Sandhai )",Carrot,Pusakesar,Local,26/07/2026,9800,9800,9800
"Tamil Nadu",Thanjavur,"Pattukottai(Uzhavar Sandhai )",Cabbage,Cabbage,Local,26/07/2026,4400,4400,4400
"Tamil Nadu",Thanjavur,"Pattukottai(Uzhavar Sandhai )",Ridgeguard(Tori),Ridgeguard(Tori),Local,26/07/2026,5600,5600,5600
"Tamil Nadu",Thanjavur,"Pattukottai(Uzhavar Sandhai )",Mint(Pudina),Mint(Pudina),Local,26/07/2026,6800,6800,6800
"Tamil Nadu",Thanjavur,"Thanjavur(Uzhavar Sandhai )",Tomato,Deshi,Local,26/07/2026,2000,2000,2000
"Tamil Nadu",Thanjavur,"Thanjavur(Uzhavar Sandhai )","Bitter gourd","Bitter Gourd",Local,26/07/2026,6000,6000,6000
"Tamil Nadu",Thanjavur,"Thanjavur(Uzhavar Sandhai )","Bottle gourd","Bottle Gourd",Local,26/07/2026,3200,3200,3200
"Tamil Nadu",Thanjavur,"Thanjavur(Uzhavar Sandhai )",Amaranthus,Amaranthus,Local,26/07/2026,2000,2000,2000
"Tamil Nadu",Thanjavur,"Thanjavur(Uzhavar Sandhai )",Beans,"Beans (Whole)",Local,26/07/2026,6400,6400,6400
"Tamil Nadu",Thanjavur,"Thanjavur(Uzhavar Sandhai )",Carrot,Pusakesar,Local,26/07/2026,9600,9600,9600
"Tamil Nadu",Thanjavur,"Thanjavur(Uzhavar Sandhai )","Chow Chow","Chow Chow",Local,26/07/2026,4000,4000,4000
"Tamil Nadu",Thanjavur,"Thanjavur(Uzhavar Sandhai )","Indian Beans(Seam)","Indian Beans (Seam)",Local,26/07/2026,6600,6600,6600
"Tamil Nadu",Thiruchirappalli,"KKNagar(Uzhavar Sandhai )",Grapes,Annabesahai,Local,26/07/2026,10000,10000,10000
"Tamil Nadu",Thiruchirappalli,"KKNagar(Uzhavar Sandhai )",Mango,Safeda,Local,26/07/2026,5000,6000,5500
"Tamil Nadu",Thiruchirappalli,"KKNagar(Uzhavar Sandhai )",Amaranthus,Amaranthus,Local,26/07/2026,2000,2000,2000
"Tamil Nadu",Thiruchirappalli,"KKNagar(Uzhavar Sandhai )",Tapioca,Tapioca,Local,26/07/2026,4800,4800,4800
"Tamil Nadu",Thiruchirappalli,"KKNagar(Uzhavar Sandhai )",Coconut,Coconut,Local,26/07/2026,6400,6400,6400
"Tamil Nadu",Thiruchirappalli,"KKNagar(Uzhavar Sandhai )","Betal Leaves",Mysore,Local,26/07/2026,10000,10000,10000
"Tamil Nadu",Thiruchirappalli,"KKNagar(Uzhavar Sandhai )",Beetroot,Beetroot,Local,26/07/2026,5000,5000,5000
"Tamil Nadu",Thiruchirappalli,"KKNagar(Uzhavar Sandhai )",Cucumbar(Kheera),Cucumbar,Local,26/07/2026,5000,5000,5000
"Tamil Nadu",Thiruchirappalli,"KKNagar(Uzhavar Sandhai )",Raddish,Raddish,Local,26/07/2026,3600,3600,3600
"Tamil Nadu",Thiruchirappalli,"KKNagar(Uzhavar Sandhai )",Drumstick,Drumstick,Local,26/07/2026,6000,6000,6000
"Tamil Nadu",Thiruchirappalli,"KKNagar(Uzhavar Sandhai )",Pomegranate,Pomogranate,Local,26/07/2026,24000,24000,24000
"Tamil Nadu",Thiruchirappalli,"KKNagar(Uzhavar Sandhai )","Tamarind Fruit","Tamarind Fruit",Local,26/07/2026,15000,17000,16000
"Tamil Nadu",Thiruchirappalli,"Lalgudi(Uzhavar Sandhai )",Onion,Bellary,Local,26/07/2026,3500,4400,3950
"Tamil Nadu",Thiruchirappalli,"Lalgudi(Uzhavar Sandhai )",Cauliflower,Ranchi,Local,26/07/2026,4000,4000,4000
"Tamil Nadu",Thiruchirappalli,"Lalgudi(Uzhavar Sandhai )","Cluster beans","Cluster Beans",Local,26/07/2026,4600,4600,4600
"Tamil Nadu",Thiruchirappalli,"Lalgudi(Uzhavar Sandhai )","Bottle gourd","Bottle Gourd",Local,26/07/2026,3000,3000,3000
"Tamil Nadu",Thiruchirappalli,"Lalgudi(Uzhavar Sandhai )",Amaranthus,Amaranthus,Local,26/07/2026,1000,1000,1000
"Tamil Nadu",Thiruchirappalli,"Lalgudi(Uzhavar Sandhai )",Tapioca,Tapioca,Local,26/07/2026,4000,4000,4000
"Tamil Nadu",Thiruchirappalli,"Lalgudi(Uzhavar Sandhai )",Cabbage,Cabbage,Local,26/07/2026,4400,4400,4400
"Tamil Nadu",Thiruchirappalli,"Lalgudi(Uzhavar Sandhai )","Elephant Yam(Suran)/Amorphophallus","Elephant Yam (Suran)",Local,26/07/2026,4600,4600,4600
"Tamil Nadu",Thiruchirappalli,"Lalgudi(Uzhavar Sandhai )","Amla(Nelli Kai)",Amla,Local,26/07/2026,8000,8000,8000
"Tamil Nadu",Thiruchirappalli,"Lalgudi(Uzhavar Sandhai )","Onion Green","Onion Green",Local,26/07/2026,7000,7000,7000
"Tamil Nadu",Thiruchirappalli,"Manachanallur(Uzhavar Sandhai )",Tomato,Other,Local,26/07/2026,1600,2000,1800
"Tamil Nadu",Thiruchirappalli,"Manachanallur(Uzhavar Sandhai )",Ashgourd,Gouard,Local,26/07/2026,2000,2400,2200
"Tamil Nadu",Thiruchirappalli,"Manachanallur(Uzhavar Sandhai )",Cowpea(Veg),"Cowpea (Veg)",Local,26/07/2026,4000,4000,4000
"Tamil Nadu",Thiruchirappalli,"Manachanallur(Uzhavar Sandhai )",Thondekai,Thondekai,Local,26/07/2026,4500,4500,4500
"Tamil Nadu",Thiruchirappalli,"Manachanallur(Uzhavar Sandhai )","Tender Coconut","Tender Coconut",Local,26/07/2026,3500,4500,4000
"Tamil Nadu",Thiruchirappalli,"Manapparai(Uzhavar Sandhai )",Onion,Bellary,Local,26/07/2026,3600,4000,3800
"Tamil Nadu",Thiruchirappalli,"Manapparai(Uzhavar Sandhai )",Garlic,Garlic,Local,26/07/2026,20000,20000,20000
"Tamil Nadu",Thiruchirappalli,"Manapparai(Uzhavar Sandhai )",Coriander(Leaves),"I Sort",Local,26/07/2026,4600,4600,4600
"Tamil Nadu",Thiruchirappalli,"Manapparai(Uzhavar Sandhai )","Cluster beans","Cluster Beans",Local,26/07/2026,4000,4000,4000
"Tamil Nadu",Thiruchirappalli,"Manapparai(Uzhavar Sandhai )",Beetroot,Beetroot,Local,26/07/2026,4600,4600,4600
"Tamil Nadu",Thiruchirappalli,"Manapparai(Uzhavar Sandhai )",Raddish,Raddish,Local,26/07/2026,3600,4000,3800
"Tamil Nadu",Thiruchirappalli,"Manapparai(Uzhavar Sandhai )","Chow Chow","Chow Chow",Local,26/07/2026,4200,4200,4200
"Tamil Nadu",Thiruchirappalli,"Manapparai(Uzhavar Sandhai )",Drumstick,Drumstick,Local,26/07/2026,6000,6000,6000
"Tamil Nadu",Thiruchirappalli,"Manapparai(Uzhavar Sandhai )","Knool Khol","Knool Khol",Local,26/07/2026,4000,4000,4000
"Tamil Nadu",Thiruchirappalli,"Manapparai(Uzhavar Sandhai )",Guava,"Guava Allahabad",Local,26/07/2026,10000,10000,10000
"Tamil Nadu",Thiruchirappalli,"Manapparai(Uzhavar Sandhai )",Mint(Pudina),Mint(Pudina),Local,26/07/2026,6600,6600,6600
"Tamil Nadu",Thiruchirappalli,"Musiri(Uzhavar Sandhai )",Onion,Bellary,Local,26/07/2026,3500,4500,4000
"Tamil Nadu",Thiruchirappalli,"Musiri(Uzhavar Sandhai )",Papaya,Papaya,Local,26/07/2026,3500,4000,3750
"Tamil Nadu",Thiruchirappalli,"Musiri(Uzhavar Sandhai )","Cluster beans","Cluster Beans",Local,26/07/2026,4000,4600,4300
"Tamil Nadu",Thiruchirappalli,"Musiri(Uzhavar Sandhai )","Bhindi(Ladies Finger)",Bhindi,Local,26/07/2026,3000,3600,3300
"Tamil Nadu",Thiruchirappalli,"Musiri(Uzhavar Sandhai )",Amaranthus,Amaranthus,Local,26/07/2026,2000,2000,2000
"Tamil Nadu",Thiruchirappalli,"Musiri(Uzhavar Sandhai )","Green Chilli","Green Chilly",Local,26/07/2026,4500,5000,4750
"Tamil Nadu",Thiruchirappalli,"Musiri(Uzhavar Sandhai )",Beans,"Beans (Whole)",Local,26/07/2026,6000,7500,6750
"Tamil Nadu",Thiruchirappalli,"Musiri(Uzhavar Sandhai )",Tapioca,Tapioca,Local,26/07/2026,3000,3600,3300
"Tamil Nadu",Thiruchirappalli,"Musiri(Uzhavar Sandhai )",Cabbage,Cabbage,Local,26/07/2026,4000,4500,4250
"Tamil Nadu",Thiruchirappalli,"Musiri(Uzhavar Sandhai )",Thondekai,Thondekai,Local,26/07/2026,4000,4600,4300
"Tamil Nadu",Thiruchirappalli,"Musiri(Uzhavar Sandhai )",Capsicum,Capsicum,Local,26/07/2026,6000,6500,6250
"Tamil Nadu",Thiruchirappalli,"Musiri(Uzhavar Sandhai )","Green Avare(W)","Green Avare (W)",Local,26/07/2026,5000,6000,5500
"Tamil Nadu",Thiruchirappalli,"Musiri(Uzhavar Sandhai )",Yam(Ratalu),"Yam (Ratalu)",Local,26/07/2026,7000,8000,7500
"Tamil Nadu",Thiruchirappalli,"Musiri(Uzhavar Sandhai )","Indian Beans(Seam)","Indian Beans (Seam)",Local,26/07/2026,6000,7000,6500
"Tamil Nadu",Thiruchirappalli,"Musiri(Uzhavar Sandhai )",Colacasia,Colacasia,Local,26/07/2026,4000,4600,4300
"Tamil Nadu",Thiruchirappalli,"Thiruverumbur(Uzhavar Sandhai )",Potato,Other,Local,26/07/2026,3000,3000,3000
"Tamil Nadu",Thiruchirappalli,"Thiruverumbur(Uzhavar Sandhai )",Cauliflower,Ranchi,Local,26/07/2026,5000,5000,5000
"Tamil Nadu",Thiruchirappalli,"Thiruverumbur(Uzhavar Sandhai )",Tomato,Other,Local,26/07/2026,2200,2200,2200
"Tamil Nadu",Thiruchirappalli,"Thiruverumbur(Uzhavar Sandhai )",Ashgourd,Gouard,Local,26/07/2026,2400,2400,2400
"Tamil Nadu",Thiruchirappalli,"Thiruverumbur(Uzhavar Sandhai )",Pumpkin,Pumpkin,Local,26/07/2026,2000,2000,2000
"Tamil Nadu",Thiruchirappalli,"Thiruverumbur(Uzhavar Sandhai )",Capsicum,Capsicum,Local,26/07/2026,6500,6500,6500
"Tamil Nadu",Thiruchirappalli,"Thiruverumbur(Uzhavar Sandhai )",Mango(Raw-Ripe),"Mango - Raw-Ripe",Local,26/07/2026,4000,4000,4000
"Tamil Nadu",Virudhunagar,"Rajapalayam(Uzhavar Sandhai )",Cauliflower,Ranchi,Local,26/07/2026,2500,3000,2750
"Tamil Nadu",Virudhunagar,"Rajapalayam(Uzhavar Sandhai )",Coriander(Leaves),"I Sort",Local,26/07/2026,8000,9000,8500
"Tamil Nadu",Virudhunagar,"Rajapalayam(Uzhavar Sandhai )",Papaya,Papaya,Local,26/07/2026,3000,3500,3250
"Tamil Nadu",Virudhunagar,"Rajapalayam(Uzhavar Sandhai )",Tomato,Deshi,Local,26/07/2026,1500,2000,1750
"Tamil Nadu",Virudhunagar,"Sathur(Uzhavar Sandhai )",Ashgourd,Gouard,Local,26/07/2026,2000,2500,2250
"Tamil Nadu",Virudhunagar,"Sathur(Uzhavar Sandhai )","Bhindi(Ladies Finger)",Bhindi,Local,26/07/2026,3500,4000,3750
"Tamil Nadu",Virudhunagar,"Sathur(Uzhavar Sandhai )","Banana - Green","Banana - Green",Local,26/07/2026,3500,4000,3750
"Tamil Nadu",Virudhunagar,"Sathur(Uzhavar Sandhai )",Beans,"Beans (Whole)",Local,26/07/2026,8500,9000,8750
"Tamil Nadu",Virudhunagar,"Sathur(Uzhavar Sandhai )",Cabbage,Cabbage,Local,26/07/2026,4500,5000,4750
"Tamil Nadu",Virudhunagar,"Sathur(Uzhavar Sandhai )",Snakeguard,Snakeguard,Local,26/07/2026,2500,3000,2750
"Tamil Nadu",Virudhunagar,"Sathur(Uzhavar Sandhai )",Raddish,Raddish,Local,26/07/2026,2500,3000,2750
"Tamil Nadu",Virudhunagar,"Sathur(Uzhavar Sandhai )",Drumstick,Drumstick,Local,26/07/2026,4500,5000,4750
"Tamil Nadu",Virudhunagar,"Sathur(Uzhavar Sandhai )",Guava,"Guava Allahabad",Local,26/07/2026,4500,5000,4750
"Tamil Nadu",Virudhunagar,"Sivakasi(Uzhavar Sandhai )","Bottle gourd","Bottle Gourd",Local,26/07/2026,1300,1500,1400
"Tamil Nadu",Virudhunagar,"Sivakasi(Uzhavar Sandhai )",Ashgourd,Gouard,Local,26/07/2026,2500,3000,2750
"Tamil Nadu",Virudhunagar,"Sivakasi(Uzhavar Sandhai )",Pumpkin,Pumpkin,Local,26/07/2026,2500,3000,2750
"Tamil Nadu",Virudhunagar,"Sivakasi(Uzhavar Sandhai )",Amaranthus,Amaranthus,Local,26/07/2026,2500,3000,2750
"Tamil Nadu",Virudhunagar,"Sivakasi(Uzhavar Sandhai )",Beans,"Beans (Whole)",Local,26/07/2026,7000,8000,7500
"Tamil Nadu",Virudhunagar,"Sivakasi(Uzhavar Sandhai )",Carrot,Pusakesar,Local,26/07/2026,5000,6000,5500
"Tamil Nadu",Virudhunagar,"Sivakasi(Uzhavar Sandhai )",Ridgeguard(Tori),Ridgeguard(Tori),Local,26/07/2026,3500,4000,3750
"Tamil Nadu",Virudhunagar,"Thalavaipuram(Uzhavar Sandhai )",Onion,Bellary,Local,26/07/2026,3200,4000,3600
"Tamil Nadu",Virudhunagar,"Thalavaipuram(Uzhavar Sandhai )",Brinjal,Round,Local,26/07/2026,3200,4000,3600
"Tamil Nadu",Virudhunagar,"Thalavaipuram(Uzhavar Sandhai )",Chikoos(Sapota),Sapota,Local,26/07/2026,2800,3500,3150
"Tamil Nadu",Virudhunagar,"Thalavaipuram(Uzhavar Sandhai )",Papaya,Papaya,Local,26/07/2026,2800,3500,3150
"Tamil Nadu",Virudhunagar,"Thalavaipuram(Uzhavar Sandhai )","Cluster beans","Cluster Beans",Local,26/07/2026,2500,3000,2750
"Tamil Nadu",Virudhunagar,"Thalavaipuram(Uzhavar Sandhai )","Bitter gourd",Other,Local,26/07/2026,7500,9000,8250
"Tamil Nadu",Virudhunagar,"Thalavaipuram(Uzhavar Sandhai )","Bottle gourd","Bottle Gourd",Local,26/07/2026,1600,2000,1800
"Tamil Nadu",Virudhunagar,"Thalavaipuram(Uzhavar Sandhai )",Pumpkin,Pumpkin,Local,26/07/2026,2500,3000,2750
"Tamil Nadu",Virudhunagar,"Thalavaipuram(Uzhavar Sandhai )",Amaranthus,Amaranthus,Local,26/07/2026,2800,3500,3150
"Tamil Nadu",Virudhunagar,"Thalavaipuram(Uzhavar Sandhai )",Beans,"Beans (Whole)",Local,26/07/2026,5500,7000,6250
"Tamil Nadu",Virudhunagar,"Thalavaipuram(Uzhavar Sandhai )",Ridgeguard(Tori),Ridgeguard(Tori),Local,26/07/2026,5000,6000,5500
"Tamil Nadu",Virudhunagar,"Thalavaipuram(Uzhavar Sandhai )","Chow Chow","Chow Chow",Local,26/07/2026,2800,3500,3150
"Tamil Nadu",Virudhunagar,"Thalavaipuram(Uzhavar Sandhai )",Lemon,Lemon,Local,26/07/2026,5500,7000,6250
"Tamil Nadu",Virudhunagar,"Thalavaipuram(Uzhavar Sandhai )","Onion Green","Onion Green",Local,26/07/2026,4500,5500,5000
"Tamil Nadu",Virudhunagar,"Virudhunagar(Uzhavar Sandhai )",Coconut,Coconut,Local,26/07/2026,5300,5400,5350
"Tamil Nadu",Virudhunagar,"Virudhunagar(Uzhavar Sandhai )",Beetroot,Beetroot,Local,26/07/2026,4400,4500,4450
"Tamil Nadu",Chengalpattu,"Madhuranthagam(Uzhavar Sandhai )",Potato,"Red Nanital",Local,26/07/2026,4000,4000,4000
"Tamil Nadu",Chengalpattu,"Madhuranthagam(Uzhavar Sandhai )",Coriander(Leaves),"I Sort",Local,26/07/2026,4000,4000,4000
"Tamil Nadu",Chengalpattu,"Madhuranthagam(Uzhavar Sandhai )",Tomato,Deshi,Local,26/07/2026,3000,3000,3000
"Tamil Nadu",Chengalpattu,"Madhuranthagam(Uzhavar Sandhai )","Bitter gourd","Bitter Gourd",Local,26/07/2026,4000,4000,4000
"Tamil Nadu",Chengalpattu,"Madhuranthagam(Uzhavar Sandhai )","Bottle gourd","Bottle Gourd",Local,26/07/2026,4000,4000,4000
"Tamil Nadu",Chengalpattu,"Madhuranthagam(Uzhavar Sandhai )",Ashgourd,Gouard,Local,26/07/2026,2000,2000,2000
"Tamil Nadu",Chengalpattu,"Madhuranthagam(Uzhavar Sandhai )","Bhindi(Ladies Finger)",Bhindi,Local,26/07/2026,6000,6000,6000
"Tamil Nadu",Chengalpattu,"Madhuranthagam(Uzhavar Sandhai )",Snakeguard,Snakeguard,Local,26/07/2026,4000,4000,4000
"Tamil Nadu",Chengalpattu,"Madhuranthagam(Uzhavar Sandhai )",Ridgeguard(Tori),Ridgeguard(Tori),Local,26/07/2026,4000,4000,4000
"Tamil Nadu",Chengalpattu,"Nanganallur(Uzhavar Sandhai )",Onion,Bellary,Local,26/07/2026,3000,3500,3250
"Tamil Nadu",Chengalpattu,"Nanganallur(Uzhavar Sandhai )",Orange,Darjeeling,Local,26/07/2026,13000,15000,14000
"Tamil Nadu",Chengalpattu,"Nanganallur(Uzhavar Sandhai )","Cluster beans","Cluster Beans",Local,26/07/2026,4500,5000,4750
"Tamil Nadu",Chengalpattu,"Nanganallur(Uzhavar Sandhai )",Ashgourd,Gouard,Local,26/07/2026,3500,4000,3750
"Tamil Nadu",Chengalpattu,"Nanganallur(Uzhavar Sandhai )",Pumpkin,Pumpkin,Local,26/07/2026,3500,4000,3750
"Tamil Nadu",Chengalpattu,"Nanganallur(Uzhavar Sandhai )","Bhindi(Ladies Finger)",Bhindi,Local,26/07/2026,4500,5000,4750
"Tamil Nadu",Chengalpattu,"Nanganallur(Uzhavar Sandhai )","Green Chilli","Green Chilly",Local,26/07/2026,5500,6000,5750
"Tamil Nadu",Chengalpattu,"Nanganallur(Uzhavar Sandhai )",Snakeguard,Snakeguard,Local,26/07/2026,5500,6000,5750
"Tamil Nadu",Chengalpattu,"Nanganallur(Uzhavar Sandhai )",Beetroot,Beetroot,Local,26/07/2026,5500,6000,5750
"Tamil Nadu",Chengalpattu,"Nanganallur(Uzhavar Sandhai )",Ridgeguard(Tori),Ridgeguard(Tori),Local,26/07/2026,5500,6000,5750
"Tamil Nadu",Chengalpattu,"Pallavaram(Uzhavar Sandhai )",Groundnut,"Big (With Shell)",Local,26/07/2026,9000,10000,9500
"Tamil Nadu",Chengalpattu,"Pallavaram(Uzhavar Sandhai )","Bottle gourd","Bottle Gourd",Local,26/07/2026,3000,4000,3500
"Tamil Nadu",Chengalpattu,"Pallavaram(Uzhavar Sandhai )","Sweet Potato","Hosur Red",Local,26/07/2026,5000,6000,5500
"Tamil Nadu",Chengalpattu,"Pallavaram(Uzhavar Sandhai )",Raddish,Raddish,Local,26/07/2026,4000,5000,4500
"Tamil Nadu",Chengalpattu,"Pallavaram(Uzhavar Sandhai )",Thondekai,Thondekai,Local,26/07/2026,4000,5000,4500
"Tamil Nadu",Chengalpattu,"Pallavaram(Uzhavar Sandhai )","Tender Coconut","Tender Coconut",Local,26/07/2026,2000,2500,2250
"Tamil Nadu",Chengalpattu,"Pallavaram(Uzhavar Sandhai )",Yam(Ratalu),"Yam (Ratalu)",Local,26/07/2026,6500,7000,6750
"Tamil Nadu",Chengalpattu,"Pallavaram(Uzhavar Sandhai )",Lemon,Lemon,Local,26/07/2026,9000,10000,9500
"Tamil Nadu","Nagercoil (Kannyiakumari)","Myladi(Uzhavar Sandhai )",Garlic,Garlic,Local,26/07/2026,14000,15000,14500
"Tamil Nadu","Nagercoil (Kannyiakumari)","Myladi(Uzhavar Sandhai )",Banana,Besrai,Local,26/07/2026,4000,4500,4250
"Tamil Nadu","Nagercoil (Kannyiakumari)","Myladi(Uzhavar Sandhai )",Pineapple,"Pine Apple",Local,26/07/2026,4500,5000,4750
"Tamil Nadu","Nagercoil (Kannyiakumari)","Myladi(Uzhavar Sandhai )",Papaya,Papaya,Local,26/07/2026,2500,3000,2750
"Tamil Nadu","Nagercoil (Kannyiakumari)","Myladi(Uzhavar Sandhai )",Tomato,Deshi,Local,26/07/2026,2000,2500,2250
"Tamil Nadu","Nagercoil (Kannyiakumari)","Myladi(Uzhavar Sandhai )","Green Chilli","Green Chilly",Local,26/07/2026,5500,6000,5750
"Tamil Nadu","Nagercoil (Kannyiakumari)","Myladi(Uzhavar Sandhai )","Banana - Green","Banana - Green",Local,26/07/2026,4500,5000,4750
"Tamil Nadu","Nagercoil (Kannyiakumari)","Myladi(Uzhavar Sandhai )",Tapioca,Tapioca,Local,26/07/2026,3500,4000,3750
"Tamil Nadu","Nagercoil (Kannyiakumari)","Myladi(Uzhavar Sandhai )",Ginger(Green),"Green Ginger",Local,26/07/2026,23000,24000,23500
"Tamil Nadu","Nagercoil (Kannyiakumari)","Myladi(Uzhavar Sandhai )",Beetroot,Beetroot,Local,26/07/2026,4500,5000,4750
"Tamil Nadu","Nagercoil (Kannyiakumari)","Myladi(Uzhavar Sandhai )",Drumstick,Drumstick,Local,26/07/2026,3500,4000,3750
"Tamil Nadu",Chengalpattu,"Jameenrayapettai(Uzhavar Sandhai )",Orange,Darjeeling,Local,26/07/2026,12000,13000,12500
"Tamil Nadu",Chengalpattu,"Jameenrayapettai(Uzhavar Sandhai )",Cauliflower,Ranchi,Local,26/07/2026,2500,3000,2750
"Tamil Nadu",Chengalpattu,"Jameenrayapettai(Uzhavar Sandhai )",Ginger(Green),"Green Ginger",Local,26/07/2026,16000,18000,17000
"Tamil Nadu",Chengalpattu,"Jameenrayapettai(Uzhavar Sandhai )",Cabbage,Cabbage,Local,26/07/2026,3000,3500,3250
"Tamil Nadu",Chengalpattu,"Jameenrayapettai(Uzhavar Sandhai )",Beetroot,Beetroot,Local,26/07/2026,4000,5000,4500
"Tamil Nadu",Chengalpattu,"Jameenrayapettai(Uzhavar Sandhai )",Ridgeguard(Tori),Ridgeguard(Tori),Local,26/07/2026,7000,8000,7500
"Tamil Nadu",Chengalpattu,"Jameenrayapettai(Uzhavar Sandhai )",Mango(Raw-Ripe),"Mango - Raw-Ripe",Local,26/07/2026,4000,5000,4500
"Tamil Nadu",Chengalpattu,"Jameenrayapettai(Uzhavar Sandhai )","Amla(Nelli Kai)",Amla,Local,26/07/2026,10000,12000,11000
"Tamil Nadu",Chengalpattu,"Jameenrayapettai(Uzhavar Sandhai )",Rose(Local),"Rose (Local)",Local,26/07/2026,12000,14000,13000
"Tamil Nadu",Chengalpattu,"Guduvancheri(Uzhavar Sandhai )","Mousambi(Sweet Lime)",Mousambi,Local,26/07/2026,7000,8000,7500
"Tamil Nadu",Chengalpattu,"Guduvancheri(Uzhavar Sandhai )","Bottle gourd","Bottle Gourd",Local,26/07/2026,3500,4000,3750
"Tamil Nadu",Chengalpattu,"Guduvancheri(Uzhavar Sandhai )","Tender Coconut","Tender Coconut",Local,26/07/2026,3000,4000,3500
"Tamil Nadu",Chengalpattu,"Guduvancheri(Uzhavar Sandhai )",Marigold(Calcutta),Marigold(Calcutta),Local,26/07/2026,20000,22000,21000
"Tamil Nadu",Thirupur,"Dharapuram(Uzhavar Sandhai )",Groundnut,"Big (With Shell)",Local,26/07/2026,5500,6000,5750
"Tamil Nadu",Thirupur,"Dharapuram(Uzhavar Sandhai )",Banana,Besrai,Local,26/07/2026,3500,4000,3750
"Tamil Nadu",Thirupur,"Dharapuram(Uzhavar Sandhai )",Cauliflower,Ranchi,Local,26/07/2026,3000,3500,3250
"Tamil Nadu",Thirupur,"Dharapuram(Uzhavar Sandhai )",Ashgourd,Gouard,Local,26/07/2026,1500,2000,1750
"Tamil Nadu",Thirupur,"Dharapuram(Uzhavar Sandhai )",Cowpea(Veg),"Cowpea (Veg)",Local,26/07/2026,3000,3500,3250
"Tamil Nadu",Thirupur,"Dharapuram(Uzhavar Sandhai )",Beans,"Beans (Whole)",Local,26/07/2026,7500,8000,7750
"Tamil Nadu",Thirupur,"Dharapuram(Uzhavar Sandhai )",Cucumbar(Kheera),Cucumbar,Local,26/07/2026,4500,5000,4750
"Tamil Nadu",Thirupur,"Dharapuram(Uzhavar Sandhai )",Raddish,Raddish,Local,26/07/2026,3000,3500,3250
"Tamil Nadu",Thirupur,"Dharapuram(Uzhavar Sandhai )",Drumstick,Drumstick,Local,26/07/2026,6500,7000,6750
"Tamil Nadu",Thirupur,"Dharapuram(Uzhavar Sandhai )",Mint(Pudina),Mint(Pudina),Local,26/07/2026,5500,6000,5750
"Tamil Nadu",Thirupur,"Palladam(Uzhavar Sandhai )",Potato,Other,Local,26/07/2026,2500,3000,2750
"Tamil Nadu",Thirupur,"Palladam(Uzhavar Sandhai )",Coriander(Leaves),"I Sort",Local,26/07/2026,4000,5000,4500
"Tamil Nadu",Thirupur,"Palladam(Uzhavar Sandhai )","Bitter gourd",Other,Local,26/07/2026,5000,6000,5500
"Tamil Nadu",Thirupur,"Palladam(Uzhavar Sandhai )",Ashgourd,Gouard,Local,26/07/2026,1500,2000,1750
"Tamil Nadu",Thirupur,"Palladam(Uzhavar Sandhai )",Pumpkin,Pumpkin,Local,26/07/2026,1500,2000,1750
"Tamil Nadu",Thirupur,"Palladam(Uzhavar Sandhai )",Raddish,Raddish,Local,26/07/2026,3000,3500,3250
Telangana,"Ranga Reddy","Saroornagar,RBZ","Green Chilli",Other,Medium,26/07/2026,3500,3500,3500
"Uttar Pradesh",Bulandshahar,"Jahangirabad APMC",Onion,Other,FAQ,26/07/2026,1450,1450,1450
"Uttar Pradesh",Raebarelli,"Jayas APMC",Paddy(Common),Common,FAQ,26/07/2026,2050,2080,2055.11
"Uttar Pradesh","Jalaun (Orai)","Konch APMC",Pumpkin,Pumpkin,"Grade A",26/07/2026,800,950,900
"Uttar Pradesh","Jalaun (Orai)","Konch APMC",Brinjal,Other,FAQ,26/07/2026,800,1000,900
"Uttar Pradesh",Hardoi,"Madhoganj APMC",Maize,Other,FAQ,26/07/2026,2000,2000,2000
"Uttar Pradesh",Mahoba,"Mahoba APMC",Wood,Other,FAQ,26/07/2026,500,500,500
"Uttar Pradesh",Lalitpur,"Mehrauni APMC",Wood,Other,FAQ,26/07/2026,100,100,100
"Uttar Pradesh",Mathura,"Mathura APMC",Garlic,Other,FAQ,26/07/2026,10000,10000,10000
"Tamil Nadu",Kallakuruchi,"Kallakurichi(Uzhavar Sandhai )",Mango,Other,Local,26/07/2026,4000,4000,4000
"Tamil Nadu",Kallakuruchi,"Kallakurichi(Uzhavar Sandhai )",Chikoos(Sapota),Sapota,Local,26/07/2026,5000,5000,5000
"Tamil Nadu",Kallakuruchi,"Kallakurichi(Uzhavar Sandhai )",Tomato,Deshi,Local,26/07/2026,2000,2000,2000
"Tamil Nadu",Kallakuruchi,"Kallakurichi(Uzhavar Sandhai )","Bottle gourd","Bottle Gourd",Local,26/07/2026,2500,2500,2500
"Tamil Nadu",Kallakuruchi,"Kallakurichi(Uzhavar Sandhai )",Tapioca,Tapioca,Local,26/07/2026,3000,3000,3000
"Tamil Nadu",Kallakuruchi,"Kallakurichi(Uzhavar Sandhai )",Raddish,Raddish,Local,26/07/2026,4000,4000,4000
"Tamil Nadu",Kallakuruchi,"Kallakurichi(Uzhavar Sandhai )","Knool Khol","Knool Khol",Local,26/07/2026,7000,7000,7000
"Tamil Nadu",Kallakuruchi,"Kallakurichi(Uzhavar Sandhai )",Lemon,Lemon,Local,26/07/2026,7000,7000,7000
"Tamil Nadu",Thirupathur,"Natrampalli(Uzhavar Sandhai )","Green Chilli","Green Chilly",Local,26/07/2026,5000,6000,5500
"Tamil Nadu",Thirupathur,"Natrampalli(Uzhavar Sandhai )",Carrot,Pusakesar,Local,26/07/2026,5000,6000,5500
"Tamil Nadu",Thirupathur,"Natrampalli(Uzhavar Sandhai )",Snakeguard,Snakeguard,Local,26/07/2026,3000,4000,3500
"Tamil Nadu",Thirupathur,"Natrampalli(Uzhavar Sandhai )",Cucumbar(Kheera),Cucumbar,Local,26/07/2026,2500,3000,2750
"Tamil Nadu",Thirupathur,"Natrampalli(Uzhavar Sandhai )",Raddish,Raddish,Local,26/07/2026,2500,3000,2750
"Tamil Nadu",Thirupathur,"Natrampalli(Uzhavar Sandhai )",Mango(Raw-Ripe),"Mango - Raw-Ripe",Local,26/07/2026,1500,2000,1750
"Andhra Pradesh",Bapatla,"Chirala APMC",Paddy(Common),"B. T.",Local,26/07/2026,2400,2500,2450
"Andhra Pradesh",Vijayanagaram,"Kothavalasa APMC",Paddy(Common),1001,Local,26/07/2026,2369,2369,2369
Telangana,Nagarkurnool,"Kalwakurthy APMC",Cucumbar(Kheera),Cucumbar,Local,26/07/2026,1650,1650,1650
Telangana,Nagarkurnool,"Kalwakurthy APMC",Ridgeguard(Tori),Ridgeguard(Tori),Local,26/07/2026,2250,2250,2250
Telangana,Nagarkurnool,"Kalwakurthy APMC",Brinjal,Brinjal,Local,26/07/2026,2000,2000,2000
"Andhra Pradesh",Markapuram,"Kanigiri APMC","Red gram/Arhar/Tur(whole)",(Whole),Local,26/07/2026,8400,8800,8600
"Uttar Pradesh",Gonda,"Nawabganj APMC",Wood,Other,FAQ,26/07/2026,600,600,600
"Andhra Pradesh",Annamayya,"Madanapalli APMC",Tomato,Local,FAQ,26/07/2026,1400,1600,1500
"Andhra Pradesh",Kakinada,"Tuni APMC",Cashewnuts,Local(Raw),FAQ,26/07/2026,13000,13000,13000
"Andhra Pradesh",NTR,"Tiruvuru APMC",Paddy(Common),Sona,Local,26/07/2026,2500,2500,2500
"Uttar Pradesh",Shravasti,"Payagpur APMC",Wood,Other,FAQ,26/07/2026,500,500,500
"Uttar Pradesh",Pratapgarh,"Pratapgarh APMC",Paddy(Common),Common,FAQ,26/07/2026,2200,2200,2200
"Uttar Pradesh",Pratapgarh,"Pratapgarh APMC",Wood,Eucalyptus,FAQ,26/07/2026,400,400,400
"Tamil Nadu",Salem,"Athur(Uzhavar Sandhai )",Potato,Other,Local,26/07/2026,2800,3000,2900
"Tamil Nadu",Salem,"Athur(Uzhavar Sandhai )",Garlic,Garlic,Local,26/07/2026,22000,26000,24000
"Tamil Nadu",Salem,"Athur(Uzhavar Sandhai )",Brinjal,Other,Local,26/07/2026,3000,3500,3250
"Tamil Nadu",Salem,"Athur(Uzhavar Sandhai )",Tomato,Local,Local,26/07/2026,1200,1800,1500
"Tamil Nadu",Salem,"Athur(Uzhavar Sandhai )","Green Chilli","Green Chilly",Local,26/07/2026,4000,4500,4250
"Tamil Nadu",Salem,"Athur(Uzhavar Sandhai )",Ginger(Green),"Green Ginger",Local,26/07/2026,18000,19000,18500
"Tamil Nadu",Salem,"Athur(Uzhavar Sandhai )",Coconut,Coconut,Local,26/07/2026,5000,5500,5250
"Tamil Nadu",Salem,"Athur(Uzhavar Sandhai )",Beetroot,Beetroot,Local,26/07/2026,4000,7000,5500
"Tamil Nadu",Salem,"Athur(Uzhavar Sandhai )",Capsicum,Capsicum,Local,26/07/2026,6500,7000,6750
"Tamil Nadu",Salem,"Athur(Uzhavar Sandhai )",Mango(Raw-Ripe),"Mango - Raw-Ripe",Local,26/07/2026,2500,3000,2750
"Tamil Nadu",Salem,"Athur(Uzhavar Sandhai )","Tender Coconut","Tender Coconut",Local,26/07/2026,2500,3000,2750
"Tamil Nadu",Salem,"Athur(Uzhavar Sandhai )",Jasmine,Jasmine,Local,26/07/2026,38000,40000,39000
"Tamil Nadu",Salem,"Athur(Uzhavar Sandhai )","Tamarind Fruit","Tamarind Fruit",Local,26/07/2026,12000,13000,12500
"Tamil Nadu",Theni,"Periyakulam(Uzhavar Sandhai )",Onion,Bellary,Local,26/07/2026,3600,3800,3700
"Tamil Nadu",Theni,"Periyakulam(Uzhavar Sandhai )","Bhindi(Ladies Finger)",Bhindi,Local,26/07/2026,3600,3800,3700
"Tamil Nadu",Theni,"Periyakulam(Uzhavar Sandhai )",Cabbage,Cabbage,Local,26/07/2026,3800,4000,3900
"Tamil Nadu",Theni,"Periyakulam(Uzhavar Sandhai )",Raddish,Raddish,Local,26/07/2026,2600,2800,2700
"Tamil Nadu",Theni,"Periyakulam(Uzhavar Sandhai )",Drumstick,Drumstick,Local,26/07/2026,3000,3500,3250
"Tamil Nadu",Theni,"Periyakulam(Uzhavar Sandhai )","Knool Khol","Knool Khol",Local,26/07/2026,4600,4800,4700
"Tamil Nadu",Virudhunagar,"Srivilliputhur(Uzhavar Sandhai )",Onion,Bellary,Local,26/07/2026,3500,4000,3750
"Tamil Nadu",Virudhunagar,"Srivilliputhur(Uzhavar Sandhai )",Potato,"Red Nanital",Local,26/07/2026,2500,3000,2750
"Tamil Nadu",Virudhunagar,"Srivilliputhur(Uzhavar Sandhai )",Banana,Besrai,Local,26/07/2026,3500,4000,3750
"Tamil Nadu",Virudhunagar,"Srivilliputhur(Uzhavar Sandhai )",Pumpkin,Pumpkin,Local,26/07/2026,2500,3000,2750
"Tamil Nadu",Virudhunagar,"Srivilliputhur(Uzhavar Sandhai )","Banana - Green","Banana - Green",Local,26/07/2026,2500,3000,2750
"Tamil Nadu",Virudhunagar,"Srivilliputhur(Uzhavar Sandhai )",Ginger(Green),"Green Ginger",Local,26/07/2026,19000,20000,19500
Chattisgarh,Kabirdham,"Kawardha APMC","Bengal Gram(Gram)(Whole)",Kanta,FAQ,26/07/2026,6235,6235,6235
Chattisgarh,Kabirdham,"Kawardha APMC",Wheat,Deshi,FAQ,26/07/2026,2597,2597,2597
"Uttar Pradesh",Prayagraj,"Prayagraj APMC",Ginger(Green),Other,FAQ,26/07/2026,8000,8000,8000
"Uttar Pradesh",Pillibhit,"Puranpur APMC",Paddy(Common),Common,FAQ,26/07/2026,1800,1800,1800
"Uttar Pradesh",Raebarelli,"Raibareilly APMC",Paddy(Common),Common,FAQ,26/07/2026,2700,2700,2700
"Uttar Pradesh",Rampur,"Rampur APMC",Wood,Other,FAQ,26/07/2026,500,870,680.73
"Uttar Pradesh",Sonbhadra,"Robertsganj APMC",Onion,Other,FAQ,26/07/2026,2000,2000,2000
"Uttar Pradesh",Sonbhadra,"Robertsganj APMC","Green Chilli",Other,FAQ,26/07/2026,2500,2500,2500
"Uttar Pradesh",Hathras,"Shadabad APMC",Potato,Other,FAQ,26/07/2026,500,500,500
"Uttar Pradesh",Barabanki,"Safdarganj APMC",Wheat,Dara,FAQ,26/07/2026,2450,2450,2450
"Uttar Pradesh",Barabanki,"Safdarganj APMC",Wood,Other,FAQ,26/07/2026,550,550,550
"Uttar Pradesh",Shamli,"Shamli APMC","Green Chilli",Other,FAQ,26/07/2026,2500,2500,2500
"Uttar Pradesh",Bulandshahar,"Sikarpur APMC","Bajra(Pearl Millet/Cumbu)",Other,FAQ,26/07/2026,2000,2000,2000
"Uttar Pradesh",Badaun,"Bisoli APMC",Maize,Other,FAQ,26/07/2026,1900,1900,1900
"Uttar Pradesh",Unnao,"Unnao APMC",Wheat,Other,FAQ,26/07/2026,2585,2585,2585
"Uttar Pradesh",Badaun,"Wazirganj APMC",Potato,Other,FAQ,26/07/2026,600,650,623.08
"Uttar Pradesh",Sambhal,"Bhehjoi APMC",Maize,Other,FAQ,26/07/2026,1600,1850,1633.74
"Andhra Pradesh",Annamayya,"Mulakalacheruvu APMC",Tomato,Local,FAQ,26/07/2026,1000,1450,1200
"Uttar Pradesh",Shahjahanpur,"Powayan APMC",Paddy(Common),Common,FAQ,26/07/2026,1850,1850,1850
"Tamil Nadu",Coimbatore,"Vadavalli(Uzhavar Sandhai )",Onion,Bellary,Local,26/07/2026,3000,3400,3200
"Tamil Nadu",Coimbatore,"Vadavalli(Uzhavar Sandhai )",Potato,Other,Local,26/07/2026,4500,7000,5750
"Tamil Nadu",Coimbatore,"Vadavalli(Uzhavar Sandhai )",Apple,American,Local,26/07/2026,23000,27000,25000
"Tamil Nadu",Coimbatore,"Vadavalli(Uzhavar Sandhai )","Bhindi(Ladies Finger)",Bhindi,Local,26/07/2026,4800,5500,5150
"Tamil Nadu",Coimbatore,"Vadavalli(Uzhavar Sandhai )",Thondekai,Thondekai,Local,26/07/2026,4500,5000,4750
"Tamil Nadu",Coimbatore,"Vadavalli(Uzhavar Sandhai )",Guava,"Guava Allahabad",Local,26/07/2026,5000,5500,5250
"Tamil Nadu",Coimbatore,"Vadavalli(Uzhavar Sandhai )",Pomegranate,Pomogranate,Local,26/07/2026,21500,23500,22500
"Tamil Nadu",Coimbatore,"Vadavalli(Uzhavar Sandhai )","Onion Green","Onion Green",Local,26/07/2026,5200,5800,5500
"Tamil Nadu",Coimbatore,"Vadavalli(Uzhavar Sandhai )","Sweet Corn ","Sweet Corn ",Local,26/07/2026,3000,4000,3500
"West Bengal",Darjeeling,"Darjeeling APMC",Raddish,Raddish,FAQ,26/07/2026,3200,3400,3300
"West Bengal",Darjeeling,"Darjeeling APMC",Tomato,Other,FAQ,26/07/2026,3600,3800,3700
"Tamil Nadu",Dindigul,"Vedasanthur(Uzhavar Sandhai )",Brinjal,Other,Local,26/07/2026,5000,6000,5500
"Uttar Pradesh",Bulandshahar,"Gulavati APMC",Wood,Other,FAQ,26/07/2026,1650,1650,1650
"Uttar Pradesh",Sitapur,"Maholi APMC",Wood,Other,FAQ,26/07/2026,500,750,607.43
Tripura,"South Tripura","Barpathari APMC","Bitter gourd","Bitter Gourd",Local,26/07/2026,6900,7100,7000
"Tamil Nadu",Coimbatore,"Udumalpet APMC",Cauliflower,Ranchi,Local,26/07/2026,3500,4000,3750
"Tamil Nadu",Coimbatore,"Udumalpet APMC",Papaya,Papaya,Local,26/07/2026,2500,3000,2750
"Tamil Nadu",Coimbatore,"Udumalpet APMC","Water Melon","Water Melon",Local,26/07/2026,800,1000,900
"Tamil Nadu",Coimbatore,"Udumalpet APMC","Bhindi(Ladies Finger)",Bhindi,Local,26/07/2026,3500,4500,4000
"Tamil Nadu",Coimbatore,"Udumalpet APMC",Ginger(Green),"Green Ginger",Local,26/07/2026,17000,18000,17500
"Tamil Nadu",Coimbatore,"Udumalpet APMC",Cabbage,Cabbage,Local,26/07/2026,3500,4400,3950
"Tamil Nadu",Coimbatore,"Udumalpet APMC",Cucumbar(Kheera),Cucumbar,Local,26/07/2026,4000,4500,4250
"Tamil Nadu",Coimbatore,"Udumalpet APMC",Capsicum,Capsicum,Local,26/07/2026,9000,11000,10000
"Tamil Nadu",Coimbatore,"Udumalpet APMC",Guava,"Guava Allahabad",Local,26/07/2026,5000,6000,5500
"Tamil Nadu",Coimbatore,"Udumalpet APMC","Elephant Yam(Suran)/Amorphophallus","Elephant Yam (Suran)",Local,26/07/2026,5000,6000,5500
"Tamil Nadu",Coimbatore,"Udumalpet APMC","Onion Green","Onion Green",Local,26/07/2026,6000,7000,6500
"Himachal Pradesh",Kullu,"SMY Chauri Bihal",Pear(Marasebu),Other,"Grade Range-1",26/07/2026,1000,11500,5000
"West Bengal",Darjeeling,"Siliguri APMC",Rice,Fine(Basmati),FAQ,26/07/2026,5100,5300,5200
"West Bengal",Darjeeling,"Siliguri APMC","Black Gram Dal(Urd Dal)","Black Gram Dal",FAQ,26/07/2026,12000,13000,12500
Punjab,Tarntaran,"Bhikhiwind APMC",Brinjal,Brinjal,Local,26/07/2026,1000,1000,1000
"Himachal Pradesh",Kullu,"SMY Bandrol","French Beans(Frasbean)",Other,FAQ,26/07/2026,2500,4500,3800
"Himachal Pradesh",Kullu,"SMY Bandrol",Pear(Marasebu),Other,"Grade A",26/07/2026,2200,13500,9500
"Tamil Nadu",Erode,"Gobichettipalayam(Uzhavar Sandhai )",Onion,Bellary,Local,26/07/2026,3500,4000,3750
"Tamil Nadu",Erode,"Gobichettipalayam(Uzhavar Sandhai )",Brinjal,Round,Local,26/07/2026,4400,4600,4500
"Tamil Nadu",Erode,"Gobichettipalayam(Uzhavar Sandhai )",Coriander(Leaves),"I Sort",Local,26/07/2026,6000,6400,6200
"Tamil Nadu",Erode,"Gobichettipalayam(Uzhavar Sandhai )","Bottle gourd","Bottle Gourd",Local,26/07/2026,1800,2000,1900
"Tamil Nadu",Erode,"Gobichettipalayam(Uzhavar Sandhai )",Ginger(Green),"Green Ginger",Local,26/07/2026,17200,17400,17300
"Tamil Nadu",Erode,"Gobichettipalayam(Uzhavar Sandhai )",Coconut,Coconut,Local,26/07/2026,4200,4800,4500
"Tamil Nadu",Erode,"Gobichettipalayam(Uzhavar Sandhai )","Elephant Yam(Suran)/Amorphophallus","Elephant Yam (Suran)",Local,26/07/2026,3800,4000,3900
"Tamil Nadu",Erode,"Sampath Nagar(Uzhavar Sandhai )",Potato,"Red Nanital",Local,26/07/2026,3600,4000,3800
"Tamil Nadu",Erode,"Sampath Nagar(Uzhavar Sandhai )",Ashgourd,Gouard,Local,26/07/2026,2000,2400,2200
"Tamil Nadu",Erode,"Sampath Nagar(Uzhavar Sandhai )",Beans,"Beans (Whole)",Local,26/07/2026,6500,6800,6650
"Tamil Nadu",Erode,"Sampath Nagar(Uzhavar Sandhai )",Tapioca,Tapioca,Local,26/07/2026,2000,2400,2200
"Tamil Nadu",Erode,"Sampath Nagar(Uzhavar Sandhai )",Snakeguard,Snakeguard,Local,26/07/2026,3600,4000,3800
"Tamil Nadu",Erode,"Sampath Nagar(Uzhavar Sandhai )",Pomegranate,Pomogranate,Local,26/07/2026,22000,23000,22500
"Tamil Nadu",Erode,"Sampath Nagar(Uzhavar Sandhai )","Tender Coconut","Tender Coconut",Local,26/07/2026,3000,4000,3500
Tripura,Khowai,"Kalyanpur APMC","Pointed gourd(Parval)","Pointed gourd (Parval)",FAQ,26/07/2026,4000,4200,4100
"Tamil Nadu",Vellore,"Pallikonda(Uzhavar Sandhai)",Cauliflower,Ranchi,Local,26/07/2026,4000,4000,4000
"Tamil Nadu",Vellore,"Pallikonda(Uzhavar Sandhai)",Brinjal,Round,Local,26/07/2026,6000,7000,6500
"Tamil Nadu",Vellore,"Pallikonda(Uzhavar Sandhai)",Tomato,Deshi,Local,26/07/2026,1800,2000,1900
"Tamil Nadu",Vellore,"Pallikonda(Uzhavar Sandhai)","Bhindi(Ladies Finger)",Bhindi,Local,26/07/2026,3500,3500,3500
"Tamil Nadu",Vellore,"Pallikonda(Uzhavar Sandhai)",Amaranthus,Amaranthus,Local,26/07/2026,3000,3000,3000
"Tamil Nadu",Vellore,"Pallikonda(Uzhavar Sandhai)","Banana - Green","Banana - Green",Local,26/07/2026,3000,3000,3000
"Tamil Nadu",Vellore,"Pallikonda(Uzhavar Sandhai)",Beetroot,Beetroot,Local,26/07/2026,4000,4000,4000
"Tamil Nadu",Vellore,"Pallikonda(Uzhavar Sandhai)",Guava,"Guava Allahabad",Local,26/07/2026,4500,4500,4500
"Tamil Nadu",Vellore,"Pallikonda(Uzhavar Sandhai)","Onion Green","Onion Green",Local,26/07/2026,4500,4500,4500
"Andhra Pradesh",Kakinada,"Samalkot APMC",Paddy(Common),Paddy,FAQ,26/07/2026,2962,2965,2962
"Tamil Nadu",Pudukkottai,"Ponnamaravathi(Uzhavar Sandhai)",Onion,Bellary,Local,26/07/2026,4500,5000,4750
"Tamil Nadu",Pudukkottai,"Ponnamaravathi(Uzhavar Sandhai)",Banana,Besrai,Local,26/07/2026,5500,6000,5750
"Tamil Nadu",Pudukkottai,"Ponnamaravathi(Uzhavar Sandhai)",Coriander(Leaves),"I Sort",Local,26/07/2026,4500,5000,4750
"Tamil Nadu",Pudukkottai,"Ponnamaravathi(Uzhavar Sandhai)",Papaya,Papaya,Local,26/07/2026,2500,3000,2750
"Tamil Nadu",Pudukkottai,"Ponnamaravathi(Uzhavar Sandhai)","Bitter gourd","Bitter Gourd",Local,26/07/2026,9500,10000,9750
"Tamil Nadu",Pudukkottai,"Ponnamaravathi(Uzhavar Sandhai)",Pumpkin,Pumpkin,Local,26/07/2026,1000,1500,1250
"Tamil Nadu",Pudukkottai,"Ponnamaravathi(Uzhavar Sandhai)",Coconut,Coconut,Local,26/07/2026,3500,4000,3750
"Tamil Nadu",Pudukkottai,"Ponnamaravathi(Uzhavar Sandhai)","Green Avare(W)","Green Avare (W)",Local,26/07/2026,6500,7000,6750
"Tamil Nadu",Pudukkottai,"Ponnamaravathi(Uzhavar Sandhai)",Mango(Raw-Ripe),"Mango - Raw-Ripe",Local,26/07/2026,2500,3000,2750
"Tamil Nadu",Pudukkottai,"Ponnamaravathi(Uzhavar Sandhai)","Jack Fruit(Ripe)","Jack Fruit",Local,26/07/2026,1500,2000,1750
"Tamil Nadu",Pudukkottai,"Ponnamaravathi(Uzhavar Sandhai)",Mint(Pudina),Mint(Pudina),Local,26/07/2026,3500,4000,3750
"Tamil Nadu",Nagapattinam,"Mayiladuthurai(Uzhavar Sandhai )",Brinjal,Round,Local,26/07/2026,4500,5000,4750
"Tamil Nadu",Nagapattinam,"Mayiladuthurai(Uzhavar Sandhai )","Cluster beans","Cluster Beans",Local,26/07/2026,4500,5000,4750
"Tamil Nadu",Nagapattinam,"Mayiladuthurai(Uzhavar Sandhai )",Snakeguard,Snakeguard,Local,26/07/2026,4500,5000,4750
"Tamil Nadu",Nagapattinam,"Mayiladuthurai(Uzhavar Sandhai )",Yam(Ratalu),"Yam (Ratalu)",Local,26/07/2026,8000,9000,8500
"Uttar Pradesh",Hardoi,"Hardoi APMC",Onion,Other,FAQ,26/07/2026,1200,1200,1200
"Uttar Pradesh",Lucknow,"Lucknow APMC","dried mango",Other,FAQ,26/07/2026,8500,13400,10414.24
"Uttar Pradesh",Mainpuri,"Mainpuri APMC",Maize,Other,FAQ,26/07/2026,1950,1950,1950
"Tamil Nadu",Pudukkottai,"Viralimalai(Uzhavar Sandhai )",Papaya,Papaya,Local,26/07/2026,2500,3000,2750
"Tamil Nadu",Pudukkottai,"Viralimalai(Uzhavar Sandhai )",Coconut,Coconut,Local,26/07/2026,3000,4000,3500
"Tamil Nadu",Pudukkottai,"Viralimalai(Uzhavar Sandhai )","Onion Green","Onion Green",Local,26/07/2026,6000,7000,6500
"Tamil Nadu",Ramanathapuram,"Kamuthi(Uzhavar Sandhai )",Tomato,Deshi,Local,26/07/2026,2800,3000,2900
"Tamil Nadu",Ramanathapuram,"Kamuthi(Uzhavar Sandhai )","Green Chilli","Green Chilly",Local,26/07/2026,6000,6500,6250
"Tamil Nadu",Ramanathapuram,"Paramakudi(Uzhavar Sandhai )",Brinjal,Round,Local,26/07/2026,5000,5500,5250
"Tamil Nadu",Ramanathapuram,"Paramakudi(Uzhavar Sandhai )",Pumpkin,Pumpkin,Local,26/07/2026,2000,2200,2100
"Tamil Nadu",Ramanathapuram,"Paramakudi(Uzhavar Sandhai )",Amaranthus,Amaranthus,Local,26/07/2026,3800,4000,3900
"Tamil Nadu",Ramanathapuram,"Paramakudi(Uzhavar Sandhai )","Banana - Green","Banana - Green",Local,26/07/2026,3000,3500,3250
"Tamil Nadu",Ramanathapuram,"Paramakudi(Uzhavar Sandhai )",Ridgeguard(Tori),Ridgeguard(Tori),Local,26/07/2026,5500,5800,5650
"Tamil Nadu",Ramanathapuram,"Paramakudi(Uzhavar Sandhai )",Drumstick,Drumstick,Local,26/07/2026,5000,6000,5500
"Tamil Nadu",Ramanathapuram,"Paramakudi(Uzhavar Sandhai )",Colacasia,Colacasia,Local,26/07/2026,7000,7500,7250
"Tamil Nadu",Pudukkottai,"Alangudi(Uzhavar Sandhai )",Potato,Other,Local,26/07/2026,6000,7000,6500
"Tamil Nadu",Pudukkottai,"Alangudi(Uzhavar Sandhai )",Papaya,Papaya,Local,26/07/2026,2500,3000,2750
"Tamil Nadu",Pudukkottai,"Alangudi(Uzhavar Sandhai )",Tomato,Other,Local,26/07/2026,2000,2500,2250
"Tamil Nadu",Pudukkottai,"Alangudi(Uzhavar Sandhai )",Ashgourd,Gouard,Local,26/07/2026,1000,1500,1250
"Tamil Nadu",Pudukkottai,"Alangudi(Uzhavar Sandhai )",Pumpkin,Pumpkin,Local,26/07/2026,1000,1500,1250
"Tamil Nadu",Pudukkottai,"Alangudi(Uzhavar Sandhai )",Coconut,Coconut,Local,26/07/2026,3500,4000,3750
"Tamil Nadu",Pudukkottai,"Alangudi(Uzhavar Sandhai )",Mango(Raw-Ripe),"Mango - Raw-Ripe",Local,26/07/2026,2500,3000,2750
"Tamil Nadu",Thiruvannamalai,"Arani(Uzhavar Sandhai )",Brinjal,Round,Local,26/07/2026,5000,6000,5500
"Tamil Nadu",Thiruvannamalai,"Arani(Uzhavar Sandhai )","Green Chilli","Green Chilly",Local,26/07/2026,5000,6000,5500
"Tamil Nadu",Thiruvannamalai,"Arani(Uzhavar Sandhai )",Beetroot,Beetroot,Local,26/07/2026,4000,4800,4400
"Tamil Nadu",Thiruvannamalai,"Arani(Uzhavar Sandhai )","Green Avare(W)","Green Avare (W)",Local,26/07/2026,4800,6000,5400
"Tamil Nadu",Thiruvannamalai,"Arani(Uzhavar Sandhai )",Lemon,Lemon,Local,26/07/2026,10000,12000,11000
"Tamil Nadu",Thiruvannamalai,"Arani(Uzhavar Sandhai )","Onion Green","Onion Green",Local,26/07/2026,4500,5000,4750
"Tamil Nadu",Thiruvannamalai,"Arani(Uzhavar Sandhai )",Mint(Pudina),Mint(Pudina),Local,26/07/2026,3500,4000,3750
"Tamil Nadu",Thiruvannamalai,"Polur(Uzhavar Sandhai )",Onion,Bellary,Local,26/07/2026,3000,3500,3250
"Tamil Nadu",Thiruvannamalai,"Polur(Uzhavar Sandhai )","Bottle gourd","Bottle Gourd",Local,26/07/2026,2000,2400,2200
"Tamil Nadu",Thiruvannamalai,"Polur(Uzhavar Sandhai )","Green Chilli","Green Chilly",Local,26/07/2026,5000,6000,5500
"Tamil Nadu",Thiruvannamalai,"Polur(Uzhavar Sandhai )",Ginger(Green),"Green Ginger",Local,26/07/2026,16000,20000,18000
"Tamil Nadu",Thiruvannamalai,"Polur(Uzhavar Sandhai )","Sweet Potato","Hosur Red",Local,26/07/2026,3300,4000,3650
"Tamil Nadu",Thiruvannamalai,"Polur(Uzhavar Sandhai )",Raddish,Raddish,Local,26/07/2026,2500,3000,2750
"Tamil Nadu",Thiruvannamalai,"Polur(Uzhavar Sandhai )","Green Avare(W)","Green Avare (W)",Local,26/07/2026,5000,6000,5500
"Tamil Nadu",Thiruvannamalai,"Polur(Uzhavar Sandhai )",Drumstick,Drumstick,Local,26/07/2026,4200,5000,4600
"Tamil Nadu",Thiruvannamalai,"Polur(Uzhavar Sandhai )",Guava,"Guava Allahabad",Local,26/07/2026,3300,4000,3650
"Tamil Nadu",Thiruvannamalai,"Polur(Uzhavar Sandhai )",Yam(Ratalu),"Yam (Ratalu)",Local,26/07/2026,4200,5000,4600
"Tamil Nadu",Thiruvannamalai,"Polur(Uzhavar Sandhai )",Lemon,Lemon,Local,26/07/2026,5000,6000,5500
"Tamil Nadu",Thiruvannamalai,"Polur(Uzhavar Sandhai )","Onion Green","Onion Green",Local,26/07/2026,5000,6000,5500
"Tamil Nadu",Thiruvannamalai,"Polur(Uzhavar Sandhai )",Rose(Local),"Rose (Local)",Local,26/07/2026,12000,15000,13500
"Tamil Nadu",Thiruvannamalai,"Tiruvannamalai(Uzhavar Sandhai )",Onion,Bellary,Local,26/07/2026,3500,4000,3750
"Tamil Nadu",Thiruvannamalai,"Tiruvannamalai(Uzhavar Sandhai )",Apple,American,Local,26/07/2026,22000,25000,23500
"Tamil Nadu",Thiruvannamalai,"Tiruvannamalai(Uzhavar Sandhai )",Amaranthus,Amaranthus,Local,26/07/2026,3000,4000,3500
"Tamil Nadu",Thiruvannamalai,"Tiruvannamalai(Uzhavar Sandhai )",Cowpea(Veg),"Cowpea (Veg)",Local,26/07/2026,5000,6000,5500
"Tamil Nadu",Thiruvannamalai,"Tiruvannamalai(Uzhavar Sandhai )",Coconut,Coconut,Local,26/07/2026,4000,5000,4500
"Tamil Nadu",Thiruvannamalai,"Tiruvannamalai(Uzhavar Sandhai )",Beetroot,Beetroot,Local,26/07/2026,3600,4000,3800
"Tamil Nadu",Thiruvannamalai,"Tiruvannamalai(Uzhavar Sandhai )",Ridgeguard(Tori),Ridgeguard(Tori),Local,26/07/2026,5000,6000,5500
"Tamil Nadu",Thiruvannamalai,"Tiruvannamalai(Uzhavar Sandhai )",Thondekai,Thondekai,Local,26/07/2026,3600,4000,3800
"Tamil Nadu",Thiruvannamalai,"Tiruvannamalai(Uzhavar Sandhai )","Green Avare(W)","Green Avare (W)",Local,26/07/2026,4000,4800,4400
"Tamil Nadu",Thiruvannamalai,"Tiruvannamalai(Uzhavar Sandhai )","Chow Chow","Chow Chow",Local,26/07/2026,3600,4000,3800
"Tamil Nadu",Thiruvannamalai,"Tiruvannamalai(Uzhavar Sandhai )",Mango(Raw-Ripe),"Mango - Raw-Ripe",Local,26/07/2026,2500,3000,2750
"Tamil Nadu",Thiruvannamalai,"Tiruvannamalai(Uzhavar Sandhai )","Jamun(Narale Hannu)",Jamun,Local,26/07/2026,15000,18000,16500
"Tamil Nadu",Thiruvarur,"Mannargudi I(Uzhavar Sandhai )",Onion,Bellary,Local,26/07/2026,3400,3400,3400
"Tamil Nadu",Thiruvarur,"Mannargudi I(Uzhavar Sandhai )",Potato,"Red Nanital",Local,26/07/2026,3000,3000,3000
"Tamil Nadu",Thiruvarur,"Mannargudi I(Uzhavar Sandhai )",Garlic,Garlic,Local,26/07/2026,20000,20000,20000
"Tamil Nadu",Thiruvarur,"Mannargudi I(Uzhavar Sandhai )",Orange,Darjeeling,Local,26/07/2026,13000,13000,13000
"Tamil Nadu",Thiruvarur,"Mannargudi I(Uzhavar Sandhai )",Pumpkin,Pumpkin,Local,26/07/2026,2600,2600,2600
"Tamil Nadu",Thiruvarur,"Mannargudi I(Uzhavar Sandhai )",Beans,"Beans (Whole)",Local,26/07/2026,7000,7000,7000
"Tamil Nadu",Thiruvarur,"Mannargudi I(Uzhavar Sandhai )",Pomegranate,Pomogranate,Local,26/07/2026,20000,20000,20000
"Tamil Nadu",Thiruvarur,"Mannargudi I(Uzhavar Sandhai )","Onion Green","Onion Green",Local,26/07/2026,7400,7400,7400
"Tamil Nadu",Thiruvarur,"Mannargudi I(Uzhavar Sandhai )",Mint(Pudina),Mint(Pudina),Local,26/07/2026,7000,7000,7000
"Tamil Nadu",Thiruvarur,"Mannargudi II(Uzhavar Sandhai )",Banana,Other,Local,26/07/2026,6000,6000,6000
"Tamil Nadu",Thiruvarur,"Mannargudi II(Uzhavar Sandhai )",Brinjal,Round,Local,26/07/2026,4000,4000,4000
"Tamil Nadu",Thiruvarur,"Mannargudi II(Uzhavar Sandhai )","Green Chilli","Green Chilly",Local,26/07/2026,4800,4800,4800
"Tamil Nadu",Thiruvarur,"Mannargudi II(Uzhavar Sandhai )","Banana - Green","Banana - Green",Local,26/07/2026,4000,4000,4000
"Tamil Nadu",Thiruvarur,"Mannargudi II(Uzhavar Sandhai )",Beans,"Beans (Whole)",Local,26/07/2026,7000,7000,7000
"Tamil Nadu",Thiruvarur,"Mannargudi II(Uzhavar Sandhai )",Tapioca,Tapioca,Local,26/07/2026,4000,4000,4000
"Tamil Nadu",Thiruvarur,"Mannargudi II(Uzhavar Sandhai )",Drumstick,Drumstick,Local,26/07/2026,4000,4000,4000
"Tamil Nadu",Thiruvarur,"Mannargudi II(Uzhavar Sandhai )","Elephant Yam(Suran)/Amorphophallus","Elephant Yam (Suran)",Local,26/07/2026,5400,5400,5400
"Tamil Nadu",Thiruvarur,"Tiruthuraipoondi(Uzhavar Sandhai )",Amaranthus,Amaranthus,Local,26/07/2026,1500,1500,1500
"Tamil Nadu",Thiruvarur,"Tiruthuraipoondi(Uzhavar Sandhai )",Snakeguard,Snakeguard,Local,26/07/2026,4000,4000,4000
"Tamil Nadu",Thiruvarur,"Tiruthuraipoondi(Uzhavar Sandhai )",Cucumbar(Kheera),Cucumbar,Local,26/07/2026,7000,7000,7000
"Tamil Nadu",Thiruvellore,"Ambattur(Uzhavar Sandhai )","Bottle gourd","Bottle Gourd",Local,26/07/2026,3000,3000,3000
"Tamil Nadu",Thiruvellore,"Naravarikuppam(Uzhavar Sandhai )",Onion,Bellary,Local,26/07/2026,4000,4000,4000
"Tamil Nadu",Thiruvellore,"Naravarikuppam(Uzhavar Sandhai )",Amaranthus,Amaranthus,Local,26/07/2026,3000,3000,3000
"Tamil Nadu",Thiruvellore,"Naravarikuppam(Uzhavar Sandhai )",Drumstick,Drumstick,Local,26/07/2026,6000,6000,6000
"Tamil Nadu",Thiruvellore,"Naravarikuppam(Uzhavar Sandhai )",Mango(Raw-Ripe),"Mango - Raw-Ripe",Local,26/07/2026,4000,4000,4000
"Tamil Nadu",Thiruvellore,"Naravarikuppam(Uzhavar Sandhai )",Jasmine,Jasmine,Local,26/07/2026,12000,12000,12000
"Tamil Nadu",Thiruvellore,"Paruthipattu(Uzhavar Sandhai )",Tomato,Deshi,Local,26/07/2026,2500,2500,2500
"Tamil Nadu",Thiruvellore,"Paruthipattu(Uzhavar Sandhai )","Bottle gourd","Bottle Gourd",Local,26/07/2026,4000,4000,4000
"Tamil Nadu",Thiruvellore,"Paruthipattu(Uzhavar Sandhai )","Bhindi(Ladies Finger)",Bhindi,Local,26/07/2026,4000,4800,4400
"Tamil Nadu",Thiruvellore,"Paruthipattu(Uzhavar Sandhai )",Cucumbar(Kheera),Cucumbar,Local,26/07/2026,4000,4000,4000
"Tamil Nadu",Thiruvellore,"Paruthipattu(Uzhavar Sandhai )",Raddish,Raddish,Local,26/07/2026,4000,4000,4000
"Tamil Nadu",Thiruvellore,"Paruthipattu(Uzhavar Sandhai )",Thondekai,Thondekai,Local,26/07/2026,5000,5000,5000
"Andhra Pradesh",Srikakulam,"Narasannapet APMC",Paddy(Common),Paddy,FAQ,26/07/2026,2369,2369,2369
"Tamil Nadu",Thiruvellore,"Perambakkam(Uzhavar Sandhai )",Brinjal,Round,Local,26/07/2026,5000,5000,5000
"Tamil Nadu",Thiruvellore,"Perambakkam(Uzhavar Sandhai )",Snakeguard,Snakeguard,Local,26/07/2026,4500,4500,4500
"Tamil Nadu",Thiruvellore,"Perambakkam(Uzhavar Sandhai )",Marigold(Calcutta),Marigold(Calcutta),Local,26/07/2026,28000,28000,28000
"Tamil Nadu",Thiruvellore,"Perambakkam(Uzhavar Sandhai )",Rose(Local),"Rose (Local)",Local,26/07/2026,14000,14000,14000
"Tamil Nadu",Thiruvellore,"Perambakkam(Uzhavar Sandhai )","Tube Rose(Loose)","Tube Rose (Loose)",Local,26/07/2026,12000,12000,12000
"Tamil Nadu",Tuticorin,"Kovilpatti(Uzhavar Sandhai )",Banana,Other,Local,26/07/2026,3500,4000,3750
"Tamil Nadu",Tuticorin,"Kovilpatti(Uzhavar Sandhai )",Snakeguard,Snakeguard,Local,26/07/2026,4500,5000,4750
"Tamil Nadu",Tuticorin,"Kovilpatti(Uzhavar Sandhai )",Yam(Ratalu),"Yam (Ratalu)",Local,26/07/2026,11000,11500,11250
"Tamil Nadu",Tuticorin,"Kovilpatti(Uzhavar Sandhai )","Indian Beans(Seam)","Indian Beans (Seam)",Local,26/07/2026,7000,7500,7250
"Tamil Nadu",Tuticorin,"Kovilpatti(Uzhavar Sandhai )","Onion Green","Onion Green",Local,26/07/2026,7000,7500,7250
"Tamil Nadu",Vellore,"Gudiyatham(Uzhavar Sandhai )",Brinjal,Other,Local,26/07/2026,4600,4600,4600
"Tamil Nadu",Vellore,"Gudiyatham(Uzhavar Sandhai )",Beans,"Beans (Whole)",Local,26/07/2026,6000,6000,6000
"Tamil Nadu",Vellore,"Gudiyatham(Uzhavar Sandhai )",Ginger(Green),"Green Ginger",Local,26/07/2026,22000,22000,22000
"Tamil Nadu",Vellore,"Gudiyatham(Uzhavar Sandhai )",Carrot,Pusakesar,Local,26/07/2026,7600,7600,7600
"Tamil Nadu",Vellore,"Gudiyatham(Uzhavar Sandhai )",Cabbage,Cabbage,Local,26/07/2026,3000,3000,3000
"Tamil Nadu",Vellore,"Gudiyatham(Uzhavar Sandhai )",Marigold(Calcutta),Marigold(Calcutta),Local,26/07/2026,27500,27500,27500
"Tamil Nadu",Vellore,"Kahithapattarai(Uzhavar Sandhai )","Chili Red",Bold,Local,26/07/2026,20000,20000,20000
"Tamil Nadu",Vellore,"Kahithapattarai(Uzhavar Sandhai )",Apple,American,Local,26/07/2026,28000,28000,28000
"Tamil Nadu",Vellore,"Kahithapattarai(Uzhavar Sandhai )","Bitter gourd",Other,Local,26/07/2026,3600,3600,3600
"Tamil Nadu",Vellore,"Kahithapattarai(Uzhavar Sandhai )","Bottle gourd","Bottle Gourd",Local,26/07/2026,2000,2500,2250
"Tamil Nadu",Vellore,"Kahithapattarai(Uzhavar Sandhai )",Ashgourd,Gouard,Local,26/07/2026,2000,2000,2000
"Tamil Nadu",Vellore,"Kahithapattarai(Uzhavar Sandhai )","Bhindi(Ladies Finger)",Bhindi,Local,26/07/2026,3500,3500,3500
"Tamil Nadu",Vellore,"Kahithapattarai(Uzhavar Sandhai )",Carrot,Pusakesar,Local,26/07/2026,6000,6000,6000
"Tamil Nadu",Vellore,"Kahithapattarai(Uzhavar Sandhai )",Beetroot,Beetroot,Local,26/07/2026,4000,4000,4000
"Tamil Nadu",Vellore,"Kahithapattarai(Uzhavar Sandhai )",Drumstick,Drumstick,Local,26/07/2026,4500,4500,4500
"Tamil Nadu",Vellore,"Kahithapattarai(Uzhavar Sandhai )",Lemon,Lemon,Local,26/07/2026,3000,3000,3000
"Tamil Nadu",Vellore,"Kahithapattarai(Uzhavar Sandhai )",Rose(Local),"Rose (Local)",Local,26/07/2026,14000,14000,14000
"Tamil Nadu",Vellore,"Kahithapattarai(Uzhavar Sandhai )","Sweet Corn ","Sweet Corn ",Local,26/07/2026,3500,3500,3500
"Tamil Nadu",Villupuram,"Villupuram(Uzhavar Sandhai )",Papaya,Papaya,Local,26/07/2026,5000,5000,5000
"Tamil Nadu",Villupuram,"Villupuram(Uzhavar Sandhai )","Green Chilli","Green Chilly",Local,26/07/2026,5000,5000,5000
"Tamil Nadu",Villupuram,"Villupuram(Uzhavar Sandhai )",Coconut,Coconut,Local,26/07/2026,5000,5000,5000
"Tamil Nadu",Villupuram,"Villupuram(Uzhavar Sandhai )",Snakeguard,Snakeguard,Local,26/07/2026,4000,4000,4000
"Tamil Nadu",Villupuram,"Villupuram(Uzhavar Sandhai )",Beetroot,Beetroot,Local,26/07/2026,5000,5000,5000
"Tamil Nadu",Villupuram,"Villupuram(Uzhavar Sandhai )",Raddish,Raddish,Local,26/07/2026,4000,4000,4000
"Tamil Nadu",Villupuram,"Villupuram(Uzhavar Sandhai )","Onion Green","Onion Green",Local,26/07/2026,7000,7000,7000
"Tamil Nadu",Villupuram,"Villupuram(Uzhavar Sandhai )",Rose(Local),"Rose (Local)",Local,26/07/2026,30000,30000,30000
Odisha,Dhenkanal,"Hindol APMC",Snakeguard,Other,"Grade B",26/07/2026,3700,4000,3800
"Uttar Pradesh",Gonda,"Gonda APMC",Wood,Other,FAQ,26/07/2026,450,460,457.06
"Tamil Nadu",Thiruvannamalai,"Cheyyar(Uzhavar Sandhai )",Banana,Poovan,Local,26/07/2026,4000,5000,4500
"Tamil Nadu",Thiruvannamalai,"Cheyyar(Uzhavar Sandhai )","Cluster beans","Cluster Beans",Local,26/07/2026,4000,4800,4400
"Tamil Nadu",Thiruvannamalai,"Cheyyar(Uzhavar Sandhai )","Banana - Green","Banana - Green",Local,26/07/2026,1500,2000,1750
"Tamil Nadu",Thiruvannamalai,"Cheyyar(Uzhavar Sandhai )",Beans,"Beans (Whole)",Local,26/07/2026,4800,6000,5400
"Tamil Nadu",Thiruvannamalai,"Cheyyar(Uzhavar Sandhai )","Chow Chow","Chow Chow",Local,26/07/2026,3500,4200,3850
"Tamil Nadu",Thiruvannamalai,"Cheyyar(Uzhavar Sandhai )","Onion Green","Onion Green",Local,26/07/2026,4800,6000,5400
"Andhra Pradesh",Dr.B.R.A.Konaseema,"Ramachandrapuram APMC",Paddy(Common),Paddy,FAQ,26/07/2026,2369,2380,2369
"Andhra Pradesh",Markapuram,"Markapur APMC","Red gram/Arhar/Tur(whole)",(Whole),Local,26/07/2026,8450,8450,8450
"Tamil Nadu",Ariyalur,"Ariyalur(Uzhavar Sandhai)",Tomato,Deshi,Local,26/07/2026,2400,2800,2600
"Tamil Nadu",Ariyalur,"Ariyalur(Uzhavar Sandhai)",Amaranthus,Amaranthus,Local,26/07/2026,4500,5000,4750
"Tamil Nadu",Ariyalur,"Ariyalur(Uzhavar Sandhai)",Coconut,Coconut,Local,26/07/2026,5500,6000,5750
"Tamil Nadu",Ariyalur,"Ariyalur(Uzhavar Sandhai)",Raddish,Raddish,Local,26/07/2026,3500,4000,3750
Uttarakhand,Udhamsinghnagar,"Gadarpur APMC",Rice,Other,Local,26/07/2026,3880,3880,3880
"Andhra Pradesh",Annamayya,"Valmikipuram APMC",Tomato,Hybrid,FAQ,26/07/2026,1000,1400,1200
"Uttar Pradesh",Raebarelli,"Lalganj APMC",Wheat,Dara,FAQ,26/07/2026,2400,2400,2400
"Uttar Pradesh",Kasganj,"Ganj Dundwara APMC",Wood,Other,FAQ,26/07/2026,440,440,440
Punjab,Gurdaspur,"Dinanagar APMC",Papaya,Papaya,Medium,26/07/2026,3000,3500,3300
Punjab,Gurdaspur,"Dinanagar APMC",Tomato,Tomato,Medium,26/07/2026,2000,2500,2300
Punjab,Gurdaspur,"Dinanagar APMC",Pumpkin,Other,Medium,26/07/2026,1000,1200,1100
Punjab,Gurdaspur,"Dinanagar APMC",Onion,Other,Medium,26/07/2026,3000,3200,3100
Punjab,Gurdaspur,"Dinanagar APMC","French Beans(Frasbean)",Other,Medium,26/07/2026,4500,5000,4800
Odisha,Sundergarh,"Sargipali APMC",Onion,Red,FAQ,26/07/2026,2700,3000,2800
Odisha,Sundergarh,"Sargipali APMC","Green Chilli",Other,FAQ,26/07/2026,8000,8500,8200
Odisha,Sundergarh,"Sargipali APMC","Pointed gourd(Parval)","Pointed gourd (Parval)",FAQ,26/07/2026,1800,2200,2000
Keralam,Thiruvananthapuram,"Pappanchani VFPCK Market",Cucumbar(Kheera),Cucumbar,"Grade A",26/07/2026,5000,5000,5000
"Tamil Nadu",Coimbatore,"Sundarapuram(Uzhavar Sandhai )",Onion,Bellary,Local,26/07/2026,3000,3500,3250
"Tamil Nadu",Coimbatore,"Sundarapuram(Uzhavar Sandhai )",Brinjal,Other,Local,26/07/2026,5000,5500,5250
"Tamil Nadu",Coimbatore,"Sundarapuram(Uzhavar Sandhai )",Ashgourd,Gouard,Local,26/07/2026,1400,1800,1600
"Tamil Nadu",Coimbatore,"Sundarapuram(Uzhavar Sandhai )",Amaranthus,Amaranthus,Local,26/07/2026,3000,4000,3500
"Tamil Nadu",Coimbatore,"Sundarapuram(Uzhavar Sandhai )","Banana - Green","Banana - Green",Local,26/07/2026,3500,4000,3750
"Tamil Nadu",Coimbatore,"Sundarapuram(Uzhavar Sandhai )",Coconut,Coconut,Local,26/07/2026,5200,5600,5400
"Tamil Nadu",Coimbatore,"Sundarapuram(Uzhavar Sandhai )",Carrot,Pusakesar,Local,26/07/2026,9000,9500,9250
"Tamil Nadu",Coimbatore,"Sundarapuram(Uzhavar Sandhai )",Ridgeguard(Tori),Ridgeguard(Tori),Local,26/07/2026,5500,6000,5750
"Tamil Nadu",Coimbatore,"Sundarapuram(Uzhavar Sandhai )",Raddish,Raddish,Local,26/07/2026,3800,4200,4000
"Tamil Nadu",Coimbatore,"Sundarapuram(Uzhavar Sandhai )",Lemon,Lemon,Local,26/07/2026,7500,8000,7750
"West Bengal","Sounth 24 Parganas","Baruipur(Canning) APMC",Cucumbar(Kheera),Cucumbar,FAQ,26/07/2026,3300,3800,3500
"West Bengal","Sounth 24 Parganas","Baruipur(Canning) APMC","Sweet Pumpkin","Sweet Pumpkin",FAQ,26/07/2026,1900,2100,2000
Telangana,Hanumakonda,"Excise Colony,RBZ ","Bhindi(Ladies Finger)",Other,"Grade A",26/07/2026,3000,3000,3000
Telangana,Hanumakonda,"Excise Colony,RBZ ",Ridgeguard(Tori),Other,"Grade A",26/07/2026,5000,5000,5000
Telangana,Hanumakonda,"Excise Colony,RBZ ","Little gourd(Kundru)",Other,"Grade A",26/07/2026,3600,3600,3600
"Uttar Pradesh",Saharanpur,"Gangoh APMC",Paddy(Common),Basmati,FAQ,26/07/2026,3000,3700,3515.94
"Tamil Nadu",Coimbatore,"Mettupalayam(Uzhavar Sandhai )",Potato,"Red Nanital",Local,26/07/2026,4000,7000,5500
"Tamil Nadu",Coimbatore,"Mettupalayam(Uzhavar Sandhai )",Banana,Besrai,Local,26/07/2026,4000,8000,6000
"Tamil Nadu",Coimbatore,"Mettupalayam(Uzhavar Sandhai )",Coriander(Leaves),"I Sort",Local,26/07/2026,6000,7000,6500
"Tamil Nadu",Coimbatore,"Mettupalayam(Uzhavar Sandhai )","Cluster beans","Cluster Beans",Local,26/07/2026,3000,3500,3250
"Tamil Nadu",Coimbatore,"Mettupalayam(Uzhavar Sandhai )",Cowpea(Veg),"Cowpea (Veg)",Local,26/07/2026,3000,3500,3250
"Tamil Nadu",Coimbatore,"Mettupalayam(Uzhavar Sandhai )",Tapioca,Tapioca,Local,26/07/2026,3000,3500,3250
"Tamil Nadu",Coimbatore,"Mettupalayam(Uzhavar Sandhai )","Sweet Potato","Hosur Red",Local,26/07/2026,3500,4000,3750
"Tamil Nadu",Coimbatore,"Mettupalayam(Uzhavar Sandhai )",Capsicum,Capsicum,Local,26/07/2026,7000,9000,8000
"Tamil Nadu",Coimbatore,"Mettupalayam(Uzhavar Sandhai )",Drumstick,Drumstick,Local,26/07/2026,4500,5000,4750
"Tamil Nadu",Coimbatore,"Mettupalayam(Uzhavar Sandhai )",Lemon,Lemon,Local,26/07/2026,6500,7500,7000
"Tamil Nadu",Coimbatore,"Mettupalayam(Uzhavar Sandhai )","Onion Green","Onion Green",Local,26/07/2026,5500,5800,5650
"Tamil Nadu",Coimbatore,"Mettupalayam(Uzhavar Sandhai )","Baby Corn","Baby Corn","Grade A",26/07/2026,2500,3000,2750
"Tamil Nadu",Erode,"Sathiyamagalam(Uzhavar Sandhai )",Potato,Other,Local,26/07/2026,3500,4000,3750
"Tamil Nadu",Erode,"Sathiyamagalam(Uzhavar Sandhai )","Bitter gourd",Other,Local,26/07/2026,5500,6000,5750
"Tamil Nadu",Erode,"Sathiyamagalam(Uzhavar Sandhai )",Carrot,Pusakesar,Local,26/07/2026,8000,8400,8200
Telangana,Hyderabad,"RYTHU BAZAR MEHDIPATNAM","Field Pea","Field Pea","Grade A",26/07/2026,3500,3500,3500
Telangana,Hyderabad,"RYTHU BAZAR MEHDIPATNAM","Other green and fresh vegetables",Other,"Grade A",26/07/2026,2500,2500,2500
Telangana,Hyderabad,"RYTHU BAZAR MEHDIPATNAM",Potato,Potato,"Grade A",26/07/2026,1800,1800,1800
Telangana,Hyderabad,"RYTHU BAZAR MEHDIPATNAM",Tomato,Deshi,"Grade A",26/07/2026,1700,1700,1700
"Uttar Pradesh","Kanpur Dehat","Pukharayan APMC",Peas(Dry),Other,FAQ,26/07/2026,4000,4000,4000
"Tamil Nadu",Namakkal,"Tiruchengode APMC",Onion,Bellary,Local,26/07/2026,4000,4500,4250
"Tamil Nadu",Namakkal,"Tiruchengode APMC",Cauliflower,Ranchi,Local,26/07/2026,2500,3000,2750
"Tamil Nadu",Namakkal,"Tiruchengode APMC",Brinjal,Other,Local,26/07/2026,5400,6000,5700
"Tamil Nadu",Namakkal,"Tiruchengode APMC","Bitter gourd",Other,Local,26/07/2026,6200,7000,6600
"Tamil Nadu",Namakkal,"Tiruchengode APMC",Amaranthus,Amaranthus,Local,26/07/2026,3500,4000,3750
"Tamil Nadu",Namakkal,"Tiruchengode APMC",Beetroot,Beetroot,Local,26/07/2026,9000,10000,9500
"Tamil Nadu",Namakkal,"Tiruchengode APMC","Chow Chow","Chow Chow",Local,26/07/2026,2600,3000,2800
"Tamil Nadu",Namakkal,"Tiruchengode APMC",Lemon,Lemon,Local,26/07/2026,4500,5000,4750
"Tamil Nadu",Namakkal,"Tiruchengode APMC","Onion Green","Onion Green",Local,26/07/2026,4500,5000,4750
"Uttar Pradesh",Badaun,"Dataganj APMC",Wheat,Dara,FAQ,26/07/2026,2450,2450,2450
"Tamil Nadu",Ariyalur,"Jeyankondam (Uzhavar Sandhai )",Potato,"Red Nanital",Local,26/07/2026,3800,4200,4000
"Tamil Nadu",Ariyalur,"Jeyankondam (Uzhavar Sandhai )",Snakeguard,Snakeguard,Local,26/07/2026,3000,3600,3300
"Tamil Nadu",Coimbatore,"RSPuram(Uzhavar Sandhai )",Potato,Other,Local,26/07/2026,7000,7500,7250
"Tamil Nadu",Coimbatore,"RSPuram(Uzhavar Sandhai )",Apple,American,Local,26/07/2026,20000,27000,23500
"Tamil Nadu",Coimbatore,"RSPuram(Uzhavar Sandhai )",Banana,"Red Banana",Local,26/07/2026,7400,7800,7600
"Tamil Nadu",Coimbatore,"RSPuram(Uzhavar Sandhai )",Papaya,Papaya,Local,26/07/2026,3800,4200,4000
"Tamil Nadu",Coimbatore,"RSPuram(Uzhavar Sandhai )","Bitter gourd",Other,Local,26/07/2026,6000,6500,6250
"Tamil Nadu",Coimbatore,"RSPuram(Uzhavar Sandhai )","Bottle gourd","Bottle Gourd",Local,26/07/2026,2200,2800,2500
"Tamil Nadu",Coimbatore,"RSPuram(Uzhavar Sandhai )","Bhindi(Ladies Finger)",Bhindi,Local,26/07/2026,4400,4800,4600
"Tamil Nadu",Coimbatore,"RSPuram(Uzhavar Sandhai )","Green Chilli","Green Chilly",Local,26/07/2026,4400,4800,4600
"Tamil Nadu",Coimbatore,"RSPuram(Uzhavar Sandhai )","Banana - Green","Banana - Green",Local,26/07/2026,3500,3800,3650
"Tamil Nadu",Coimbatore,"RSPuram(Uzhavar Sandhai )",Tapioca,Tapioca,Local,26/07/2026,2400,3000,2700
"Tamil Nadu",Coimbatore,"RSPuram(Uzhavar Sandhai )",Cucumbar(Kheera),Cucumbar,Local,26/07/2026,3400,3800,3600
"Tamil Nadu",Coimbatore,"RSPuram(Uzhavar Sandhai )",Raddish,Raddish,Local,26/07/2026,3600,4400,4000
"Tamil Nadu",Coimbatore,"RSPuram(Uzhavar Sandhai )",Capsicum,Capsicum,Local,26/07/2026,7000,7600,7300
"Tamil Nadu",Coimbatore,"RSPuram(Uzhavar Sandhai )","Green Avare(W)",Other,Local,26/07/2026,5000,6000,5500
"Tamil Nadu",Coimbatore,"RSPuram(Uzhavar Sandhai )","Karbuja(Musk Melon)",Karbhuja,Local,26/07/2026,2500,3000,2750
"Tamil Nadu",Coimbatore,"Singanallur(Uzhavar Sandhai )",Banana,Karpura,Local,26/07/2026,4000,7800,5900
"Tamil Nadu",Coimbatore,"Singanallur(Uzhavar Sandhai )",Brinjal,Round,Local,26/07/2026,5000,6000,5500
"Tamil Nadu",Coimbatore,"Singanallur(Uzhavar Sandhai )","Cluster beans","Cluster Beans",Local,26/07/2026,3500,4000,3750
"Tamil Nadu",Coimbatore,"Singanallur(Uzhavar Sandhai )","Bottle gourd","Bottle Gourd",Local,26/07/2026,2800,3200,3000
"Tamil Nadu",Coimbatore,"Singanallur(Uzhavar Sandhai )","Green Chilli","Green Chilly",Local,26/07/2026,4500,5000,4750
"Tamil Nadu",Coimbatore,"Singanallur(Uzhavar Sandhai )",Cowpea(Veg),"Cowpea (Veg)",Local,26/07/2026,3500,4000,3750
"Tamil Nadu",Coimbatore,"Singanallur(Uzhavar Sandhai )","Sweet Potato","Hosur Red",Local,26/07/2026,4500,5000,4750
"Tamil Nadu",Coimbatore,"Singanallur(Uzhavar Sandhai )",Cabbage,Cabbage,Local,26/07/2026,4000,4500,4250
"Tamil Nadu",Coimbatore,"Singanallur(Uzhavar Sandhai )",Ridgeguard(Tori),Ridgeguard(Tori),Local,26/07/2026,6000,6500,6250
"Tamil Nadu",Coimbatore,"Singanallur(Uzhavar Sandhai )","Knool Khol","Knool Khol",Local,26/07/2026,5000,5500,5250
"Tamil Nadu",Coimbatore,"Singanallur(Uzhavar Sandhai )",Lime,Lime,Local,26/07/2026,16000,17000,16500
"Tamil Nadu",Coimbatore,"Pollachi(Uzhavar Sandhai )",Banana,"Red Banana",Local,26/07/2026,7000,8000,7500
"Tamil Nadu",Coimbatore,"Pollachi(Uzhavar Sandhai )",Brinjal,Other,Local,26/07/2026,5000,5500,5250
"Tamil Nadu",Coimbatore,"Pollachi(Uzhavar Sandhai )",Papaya,Papaya,Local,26/07/2026,3000,3500,3250
"Tamil Nadu",Coimbatore,"Pollachi(Uzhavar Sandhai )","Cluster beans","Cluster Beans",Local,26/07/2026,4000,4500,4250
"Tamil Nadu",Coimbatore,"Pollachi(Uzhavar Sandhai )",Amaranthus,Amaranthus,Local,26/07/2026,3000,4000,3500
"Tamil Nadu",Coimbatore,"Pollachi(Uzhavar Sandhai )","Green Chilli","Green Chilly",Local,26/07/2026,4500,5000,4750
"Tamil Nadu",Coimbatore,"Pollachi(Uzhavar Sandhai )",Carrot,Pusakesar,Local,26/07/2026,8000,9000,8500
"Tamil Nadu",Coimbatore,"Pollachi(Uzhavar Sandhai )","Chow Chow","Chow Chow",Local,26/07/2026,3000,3500,3250
"Tamil Nadu",Coimbatore,"Pollachi(Uzhavar Sandhai )",Mashrooms,Mashrooms,Local,26/07/2026,18000,20000,19000
"Tamil Nadu",Coimbatore,"Pollachi(Uzhavar Sandhai )","Onion Green","Onion Green",Local,26/07/2026,5500,6000,5750
"Uttar Pradesh",Mahoba,"Charkhari APMC","Gram Raw(Chholia)",Other,FAQ,26/07/2026,5000,5000,5000
"Uttar Pradesh",Lucknow,"Banthara APMC","Masur Dal",Other,FAQ,26/07/2026,8734,8734,8734
"Uttar Pradesh",Lucknow,"Banthara APMC","Sesamum(Sesame,Gingelly,Til)",Other,FAQ,26/07/2026,23860,23860,23860
"Uttar Pradesh",Lucknow,"Banthara APMC","Dal Mix",Other,FAQ,26/07/2026,10512.4,11554.4,10942.04
"Uttar Pradesh",Lucknow,"Banthara APMC",Rice,Common,FAQ,26/07/2026,5772.62,22537.5,6322.34
"Uttar Pradesh",Lucknow,"Banthara APMC",Wheat,Dara,FAQ,26/07/2026,2503,2650,2544.92
"Uttar Pradesh",Lucknow,"Banthara APMC",Makhana(Foxnut),Other,FAQ,26/07/2026,92580.2,92580.2,92580.2
"Andhra Pradesh",Vijayanagaram,"Vijayanagaram APMC",Maize,Local,Local,26/07/2026,2400,2400,2400
Odisha,Sonepur,"Pandkital APMC",Tomato,Other,Local,26/07/2026,4000,4500,4200
"Uttar Pradesh",Agra,"Khairagarh APMC",Wheat,Dara,FAQ,26/07/2026,2475,2525,2500
"Uttar Pradesh",Farukhabad,"Kamlaganj APMC",Maize,Other,FAQ,26/07/2026,2100,2100,2100
"Uttar Pradesh",Muzaffarnagar,"Khatauli APMC",Potato,Other,FAQ,26/07/2026,600,600,600
Chandigarh,Chandigarh,"Chandigarh (Grain/F&V) APMC","Mousambi(Sweet Lime)",Mousambi,Medium,26/07/2026,2500,6000,5000
Chandigarh,Chandigarh,"Chandigarh (Grain/F&V) APMC",Brinjal,Brinjal,Local,26/07/2026,1000,2000,1600
Chandigarh,Chandigarh,"Chandigarh (Grain/F&V) APMC",Carrot,Carrot,FAQ,26/07/2026,1500,2500,2000
Chandigarh,Chandigarh,"Chandigarh (Grain/F&V) APMC",Onion,Onion,FAQ,26/07/2026,1400,2700,2500
Telangana,"Ranga Reddy","Vanasthalipuram,RBZ ","Ladies Finger","Ladies Finger",Local,26/07/2026,4000,4000,4000
Telangana,"Ranga Reddy","Vanasthalipuram,RBZ ",Cauliflower,Cauliflower,Local,26/07/2026,1800,1800,1800
Telangana,"Ranga Reddy","Vanasthalipuram,RBZ ",Cabbage,Cabbage,Local,26/07/2026,2100,2100,2100
Telangana,"Ranga Reddy","Vanasthalipuram,RBZ ",Onion,Onion,Local,26/07/2026,3000,3000,3000
Telangana,"Ranga Reddy","Vanasthalipuram,RBZ ",Cucumbar(Kheera),Other,Local,26/07/2026,2200,2200,2200
"Tamil Nadu",Karur,"Karur(Uzhavar Sandhai )",Cauliflower,Ranchi,Local,26/07/2026,3500,4000,3750
"Tamil Nadu",Karur,"Karur(Uzhavar Sandhai )","Cluster beans","Cluster Beans",Local,26/07/2026,3500,4000,3750
"Tamil Nadu",Karur,"Karur(Uzhavar Sandhai )",Pumpkin,Pumpkin,Local,26/07/2026,2300,2800,2550
"Tamil Nadu",Karur,"Karur(Uzhavar Sandhai )","Bhindi(Ladies Finger)",Bhindi,Local,26/07/2026,3500,4000,3750
"Tamil Nadu",Karur,"Karur(Uzhavar Sandhai )",Amaranthus,Amaranthus,Local,26/07/2026,2000,2500,2250
"Tamil Nadu",Karur,"Karur(Uzhavar Sandhai )","Green Chilli","Green Chilly",Local,26/07/2026,5000,6000,5500
"Tamil Nadu",Karur,"Karur(Uzhavar Sandhai )",Beetroot,Beetroot,Local,26/07/2026,9500,10000,9750
"Tamil Nadu",Karur,"Karur(Uzhavar Sandhai )","Chow Chow","Chow Chow",Local,26/07/2026,3500,4000,3750
"Tamil Nadu",Karur,"Karur(Uzhavar Sandhai )","Knool Khol","Knool Khol",Local,26/07/2026,5500,6000,5750
"Tamil Nadu",Karur,"Karur(Uzhavar Sandhai )",Colacasia,Colacasia,Local,26/07/2026,5500,6000,5750
"Tamil Nadu",Karur,"Karur(Uzhavar Sandhai )","Onion Green","Onion Green",Local,26/07/2026,6000,6500,6250
"Tamil Nadu",Karur,"Karur(Uzhavar Sandhai )",Mint(Pudina),Mint(Pudina),Local,26/07/2026,6500,7000,6750
"Tamil Nadu",Coimbatore,"Kurichi(Uzhavar Sandhai )",Brinjal,Other,Local,26/07/2026,5500,6000,5750
"Tamil Nadu",Coimbatore,"Kurichi(Uzhavar Sandhai )",Pumpkin,Pumpkin,Local,26/07/2026,1400,1800,1600
"Tamil Nadu",Coimbatore,"Kurichi(Uzhavar Sandhai )",Amaranthus,Amaranthus,Local,26/07/2026,3000,4000,3500
"Tamil Nadu",Coimbatore,"Kurichi(Uzhavar Sandhai )","Banana - Green","Banana - Green",Local,26/07/2026,3500,4000,3750
"Tamil Nadu",Coimbatore,"Kurichi(Uzhavar Sandhai )",Tapioca,Tapioca,Local,26/07/2026,3000,3500,3250
"Tamil Nadu",Coimbatore,"Kurichi(Uzhavar Sandhai )",Snakeguard,Snakeguard,Local,26/07/2026,3000,3500,3250
"Tamil Nadu",Coimbatore,"Kurichi(Uzhavar Sandhai )",Raddish,Raddish,Local,26/07/2026,3800,4200,4000
"Tamil Nadu",Coimbatore,"Kurichi(Uzhavar Sandhai )",Mango(Raw-Ripe),"Mango - Raw-Ripe",Local,26/07/2026,3500,4000,3750
"Tamil Nadu",Cuddalore,"Chidambaram(Uzhavar Sandhai )",Banana,Besrai,Local,26/07/2026,4000,4000,4000
"Tamil Nadu",Cuddalore,"Chidambaram(Uzhavar Sandhai )",Brinjal,Round,Local,26/07/2026,5000,6000,5500
"Tamil Nadu",Cuddalore,"Chidambaram(Uzhavar Sandhai )","Onion Green","Onion Green",Local,26/07/2026,6000,6000,6000
"Tamil Nadu",Cuddalore,"Cuddalore(Uzhavar Sandhai )",Potato,"Red Nanital",Local,26/07/2026,3000,3500,3250
"Tamil Nadu",Cuddalore,"Cuddalore(Uzhavar Sandhai )","Bhindi(Ladies Finger)",Bhindi,Local,26/07/2026,3500,3500,3500
"Tamil Nadu",Cuddalore,"Cuddalore(Uzhavar Sandhai )",Amaranthus,Amaranthus,Local,26/07/2026,2000,3000,2500
"Tamil Nadu",Cuddalore,"Cuddalore(Uzhavar Sandhai )","Banana - Green","Banana - Green",Local,26/07/2026,2000,3000,2500
"Tamil Nadu",Cuddalore,"Cuddalore(Uzhavar Sandhai )","Sweet Potato","Hosur Red",Local,26/07/2026,4000,4000,4000
"Tamil Nadu",Cuddalore,"Cuddalore(Uzhavar Sandhai )",Carrot,Pusakesar,Local,26/07/2026,7000,7000,7000
"Tamil Nadu",Cuddalore,"Cuddalore(Uzhavar Sandhai )",Capsicum,Capsicum,Local,26/07/2026,8000,8000,8000
"Tamil Nadu",Cuddalore,"Cuddalore(Uzhavar Sandhai )",Drumstick,Drumstick,Local,26/07/2026,6000,6000,6000
"Tamil Nadu",Cuddalore,"Cuddalore(Uzhavar Sandhai )","Onion Green","Onion Green",Local,26/07/2026,6000,7000,6500
"Tamil Nadu",Chengalpattu,"Thirukalukundram(Uzhavar Sandhai )","Water Melon","Water Melon",Local,26/07/2026,2500,3000,2750
"Tamil Nadu",Chengalpattu,"Thirukalukundram(Uzhavar Sandhai )",Cabbage,Cabbage,Local,26/07/2026,3000,3500,3250
"Tamil Nadu",Chengalpattu,"Thirukalukundram(Uzhavar Sandhai )",Snakeguard,Snakeguard,Local,26/07/2026,4000,4500,4250
"Tamil Nadu",Chengalpattu,"Thirukalukundram(Uzhavar Sandhai )",Thondekai,Thondekai,Local,26/07/2026,4200,5000,4600
"Tamil Nadu",Tuticorin,"Tuticorin(Uzhavar Sandhai )",Orange,Darjeeling,Local,26/07/2026,9000,10000,9500
"Tamil Nadu",Tuticorin,"Tuticorin(Uzhavar Sandhai )",Mango,Safeda,Local,26/07/2026,4000,5000,4500
"Tamil Nadu",Tuticorin,"Tuticorin(Uzhavar Sandhai )",Pumpkin,Pumpkin,Local,26/07/2026,1500,2000,1750
"Tamil Nadu",Tuticorin,"Tuticorin(Uzhavar Sandhai )",Tapioca,Tapioca,Local,26/07/2026,3000,3500,3250
"Tamil Nadu",Tuticorin,"Tuticorin(Uzhavar Sandhai )",Carrot,Pusakesar,Local,26/07/2026,9000,10000,9500
"Tamil Nadu",Tuticorin,"Tuticorin(Uzhavar Sandhai )",Cabbage,Cabbage,Local,26/07/2026,3500,4000,3750
"Tamil Nadu",Tuticorin,"Tuticorin(Uzhavar Sandhai )",Snakeguard,Snakeguard,Local,26/07/2026,4500,5000,4750
"Tamil Nadu",Tuticorin,"Tuticorin(Uzhavar Sandhai )",Beetroot,Beetroot,Local,26/07/2026,5000,6000,5500
"Tamil Nadu",Tuticorin,"Tuticorin(Uzhavar Sandhai )",Cucumbar(Kheera),Cucumbar,Local,26/07/2026,4500,5000,4750
"Tamil Nadu",Tuticorin,"Tuticorin(Uzhavar Sandhai )",Thondekai,Thondekai,Local,26/07/2026,4500,5000,4750
"Tamil Nadu",Tuticorin,"Tuticorin(Uzhavar Sandhai )",Capsicum,Capsicum,Local,26/07/2026,7500,8000,7750
"Tamil Nadu",Tuticorin,"Tuticorin(Uzhavar Sandhai )","Jack Fruit(Ripe)","Jack Fruit",Local,26/07/2026,5000,6000,5500
"Tamil Nadu",Tuticorin,"Tuticorin(Uzhavar Sandhai )",Pomegranate,Pomogranate,Local,26/07/2026,19000,20000,19500
"Tamil Nadu",Tuticorin,"Tuticorin(Uzhavar Sandhai )",Lemon,Lemon,Local,26/07/2026,6500,7000,6750
"Tamil Nadu",Tuticorin,"Tuticorin(Uzhavar Sandhai )",Mashrooms,Mashrooms,Local,26/07/2026,24000,25000,24500
Bihar,"East Champaran/ Motihari","Motihari APMC",Potato,Other,"Grade A",26/07/2026,1100,1300,1200
Assam,Tinsukia,"Tinsukia Market",Tomato,Tomato,FAQ,26/07/2026,3000,5000,4000
Assam,Tinsukia,"Tinsukia Market",Carrot,Carrot,FAQ,26/07/2026,6000,8000,7000
Assam,Tinsukia,"Tinsukia Market",Pumpkin,Other,FAQ,26/07/2026,1800,2000,1900
Assam,Tinsukia,"Tinsukia Market",Ridgeguard(Tori),Ridgeguard(Tori),FAQ,26/07/2026,4000,4400,4200
"Tamil Nadu","Nagercoil (Kannyiakumari)","Vadaseri APMC",Banana,Besrai,Local,26/07/2026,4500,5000,4750
"Tamil Nadu","Nagercoil (Kannyiakumari)","Vadaseri APMC","Bhindi(Ladies Finger)",Bhindi,Local,26/07/2026,4500,5000,4750
"Tamil Nadu","Nagercoil (Kannyiakumari)","Vadaseri APMC","Sweet Potato","Hosur Red",Local,26/07/2026,3500,4000,3750
"Tamil Nadu","Nagercoil (Kannyiakumari)","Vadaseri APMC","Elephant Yam(Suran)/Amorphophallus","Elephant Yam (Suran)",Local,26/07/2026,4500,5000,4750
"Tamil Nadu","Nagercoil (Kannyiakumari)","Vadaseri APMC","Amla(Nelli Kai)",Amla,Local,26/07/2026,5500,6000,5750
"Tamil Nadu",Pudukkottai,"Karambakkudi(Uzhavar Sandhai )","Bhindi(Ladies Finger)",Bhindi,Local,26/07/2026,3500,4000,3750
"Tamil Nadu",Pudukkottai,"Karambakkudi(Uzhavar Sandhai )","Green Chilli","Green Chilly",Local,26/07/2026,5000,6000,5500
Maharashtra,Ahilyanagar,"Rahata APMC","Bitter gourd",Other,Local,26/07/2026,1500,2500,2000
"Tamil Nadu",Vellore,"Thirupathur APMC",Onion,Bellary,Local,26/07/2026,3700,3700,3700
"Tamil Nadu",Vellore,"Thirupathur APMC",Potato,"Red Nanital",Local,26/07/2026,3000,3000,3000
"Tamil Nadu",Vellore,"Thirupathur APMC",Garlic,Garlic,Local,26/07/2026,24000,24000,24000
"Tamil Nadu",Vellore,"Thirupathur APMC",Banana,Besrai,Local,26/07/2026,4000,4000,4000
"Tamil Nadu",Vellore,"Thirupathur APMC","Green Peas","Green Peas",Local,26/07/2026,11000,11000,11000
"Tamil Nadu",Vellore,"Thirupathur APMC",Chikoos(Sapota),Sapota,Local,26/07/2026,4000,4000,4000
"Tamil Nadu",Vellore,"Thirupathur APMC",Tomato,Deshi,Local,26/07/2026,2000,2000,2000
"Tamil Nadu",Vellore,"Thirupathur APMC","Bhindi(Ladies Finger)",Bhindi,Local,26/07/2026,3000,3000,3000
"Tamil Nadu",Vellore,"Thirupathur APMC",Snakeguard,Snakeguard,Local,26/07/2026,3000,3000,3000
"Tamil Nadu",Vellore,"Thirupathur APMC",Ridgeguard(Tori),Ridgeguard(Tori),Local,26/07/2026,4000,4000,4000
"Tamil Nadu",Vellore,"Thirupathur APMC","Chow Chow","Chow Chow",Local,26/07/2026,2500,2500,2500
"Tamil Nadu",Vellore,"Thirupathur APMC",Drumstick,Drumstick,Local,26/07/2026,7000,7000,7000
"Tamil Nadu",Vellore,"Thirupathur APMC",Mango(Raw-Ripe),"Mango - Raw-Ripe",Local,26/07/2026,2000,2000,2000
"Tamil Nadu",Vellore,"Thirupathur APMC","Knool Khol","Knool Khol",Local,26/07/2026,5500,5500,5500
"Tamil Nadu",Vellore,"Thirupathur APMC",Guava,"Guava Allahabad",Local,26/07/2026,5000,5000,5000
"Tamil Nadu",Vellore,"Thirupathur APMC","Indian Beans(Seam)","Indian Beans (Seam)",Local,26/07/2026,6000,6000,6000
"Tamil Nadu",Vellore,"Vellore APMC",Groundnut,"Big (With Shell)",Local,26/07/2026,8000,8000,8000
"Tamil Nadu",Vellore,"Vellore APMC",Coriander(Leaves),"I Sort",Local,26/07/2026,5500,5500,5500
"Tamil Nadu",Vellore,"Vellore APMC",Papaya,Papaya,Local,26/07/2026,3000,3500,3250
"Tamil Nadu",Vellore,"Vellore APMC",Tomato,Deshi,Local,26/07/2026,1400,1600,1500
"Tamil Nadu",Vellore,"Vellore APMC","Sweet Potato","Hosur Red",Local,26/07/2026,2500,3000,2750
"Tamil Nadu",Vellore,"Vellore APMC",Cucumbar(Kheera),Cucumbar,Local,26/07/2026,4000,4500,4250
"Tamil Nadu",Vellore,"Vellore APMC",Capsicum,Capsicum,Local,26/07/2026,6000,6000,6000
"Tamil Nadu",Vellore,"Vellore APMC","Knool Khol","Knool Khol",Local,26/07/2026,3000,3500,3250
"Tamil Nadu",Vellore,"Vellore APMC",Jasmine,Jasmine,Local,26/07/2026,75000,80000,77500
"Tamil Nadu",Vellore,"Vellore APMC",Lemon,Lemon,Local,26/07/2026,7000,7000,7000
Bihar,Sheikhpura,"Shekhpura APMC",Cucumbar(Kheera),Cucumbar,FAQ,26/07/2026,3015,3155,3075
Bihar,"East Champaran/ Motihari","Chakia APMC",Brinjal,"Arkasheela Mattigulla","Grade A",26/07/2026,2300,2500,2400
"Tamil Nadu",Dharmapuri,"Harur(Uzhavar Sandhai )",Cauliflower,Ranchi,Local,26/07/2026,3500,4000,3750
"Tamil Nadu",Dharmapuri,"Harur(Uzhavar Sandhai )",Tomato,Local,Local,26/07/2026,1500,2000,1750
"Tamil Nadu",Dharmapuri,"Harur(Uzhavar Sandhai )",Pumpkin,Pumpkin,Local,26/07/2026,1400,1600,1500
"Tamil Nadu",Dharmapuri,"Harur(Uzhavar Sandhai )",Beans,"Beans (Whole)",Local,26/07/2026,7000,8000,7500
"Tamil Nadu",Dharmapuri,"Harur(Uzhavar Sandhai )",Ginger(Green),"Green Ginger",Local,26/07/2026,15000,18000,16500
"Tamil Nadu",Dharmapuri,"Harur(Uzhavar Sandhai )",Coconut,Coconut,Local,26/07/2026,5000,6000,5500
"Tamil Nadu",Dharmapuri,"Harur(Uzhavar Sandhai )",Carrot,Pusakesar,Local,26/07/2026,8000,9000,8500
"Tamil Nadu",Dharmapuri,"Harur(Uzhavar Sandhai )",Cabbage,Cabbage,Local,26/07/2026,3500,4000,3750
"Tamil Nadu",Krishnagiri,"Kaveripattinam(Uzhavar Sandhai )","Bitter gourd","Bitter Gourd",Local,26/07/2026,6000,6000,6000
"Tamil Nadu",Krishnagiri,"Kaveripattinam(Uzhavar Sandhai )",Pumpkin,Pumpkin,Local,26/07/2026,2500,2500,2500
"Tamil Nadu",Krishnagiri,"Kaveripattinam(Uzhavar Sandhai )","Bhindi(Ladies Finger)",Bhindi,Local,26/07/2026,3500,3500,3500
"Tamil Nadu",Krishnagiri,"Kaveripattinam(Uzhavar Sandhai )","Banana - Green","Banana - Green",Local,26/07/2026,2500,3000,2750
"Tamil Nadu",Krishnagiri,"Kaveripattinam(Uzhavar Sandhai )",Beans,"Beans (Whole)",Local,26/07/2026,8000,8000,8000
"Tamil Nadu","The Nilgiris","Coonoor(Uzhavar Sandhai )",Brinjal,Other,Local,26/07/2026,4400,4800,4600
"Tamil Nadu","The Nilgiris","Coonoor(Uzhavar Sandhai )",Tomato,Local,Local,26/07/2026,1800,2100,1950
"Tamil Nadu","The Nilgiris","Coonoor(Uzhavar Sandhai )","Bottle gourd","Bottle Gourd",Local,26/07/2026,2400,2800,2600
"Tamil Nadu","The Nilgiris","Coonoor(Uzhavar Sandhai )",Ashgourd,Gouard,Local,26/07/2026,1600,1800,1700
"Tamil Nadu","The Nilgiris","Coonoor(Uzhavar Sandhai )","Bhindi(Ladies Finger)",Bhindi,Local,26/07/2026,4500,4800,4650
"Tamil Nadu","The Nilgiris","Coonoor(Uzhavar Sandhai )","Banana - Green","Banana - Green",Local,26/07/2026,4500,5000,4750
"Tamil Nadu","The Nilgiris","Coonoor(Uzhavar Sandhai )",Tapioca,Tapioca,Local,26/07/2026,3500,4000,3750
"Tamil Nadu","The Nilgiris","Coonoor(Uzhavar Sandhai )",Cabbage,Cabbage,Local,26/07/2026,3000,3200,3100
"Tamil Nadu","The Nilgiris","Coonoor(Uzhavar Sandhai )",Raddish,Raddish,Local,26/07/2026,3000,3200,3100
"Tamil Nadu","The Nilgiris","Coonoor(Uzhavar Sandhai )","Green Avare(W)",Other,Local,26/07/2026,7000,7400,7200
"Tamil Nadu","The Nilgiris","Coonoor(Uzhavar Sandhai )","Onion Green","Onion Green",Local,26/07/2026,5800,6200,6000
"Tamil Nadu","The Nilgiris","Gudalur(Uzhavar Sandhai )","Bottle gourd","Bottle Gourd",Local,26/07/2026,2500,2800,2650
"Tamil Nadu","The Nilgiris","Gudalur(Uzhavar Sandhai )",Tapioca,Tapioca,Local,26/07/2026,3000,3500,3250
"Tamil Nadu","The Nilgiris","Gudalur(Uzhavar Sandhai )",Carrot,Pusakesar,Local,26/07/2026,4500,5000,4750
"Tamil Nadu","The Nilgiris","Gudalur(Uzhavar Sandhai )",Cabbage,Cabbage,Local,26/07/2026,2500,3000,2750
"Tamil Nadu","The Nilgiris","Gudalur(Uzhavar Sandhai )",Snakeguard,Snakeguard,Local,26/07/2026,3400,3800,3600
"Himachal Pradesh",Kullu,"SMY Bhuntar","Squash(Chappal Kadoo)",Other,FAQ,26/07/2026,2000,2200,2100
"Himachal Pradesh",Kullu,"SMY Bhuntar",Coriander(Leaves),Other,FAQ,26/07/2026,6000,9000,7500
"Himachal Pradesh",Kullu,"SMY Bhuntar",Peach,Other,Medium,26/07/2026,4000,7500,5500
"Himachal Pradesh",Kullu,"SMY Bhuntar","Water Melon",Other,Medium,26/07/2026,3000,3200,3100
"Himachal Pradesh",Kullu,"SMY Bhuntar",Onion,Other,FAQ,26/07/2026,3200,3400,3300
"Himachal Pradesh",Kullu,"SMY Bhuntar",Brinjal,Other,FAQ,26/07/2026,3400,3500,3450
Punjab,Tarntaran,"Patti APMC",Tomato,Other,Local,26/07/2026,1,1,1
Punjab,Tarntaran,"Patti APMC",Cauliflower,Other,Local,26/07/2026,2200,2200,2200
"Andhra Pradesh",Tirupathi,"Venkatagiri APMC",Groundnut,Balli/Habbu,FAQ,26/07/2026,5500,7200,6700
Uttarakhand,Dehradoon,"Vikasnagar APMC",Tomato,Local,Medium,26/07/2026,500,600,600
Uttarakhand,Dehradoon,"Vikasnagar APMC","Green Chilli","Green Chilly",Medium,26/07/2026,1000,2000,2000
Uttarakhand,Dehradoon,"Vikasnagar APMC",Cabbage,Cabbage,Medium,26/07/2026,400,600,600
Haryana,Faridabad,"Ballabhgarh APMC",Guava,Other,"Grade A",26/07/2026,1500,3500,2500
Haryana,Hissar,"Hansi APMC","Peas Wet",Other,FAQ,26/07/2026,8000,10000,9000
Haryana,Hissar,"Hansi APMC",Garlic,Other,FAQ,26/07/2026,10000,12000,11000
Haryana,Hissar,"Hansi APMC",Colacasia,Other,FAQ,26/07/2026,2000,2500,2250
Haryana,Hissar,"Hansi APMC",Guar,Other,FAQ,26/07/2026,5000,6000,5500
Haryana,Hissar,"Hansi APMC",Onion,Other,FAQ,26/07/2026,2500,3000,2750
Haryana,Hissar,"Hansi APMC",Raddish,Other,FAQ,26/07/2026,1000,2000,1500
Haryana,Hissar,"Hansi APMC",Ridgeguard(Tori),Other,FAQ,26/07/2026,1500,2000,1750
Uttarakhand,Udhamsinghnagar,"Jaspur(UC) APMC","Green Chilli","Green Chilly",FAQ,26/07/2026,3000,3300,3100
"Andhra Pradesh",Anakapally,"Anakapally APMC",Gur(Jaggery),Anakapalli,"Grade Range-3",26/07/2026,4250,4250,4250
Uttarakhand,Haridwar,"Bhagwanpur(Naveen Mandi Sthal) APMC",Cucumbar(Kheera),Other,"Grade A",26/07/2026,600,800,700
Uttarakhand,Haridwar,"Bhagwanpur(Naveen Mandi Sthal) APMC",Potato,Other,"Grade A",26/07/2026,560,800,680
Uttarakhand,Haridwar,"Bhagwanpur(Naveen Mandi Sthal) APMC",Mango,Other,"Grade B",26/07/2026,1200,1600,1500
